name,base_id,segment_index,source_m_path,teacher_ckpt,teacher_experiment,sr,segment_samples,pseudo_label_type,uses_real_v1_h_l_targets,apply_mixture_polarity_calibration,apply_mixture_gain_calibration,pre_mix_nmse,pre_mix_nmse_db,pre_mix_gain_error_db,pre_mix_gamma,pre_negative_mix_gamma,pre_mix_corr,polarity_flipped,mix_gamma_before_polarity,mix_corr_before_polarity,mix_gamma_after_polarity,mix_corr_after_polarity,gain_calibration_gamma,mix_nmse_db_before_gain,mix_corr_before_gain,mix_gain_error_db_before_gain,mix_nmse_db_after_gain,mix_corr_after_gain,mix_gain_error_db_after_gain,final_mix_nmse,final_mix_nmse_db,final_mix_gain_error_db,final_mix_gamma,final_negative_mix_gamma,final_mix_corr,rms_m,rms_h_pseudo,rms_l_pseudo,pseudo_h_over_l_snr_db,abs_pseudo_h_over_l_snr_db,pseudo_h_energy_fraction,pseudo_l_energy_fraction,pseudo_h_l_corr,abs_pseudo_h_l_corr,peak_m,peak_h_pseudo,peak_l_pseudo,confidence_pass,confidence_reason,all_m_pseudo_path,all_h_pseudo_path,all_l_pseudo_path,confident_m_pseudo_path,confident_h_pseudo_path,confident_l_pseudo_path
M0003_s012_orig,M0003,12,/nas/home/pcallandrone/DeepLearning/dataset/processed/M1_segmented_only/M_M0003_s012_orig.wav,/nas/home/pcallandrone/DeepLearning/outputs/checkpoints/EXP_H_FULL_TO_TORABI_FOLD2_MIXED_REPLAY005_NOAUG/finetune_fold1_best.pt,EXP_H_FULL_TO_TORABI_FOLD2_MIXED_REPLAY005_NOAUG,4000,8000,teacher_generated_not_ground_truth,False,True,True,4.445291719786634,6.479002665742754,1.1430136023990338,-0.8240202080521261,1.0,-0.9399149510539002,1.0,-0.8240202080521261,-0.9399149510539002,0.8240202080521261,0.9399149510539002,0.8240202080521261,-8.045081609134943,0.9399149510539002,1.1430136023990338,-9.334508928534136,0.939914951346269,-0.5382286790248455,0.11655988415910865,-9.334508928534136,-0.5382286790248455,1.0000000018001207,0.0,0.939914951346269,0.18045606585350366,0.11964386801077415,0.10852332503354446,0.8473470692259056,0.8473470692259056,0.5486228593176767,0.45137675742275213,0.1030770518632241,0.1030770518632241,0.8012264966964722,0.9565662741661072,0.4251083433628082,False,mix_corr<0.95;mix_nmse_db>-10.0,/nas/home/pcallandrone/DeepLearning/dataset/processed/v1_real_ssl_pseudo_from_mixed_noaug/all/M_M0003_s012_orig.wav,/nas/home/pcallandrone/DeepLearning/dataset/processed/v1_real_ssl_pseudo_from_mixed_noaug/all/H_M0003_s012_orig.wav,/nas/home/pcallandrone/DeepLearning/dataset/processed/v1_real_ssl_pseudo_from_mixed_noaug/all/L_M0003_s012_orig.wav,,,
M0004_s000_orig,M0004,0,/nas/home/pcallandrone/DeepLearning/dataset/processed/M1_segmented_only/M_M0004_s000_orig.wav,/nas/home/pcallandrone/DeepLearning/outputs/checkpoints/EXP_H_FULL_TO_TORABI_FOLD2_MIXED_REPLAY005_NOAUG/finetune_fold1_best.pt,EXP_H_FULL_TO_TORABI_FOLD2_MIXED_REPLAY005_NOAUG,4000,8000,teacher_generated_not_ground_truth,False,True,True,4.832128524942064,6.841384771302112,1.91162464288861,-0.7338078000742299,1.0,-0.9144576626679205,1.0,-0.7338078000742299,-0.9144576626679205,0.7338078000742299,0.9144576626679205,0.7338078000742299,-5.625541064830777,0.9144576626679205,1.91162464288861,-7.857731216574562,0.9144576627571779,-0.7767273951762057,0.16376718287177017,-7.857731216574562,-0.7767273951762057,0.9999999984446939,0.0,0.9144576627571779,0.1276308372227087,0.09234895726678667,0.0634232859234905,3.263665145350392,3.263665145350392,0.6795020096650288,0.3204971935763831,0.09143594544399278,0.09143594544399278,0.8888255953788757,0.676612913608551,1.0643854141235352,False,mix_corr<0.95;mix_nmse_db>-10.0,/nas/home/pcallandrone/DeepLearning/dataset/processed/v1_real_ssl_pseudo_from_mixed_noaug/all/M_M0004_s000_orig.wav,/nas/home/pcallandrone/DeepLearning/dataset/processed/v1_real_ssl_pseudo_from_mixed_noaug/all/H_M0004_s000_orig.wav,/nas/home/pcallandrone/DeepLearning/dataset/processed/v1_real_ssl_pseudo_from_mixed_noaug/all/L_M0004_s000_orig.wav,,,
M0004_s001_orig,M0004,1,/nas/home/pcallandrone/DeepLearning/dataset/processed/M1_segmented_only/M_M0004_s001_orig.wav,/nas/home/pcallandrone/DeepLearning/outputs/checkpoints/EXP_H_FULL_TO_TORABI_FOLD2_MIXED_REPLAY005_NOAUG/finetune_fold1_best.pt,EXP_H_FULL_TO_TORABI_FOLD2_MIXED_REPLAY005_NOAUG,4000,8000,teacher_generated_not_ground_truth,False,True,True,6.239117463498865,7.951231621440935,3.8882722917837995,-0.5700416788215517,1.0,-0.8919085628191896,1.0,-0.5700416788215517,-0.8919085628191896,0.5700416788215517,0.8919085628191896,0.5700416788215517,-1.823928022762221,0.8919085628191896,3.8882722917837995,-6.893085636282679,0.8919085620977942,-0.9935927233219343,0.20449911664691714,-6.893085636282679,-0.9935927233219343,1.0000000375958231,0.0,0.8919085620977942,0.10885971128798834,0.07102173959127578,0.060654900289342555,1.3705082496856327,1.3705082496856327,0.5782438759346721,0.4217549776857765,0.08170513250571455,0.08170513250571455,0.8888255953788757,0.6212268471717834,0.9154501557350159,False,mix_corr<0.95;mix_nmse_db>-10.0,/nas/home/pcallandrone/DeepLearning/dataset/processed/v1_real_ssl_pseudo_from_mixed_noaug/all/M_M0004_s001_orig.wav,/nas/home/pcallandrone/DeepLearning/dataset/processed/v1_real_ssl_pseudo_from_mixed_noaug/all/H_M0004_s001_orig.wav,/nas/home/pcallandrone/DeepLearning/dataset/processed/v1_real_ssl_pseudo_from_mixed_noaug/all/L_M0004_s001_orig.wav,,,
M0004_s002_orig,M0004,2,/nas/home/pcallandrone/DeepLearning/dataset/processed/M1_segmented_only/M_M0004_s002_orig.wav,/nas/home/pcallandrone/DeepLearning/outputs/checkpoints/EXP_H_FULL_TO_TORABI_FOLD2_MIXED_REPLAY005_NOAUG/finetune_fold1_best.pt,EXP_H_FULL_TO_TORABI_FOLD2_MIXED_REPLAY005_NOAUG,4000,8000,teacher_generated_not_ground_truth,False,True,True,5.803524192819066,7.636917991992442,3.2457117212655517,-0.6375189508822551,1.0,-0.9263578202608617,1.0,-0.6375189508822551,-0.9263578202608617,0.6375189508822551,0.9263578202608617,0.6375189508822551,-3.7749184912632243,0.9263578202608617,3.2457117212655517,-8.48136404262017,0.9263578200376357,-0.6644241561173286,0.14186118906541773,-8.48136404262017,-0.6644241561173286,1.000000016500212,0.0,0.9263578200376357,0.1146422338658942,0.0815898634487608,0.058886161694412936,2.8324591826498486,2.8324591826498486,0.6575049179550067,0.34249409434149275,0.12008606619646643,0.12008606619646643,0.8888255953788757,0.6764972805976868,0.8496189117431641,False,mix_corr<0.95;mix_nmse_db>-10.0,/nas/home/pcallandrone/DeepLearning/dataset/processed/v1_real_ssl_pseudo_from_mixed_noaug/all/M_M0004_s002_orig.wav,/nas/home/pcallandrone/DeepLearning/dataset/processed/v1_real_ssl_pseudo_from_mixed_noaug/all/H_M0004_s002_orig.wav,/nas/home/pcallandrone/DeepLearning/dataset/processed/v1_real_ssl_pseudo_from_mixed_noaug/all/L_M0004_s002_orig.wav,,,
M0004_s003_orig,M0004,3,/nas/home/pcallandrone/DeepLearning/dataset/processed/M1_segmented_only/M_M0004_s003_orig.wav,/nas/home/pcallandrone/DeepLearning/outputs/checkpoints/EXP_H_FULL_TO_TORABI_FOLD2_MIXED_REPLAY005_NOAUG/finetune_fold1_best.pt,EXP_H_FULL_TO_TORABI_FOLD2_MIXED_REPLAY005_NOAUG,4000,8000,teacher_generated_not_ground_truth,False,True,True,5.682930721977371,7.545723617905806,3.0925740766483005,-0.6487622802727016,1.0,-0.9262204739168148,1.0,-0.6487622802727016,-0.9262204739168148,0.6487622802727016,0.9262204739168148,0.6487622802727016,-4.049775743987504,0.9262204739168148,3.0925740766483005,-8.473581416834378,0.9262204733973131,-0.6657118889693252,0.14211563447632153,-8.473581416834378,-0.6657118889693252,0.9999999940343887,0.0,0.9262204733973131,0.11661546022733703,0.08301591444452461,0.0597404100007632,2.8578631457560553,2.8578631457560553,0.6588209770878447,0.34117806694118025,0.12158385144150179,0.12158385144150179,0.7916730642318726,0.585538387298584,0.841400146484375,False,mix_corr<0.95;mix_nmse_db>-10.0,/nas/home/pcallandrone/DeepLearning/dataset/processed/v1_real_ssl_pseudo_from_mixed_noaug/all/M_M0004_s003_orig.wav,/nas/home/pcallandrone/DeepLearning/dataset/processed/v1_real_ssl_pseudo_from_mixed_noaug/all/H_M0004_s003_orig.wav,/nas/home/pcallandrone/DeepLearning/dataset/processed/v1_real_ssl_pseudo_from_mixed_noaug/all/L_M0004_s003_orig.wav,,,
M0004_s004_orig,M0004,4,/nas/home/pcallandrone/DeepLearning/dataset/processed/M1_segmented_only/M_M0004_s004_orig.wav,/nas/home/pcallandrone/DeepLearning/outputs/checkpoints/EXP_H_FULL_TO_TORABI_FOLD2_MIXED_REPLAY005_NOAUG/finetune_fold1_best.pt,EXP_H_FULL_TO_TORABI_FOLD2_MIXED_REPLAY005_NOAUG,4000,8000,teacher_generated_not_ground_truth,False,True,True,7.346014103932023,8.660517578309426,4.906949017095949,-0.5251227072969588,1.0,-0.9238647358109916,1.0,-0.5251227072969588,-0.9238647358109916,0.5251227072969588,0.9238647358109916,0.5251227072969588,-0.7341162058027868,0.9238647358109916,4.906949017095949,-8.342396067182861,0.9238647356709463,-0.6878315695460956,0.1464739499444891,-8.342396067182861,-0.6878315695460956,1.0000000102170024,0.0,0.9238647356709463,0.10209222997412154,0.06795424180576932,0.0573932665297677,1.4671125593549708,1.4671125593549708,0.5836589618247409,0.4163397742365465,0.12620126658430156,0.12620126658430156,0.7736736536026001,0.5529804229736328,0.5949676036834717,False,mix_corr<0.95;mix_nmse_db>-10.0,/nas/home/pcallandrone/DeepLearning/dataset/processed/v1_real_ssl_pseudo_from_mixed_noaug/all/M_M0004_s004_orig.wav,/nas/home/pcallandrone/DeepLearning/dataset/processed/v1_real_ssl_pseudo_from_mixed_noaug/all/H_M0004_s004_orig.wav,/nas/home/pcallandrone/DeepLearning/dataset/processed/v1_real_ssl_pseudo_from_mixed_noaug/all/L_M0004_s004_orig.wav,,,
M0004_s005_orig,M0004,5,/nas/home/pcallandrone/DeepLearning/dataset/processed/M1_segmented_only/M_M0004_s005_orig.wav,/nas/home/pcallandrone/DeepLearning/outputs/checkpoints/EXP_H_FULL_TO_TORABI_FOLD2_MIXED_REPLAY005_NOAUG/finetune_fold1_best.pt,EXP_H_FULL_TO_TORABI_FOLD2_MIXED_REPLAY005_NOAUG,4000,8000,teacher_generated_not_ground_truth,False,True,True,6.119578843616255,7.867215345332687,3.6908480321688235,-0.5942567841614083,1.0,-0.9089011324622001,1.0,-0.5942567841614083,-0.9089011324622001,0.5942567841614083,0.9089011324622001,0.5942567841614083,-2.525795277958548,0.9089011324622001,3.6908480321688235,-7.597035848497202,0.9089011320686775,-0.8296667813561796,0.1738987319350047,-7.597035848497202,-0.8296667813561796,1.0000000418318515,0.0,0.9089011320686775,0.11468909114071074,0.07645151618593801,0.06399328715261665,1.5450336709627224,1.5450336709627224,0.5880123815100603,0.4119866124522172,0.09466070842109131,0.09466070842109131,0.7736736536026001,0.5544360280036926,0.6560508608818054,False,mix_corr<0.95;mix_nmse_db>-10.0,/nas/home/pcallandrone/DeepLearning/dataset/processed/v1_real_ssl_pseudo_from_mixed_noaug/all/M_M0004_s005_orig.wav,/nas/home/pcallandrone/DeepLearning/dataset/processed/v1_real_ssl_pseudo_from_mixed_noaug/all/H_M0004_s005_orig.wav,/nas/home/pcallandrone/DeepLearning/dataset/processed/v1_real_ssl_pseudo_from_mixed_noaug/all/L_M0004_s005_orig.wav,,,
M0004_s006_orig,M0004,6,/nas/home/pcallandrone/DeepLearning/dataset/processed/M1_segmented_only/M_M0004_s006_orig.wav,/nas/home/pcallandrone/DeepLearning/outputs/checkpoints/EXP_H_FULL_TO_TORABI_FOLD2_MIXED_REPLAY005_NOAUG/finetune_fold1_best.pt,EXP_H_FULL_TO_TORABI_FOLD2_MIXED_REPLAY005_NOAUG,4000,8000,teacher_generated_not_ground_truth,False,True,True,7.439567000039906,8.715476593408138,5.104390391578683,-0.4940021986297208,1.0,-0.889095771095455,1.0,-0.4940021986297208,-0.889095771095455,0.4940021986297208,0.889095771095455,0.4940021986297208,0.1655547612299753,0.889095771095455,5.104390391578683,-6.787979181893734,0.8890957711288666,-1.0210280946981436,0.2095087095237716,-6.787979181893734,-1.0210280946981436,1.0000000096870931,0.0,0.8890957711288666,0.10239087761780828,0.06225770775123981,0.06113313572193119,0.15832907412613356,0.15832907412613356,0.5091124761077306,0.4908862104001035,0.08856474283217747,0.08856474283217747,0.8780301213264465,0.5829890966415405,0.6334161162376404,False,mix_corr<0.95;mix_nmse_db>-10.0,/nas/home/pcallandrone/DeepLearning/dataset/processed/v1_real_ssl_pseudo_from_mixed_noaug/all/M_M0004_s006_orig.wav,/nas/home/pcallandrone/DeepLearning/dataset/processed/v1_real_ssl_pseudo_from_mixed_noaug/all/H_M0004_s006_orig.wav,/nas/home/pcallandrone/DeepLearning/dataset/processed/v1_real_ssl_pseudo_from_mixed_noaug/all/L_M0004_s006_orig.wav,,,
M0004_s007_orig,M0004,7,/nas/home/pcallandrone/DeepLearning/dataset/processed/M1_segmented_only/M_M0004_s007_orig.wav,/nas/home/pcallandrone/DeepLearning/outputs/checkpoints/EXP_H_FULL_TO_TORABI_FOLD2_MIXED_REPLAY005_NOAUG/finetune_fold1_best.pt,EXP_H_FULL_TO_TORABI_FOLD2_MIXED_REPLAY005_NOAUG,4000,8000,teacher_generated_not_ground_truth,False,True,True,6.384176427901258,8.05104880317177,4.0501721135663455,-0.5594290152286882,1.0,-0.8917717275043424,1.0,-0.5594290152286882,-0.8917717275043424,0.5594290152286882,0.8917717275043424,0.5594290152286882,-1.561614569166518,0.8917717275043424,4.0501721135663455,-6.887905405422399,0.8917717267666839,-0.9949255241133319,0.20474318713922054,-6.887905405422399,-0.9949255241133319,1.0000000469292394,0.0,0.8917717267666839,0.11137848340378229,0.07042106233197461,0.06443392836180822,0.7717592478503787,0.7717592478503787,0.5443088941513212,0.4556900082583133,0.08313476127971631,0.08313476127971631,0.8780301213264465,0.6012864708900452,0.6621437668800354,False,mix_corr<0.95;mix_nmse_db>-10.0,/nas/home/pcallandrone/DeepLearning/dataset/processed/v1_real_ssl_pseudo_from_mixed_noaug/all/M_M0004_s007_orig.wav,/nas/home/pcallandrone/DeepLearning/dataset/processed/v1_real_ssl_pseudo_from_mixed_noaug/all/H_M0004_s007_orig.wav,/nas/home/pcallandrone/DeepLearning/dataset/processed/v1_real_ssl_pseudo_from_mixed_noaug/all/L_M0004_s007_orig.wav,,,
M0004_s008_orig,M0004,8,/nas/home/pcallandrone/DeepLearning/dataset/processed/M1_segmented_only/M_M0004_s008_orig.wav,/nas/home/pcallandrone/DeepLearning/outputs/checkpoints/EXP_H_FULL_TO_TORABI_FOLD2_MIXED_REPLAY005_NOAUG/finetune_fold1_best.pt,EXP_H_FULL_TO_TORABI_FOLD2_MIXED_REPLAY005_NOAUG,4000,8000,teacher_generated_not_ground_truth,False,True,True,5.6660112301711845,7.5327743096742985,3.086788992379454,-0.6461374209575996,1.0,-0.9218588721070714,1.0,-0.6461374209575996,-0.9218588721070714,0.6461374209575996,0.9218588721070714,0.6461374209575996,-3.9247675982678625,0.9218588721070714,3.086788992379454,-8.233988288591483,0.9218588714962193,-0.7067106213056816,0.15017622082650653,-8.233988288591483,-0.7067106213056816,1.0000000091448267,0.0,0.9218588714962193,0.10711849087014443,0.07928172358587282,0.048569228788736665,4.256237512164326,4.256237512164326,0.7271143010331821,0.27288454217150515,0.14369595412354935,0.14369595412354935,0.8780301213264465,0.7030355930328369,0.6065122485160828,False,mix_corr<0.95;mix_nmse_db>-10.0,/nas/home/pcallandrone/DeepLearning/dataset/processed/v1_real_ssl_pseudo_from_mixed_noaug/all/M_M0004_s008_orig.wav,/nas/home/pcallandrone/DeepLearning/dataset/processed/v1_real_ssl_pseudo_from_mixed_noaug/all/H_M0004_s008_orig.wav,/nas/home/pcallandrone/DeepLearning/dataset/processed/v1_real_ssl_pseudo_from_mixed_noaug/all/L_M0004_s008_orig.wav,,,
M0004_s011_orig,M0004,11,/nas/home/pcallandrone/DeepLearning/dataset/processed/M1_segmented_only/M_M0004_s011_orig.wav,/nas/home/pcallandrone/DeepLearning/outputs/checkpoints/EXP_H_FULL_TO_TORABI_FOLD2_MIXED_REPLAY005_NOAUG/finetune_fold1_best.pt,EXP_H_FULL_TO_TORABI_FOLD2_MIXED_REPLAY005_NOAUG,4000,8000,teacher_generated_not_ground_truth,False,True,True,6.854971870261523,8.360056769788848,4.561158422195736,-0.5241857122704792,1.0,-0.8862234373403894,1.0,-0.5241857122704792,-0.8862234373403894,0.5241857122704792,0.8862234373403894,0.5241857122704792,-0.6462510017804596,0.8862234373403894,4.561158422195736,-6.683540513019748,0.8862234364338625,-1.0491341891207369,0.2146080204848277,-6.683540513019748,-1.0491341891207369,0.99999998942815,0.0,0.8862234364338625,0.10380053627999603,0.06515008479098373,0.05949584949379357,0.7885663084317797,0.7885663084317797,0.5452685194876821,0.4547301958752353,0.0874539090856733,0.0874539090856733,0.8204541206359863,0.5522202253341675,0.8728065490722656,False,mix_corr<0.95;mix_nmse_db>-10.0,/nas/home/pcallandrone/DeepLearning/dataset/processed/v1_real_ssl_pseudo_from_mixed_noaug/all/M_M0004_s011_orig.wav,/nas/home/pcallandrone/DeepLearning/dataset/processed/v1_real_ssl_pseudo_from_mixed_noaug/all/H_M0004_s011_orig.wav,/nas/home/pcallandrone/DeepLearning/dataset/processed/v1_real_ssl_pseudo_from_mixed_noaug/all/L_M0004_s011_orig.wav,,,
M0004_s012_orig,M0004,12,/nas/home/pcallandrone/DeepLearning/dataset/processed/M1_segmented_only/M_M0004_s012_orig.wav,/nas/home/pcallandrone/DeepLearning/outputs/checkpoints/EXP_H_FULL_TO_TORABI_FOLD2_MIXED_REPLAY005_NOAUG/finetune_fold1_best.pt,EXP_H_FULL_TO_TORABI_FOLD2_MIXED_REPLAY005_NOAUG,4000,8000,teacher_generated_not_ground_truth,False,True,True,5.7336189560470165,7.584288272946445,3.331159238539879,-0.5991253012488182,1.0,-0.879175764326945,1.0,-0.5991253012488182,-0.879175764326945,0.5991253012488182,0.879175764326945,0.5991253012488182,-2.417729106882523,0.879175764326945,3.331159238539879,-6.438785403430875,0.879175764093833,-1.1184845518852542,0.2270499756478486,-6.438785403430875,-1.1184845518852542,0.9999999584598902,0.0,0.879175764093833,0.1167168025463384,0.07358136083610405,0.06605124487467579,0.9377361664585816,0.9377361664585816,0.55377111588318,0.44622786130751924,0.07744466963853819,0.07744466963853819,0.8204541206359863,0.5519269108772278,0.9183435440063477,False,mix_corr<0.95;mix_nmse_db>-10.0,/nas/home/pcallandrone/DeepLearning/dataset/processed/v1_real_ssl_pseudo_from_mixed_noaug/all/M_M0004_s012_orig.wav,/nas/home/pcallandrone/DeepLearning/dataset/processed/v1_real_ssl_pseudo_from_mixed_noaug/all/H_M0004_s012_orig.wav,/nas/home/pcallandrone/DeepLearning/dataset/processed/v1_real_ssl_pseudo_from_mixed_noaug/all/L_M0004_s012_orig.wav,,,
M0004_s013_orig,M0004,13,/nas/home/pcallandrone/DeepLearning/dataset/processed/M1_segmented_only/M_M0004_s013_orig.wav,/nas/home/pcallandrone/DeepLearning/outputs/checkpoints/EXP_H_FULL_TO_TORABI_FOLD2_MIXED_REPLAY005_NOAUG/finetune_fold1_best.pt,EXP_H_FULL_TO_TORABI_FOLD2_MIXED_REPLAY005_NOAUG,4000,8000,teacher_generated_not_ground_truth,False,True,True,7.234717564990808,8.594215814315305,4.873848604480264,-0.5148494947175132,1.0,-0.9023455177745101,1.0,-0.5148494947175132,-0.9023455177745101,0.5148494947175132,0.9023455177745101,0.5148494947175132,-0.415449287009893,0.9023455177745101,4.873848604480264,-7.310184213937786,0.9023455182442357,-0.8925419139293672,0.1857725654593317,-7.310184213937786,-0.8925419139293672,1.0000000233620252,0.0,0.9023455182442357,0.10073091359449082,0.0640594890664277,0.05719855507614006,0.9839682492007793,0.9839682492007793,0.5563999509205063,0.4435986932029671,0.12096475328844421,0.12096475328844421,0.7412871718406677,0.502883791923523,0.813765823841095,False,mix_corr<0.95;mix_nmse_db>-10.0,/nas/home/pcallandrone/DeepLearning/dataset/processed/v1_real_ssl_pseudo_from_mixed_noaug/all/M_M0004_s013_orig.wav,/nas/home/pcallandrone/DeepLearning/dataset/processed/v1_real_ssl_pseudo_from_mixed_noaug/all/H_M0004_s013_orig.wav,/nas/home/pcallandrone/DeepLearning/dataset/processed/v1_real_ssl_pseudo_from_mixed_noaug/all/L_M0004_s013_orig.wav,,,
M0004_s014_orig,M0004,14,/nas/home/pcallandrone/DeepLearning/dataset/processed/M1_segmented_only/M_M0004_s014_orig.wav,/nas/home/pcallandrone/DeepLearning/outputs/checkpoints/EXP_H_FULL_TO_TORABI_FOLD2_MIXED_REPLAY005_NOAUG/finetune_fold1_best.pt,EXP_H_FULL_TO_TORABI_FOLD2_MIXED_REPLAY005_NOAUG,4000,8000,teacher_generated_not_ground_truth,False,True,True,6.3557385134824465,8.031660212465269,3.9899557923749462,-0.5685468579989538,1.0,-0.9000448737074376,1.0,-0.5685468579989538,-0.9000448737074376,0.5685468579989538,0.9000448737074376,0.5685468579989538,-1.8281059072188366,0.9000448737074376,3.9899557923749462,-7.214310661862995,0.9000448726924646,-0.9147162687493321,0.1899192269317206,-7.214310661862995,-0.9147162687493321,1.000000042024043,0.0,0.9000448726924646,0.1092830090547073,0.07101002189701443,0.06091282620492429,1.332217928163154,1.332217928163154,0.5760922196545184,0.42390663785466787,0.10655966532775217,0.10655966532775217,0.8456436395645142,0.5927339196205139,0.8188602924346924,False,mix_corr<0.95;mix_nmse_db>-10.0,/nas/home/pcallandrone/DeepLearning/dataset/processed/v1_real_ssl_pseudo_from_mixed_noaug/all/M_M0004_s014_orig.wav,/nas/home/pcallandrone/DeepLearning/dataset/processed/v1_real_ssl_pseudo_from_mixed_noaug/all/H_M0004_s014_orig.wav,/nas/home/pcallandrone/DeepLearning/dataset/processed/v1_real_ssl_pseudo_from_mixed_noaug/all/L_M0004_s014_orig.wav,,,
M0004_s015_orig,M0004,15,/nas/home/pcallandrone/DeepLearning/dataset/processed/M1_segmented_only/M_M0004_s015_orig.wav,/nas/home/pcallandrone/DeepLearning/outputs/checkpoints/EXP_H_FULL_TO_TORABI_FOLD2_MIXED_REPLAY005_NOAUG/finetune_fold1_best.pt,EXP_H_FULL_TO_TORABI_FOLD2_MIXED_REPLAY005_NOAUG,4000,8000,teacher_generated_not_ground_truth,False,True,True,6.047903978147884,7.8160488730605335,3.753627473338794,-0.5634526262931764,1.0,-0.8680382808834043,1.0,-0.5634526262931764,-0.8680382808834043,0.5634526262931764,0.8680382808834043,0.5634526262931764,-1.5564174699643853,0.8680382808834043,3.753627473338794,-6.0816626076485045,0.8680382798538905,-1.2292217190997472,0.2465095445169562,-6.0816626076485045,-1.2292217190997472,1.0000000425215723,0.0,0.8680382798538905,0.1138052981030049,0.0692669100951676,0.06710079661055308,0.27596277381609946,0.27596277381609946,0.5158797965848144,0.4841191281962839,0.04932721238098311,0.04932721238098311,0.8456436395645142,0.5520483255386353,0.6938167214393616,False,mix_corr<0.95;mix_nmse_db>-10.0,/nas/home/pcallandrone/DeepLearning/dataset/processed/v1_real_ssl_pseudo_from_mixed_noaug/all/M_M0004_s015_orig.wav,/nas/home/pcallandrone/DeepLearning/dataset/processed/v1_real_ssl_pseudo_from_mixed_noaug/all/H_M0004_s015_orig.wav,/nas/home/pcallandrone/DeepLearning/dataset/processed/v1_real_ssl_pseudo_from_mixed_noaug/all/L_M0004_s015_orig.wav,,,
M0004_s016_orig,M0004,16,/nas/home/pcallandrone/DeepLearning/dataset/processed/M1_segmented_only/M_M0004_s016_orig.wav,/nas/home/pcallandrone/DeepLearning/outputs/checkpoints/EXP_H_FULL_TO_TORABI_FOLD2_MIXED_REPLAY005_NOAUG/finetune_fold1_best.pt,EXP_H_FULL_TO_TORABI_FOLD2_MIXED_REPLAY005_NOAUG,4000,8000,teacher_generated_not_ground_truth,False,True,True,7.338389081812293,8.656007343488536,5.063402222821639,-0.4876621606707377,1.0,-0.8735530822944668,1.0,-0.4876621606707377,-0.8735530822944668,0.4876621606707377,0.8735530822944668,0.4876621606707377,0.33093454603386757,0.8735530822944668,5.063402222821639,-6.254257507422315,0.8735530822713682,-1.1742127160011893,0.23690501223722724,-6.254257507422315,-1.1742127160011893,0.9999999889510117,0.0,0.8735530822713682,0.10691333383952446,0.06061317859887629,0.06700072053806555,-0.870248277701049,0.870248277701049,0.45007088419808666,0.5499278907716999,0.06888327688628208,0.06888327688628208,0.8456436395645142,0.5219206809997559,0.5721443295478821,False,mix_corr<0.95;mix_nmse_db>-10.0,/nas/home/pcallandrone/DeepLearning/dataset/processed/v1_real_ssl_pseudo_from_mixed_noaug/all/M_M0004_s016_orig.wav,/nas/home/pcallandrone/DeepLearning/dataset/processed/v1_real_ssl_pseudo_from_mixed_noaug/all/H_M0004_s016_orig.wav,/nas/home/pcallandrone/DeepLearning/dataset/processed/v1_real_ssl_pseudo_from_mixed_noaug/all/L_M0004_s016_orig.wav,,,
M0004_s017_orig,M0004,17,/nas/home/pcallandrone/DeepLearning/dataset/processed/M1_segmented_only/M_M0004_s017_orig.wav,/nas/home/pcallandrone/DeepLearning/outputs/checkpoints/EXP_H_FULL_TO_TORABI_FOLD2_MIXED_REPLAY005_NOAUG/finetune_fold1_best.pt,EXP_H_FULL_TO_TORABI_FOLD2_MIXED_REPLAY005_NOAUG,4000,8000,teacher_generated_not_ground_truth,False,True,True,5.467881939416536,7.378191288633305,2.9368511489832585,-0.636021224467378,1.0,-0.8918960332607144,1.0,-0.636021224467378,-0.8918960332607144,0.636021224467378,0.8918960332607144,0.636021224467378,-3.325103954946002,0.8918960332607144,2.9368511489832585,-6.892611013065732,0.8918960326628933,-0.9937150351905933,0.2045214667656721,-6.892611013065732,-0.9937150351905933,1.000000042741077,0.0,0.8918960326628933,0.12682579682736814,0.07983561695944111,0.0742915855484046,0.6251411710010457,0.6251411710010457,0.5359235608384006,0.46407559832912065,0.0760520156486626,0.0760520156486626,0.924810528755188,0.6264381408691406,0.6424069404602051,False,mix_corr<0.95;mix_nmse_db>-10.0,/nas/home/pcallandrone/DeepLearning/dataset/processed/v1_real_ssl_pseudo_from_mixed_noaug/all/M_M0004_s017_orig.wav,/nas/home/pcallandrone/DeepLearning/dataset/processed/v1_real_ssl_pseudo_from_mixed_noaug/all/H_M0004_s017_orig.wav,/nas/home/pcallandrone/DeepLearning/dataset/processed/v1_real_ssl_pseudo_from_mixed_noaug/all/L_M0004_s017_orig.wav,,,
M0004_s018_orig,M0004,18,/nas/home/pcallandrone/DeepLearning/dataset/processed/M1_segmented_only/M_M0004_s018_orig.wav,/nas/home/pcallandrone/DeepLearning/outputs/checkpoints/EXP_H_FULL_TO_TORABI_FOLD2_MIXED_REPLAY005_NOAUG/finetune_fold1_best.pt,EXP_H_FULL_TO_TORABI_FOLD2_MIXED_REPLAY005_NOAUG,4000,8000,teacher_generated_not_ground_truth,False,True,True,6.982938115904298,8.440381932596374,4.685205416513695,-0.5171001825770392,1.0,-0.8868191904915785,1.0,-0.5171001825770392,-0.8868191904915785,0.5171001825770392,0.8868191904915785,0.5171001825770392,-0.4604192109282442,0.8868191904915785,4.685205416513695,-6.7049692285599125,0.886819191320984,-1.0432978017049803,0.2135517216957463,-6.7049692285599125,-1.0432978017049803,1.000000052154429,0.0,0.886819191320984,0.10900554591547917,0.06406870491335805,0.06696615151060492,-0.3841879173768793,0.3841879173768793,0.4778982204258979,0.522100615331404,0.08804368846525445,0.08804368846525445,0.924810528755188,0.5928115844726562,0.5790687203407288,False,mix_corr<0.95;mix_nmse_db>-10.0,/nas/home/pcallandrone/DeepLearning/dataset/processed/v1_real_ssl_pseudo_from_mixed_noaug/all/M_M0004_s018_orig.wav,/nas/home/pcallandrone/DeepLearning/dataset/processed/v1_real_ssl_pseudo_from_mixed_noaug/all/H_M0004_s018_orig.wav,/nas/home/pcallandrone/DeepLearning/dataset/processed/v1_real_ssl_pseudo_from_mixed_noaug/all/L_M0004_s018_orig.wav,,,
M0004_s019_orig,M0004,19,/nas/home/pcallandrone/DeepLearning/dataset/processed/M1_segmented_only/M_M0004_s019_orig.wav,/nas/home/pcallandrone/DeepLearning/outputs/checkpoints/EXP_H_FULL_TO_TORABI_FOLD2_MIXED_REPLAY005_NOAUG/finetune_fold1_best.pt,EXP_H_FULL_TO_TORABI_FOLD2_MIXED_REPLAY005_NOAUG,4000,8000,teacher_generated_not_ground_truth,False,True,True,5.468012100814909,7.378294669988071,2.718717220531211,-0.6945724109659553,1.0,-0.9498465750340308,1.0,-0.6945724109659553,-0.9498465750340308,0.6945724109659553,0.9498465750340308,0.6945724109659553,-5.650345350818407,0.9498465750340308,2.718717220531211,-10.096989611906032,0.9498465746318634,-0.4469307264601178,0.09779148448389535,-10.096989611906032,-0.4469307264601178,1.0000000318452713,0.0,0.9498465746318634,0.11903208689508936,0.08818164647905154,0.05497322462630471,4.104539817197249,4.104539817197249,0.7201290666626281,0.2798700072457958,0.20474152602114393,0.20474152602114393,0.924810528755188,0.7305886745452881,0.5786253213882446,False,mix_corr<0.95,/nas/home/pcallandrone/DeepLearning/dataset/processed/v1_real_ssl_pseudo_from_mixed_noaug/all/M_M0004_s019_orig.wav,/nas/home/pcallandrone/DeepLearning/dataset/processed/v1_real_ssl_pseudo_from_mixed_noaug/all/H_M0004_s019_orig.wav,/nas/home/pcallandrone/DeepLearning/dataset/processed/v1_real_ssl_pseudo_from_mixed_noaug/all/L_M0004_s019_orig.wav,,,
M0004_s022_orig,M0004,22,/nas/home/pcallandrone/DeepLearning/dataset/processed/M1_segmented_only/M_M0004_s022_orig.wav,/nas/home/pcallandrone/DeepLearning/outputs/checkpoints/EXP_H_FULL_TO_TORABI_FOLD2_MIXED_REPLAY005_NOAUG/finetune_fold1_best.pt,EXP_H_FULL_TO_TORABI_FOLD2_MIXED_REPLAY005_NOAUG,4000,8000,teacher_generated_not_ground_truth,False,True,True,4.594207498687009,6.622106063356491,1.4250041976376135,-0.794412385278568,1.0,-0.9360439738566028,1.0,-0.794412385278568,-0.9360439738566028,0.794412385278568,0.9360439738566028,0.794412385278568,-7.387317595863142,0.9360439738566028,1.4250041976376135,-9.072033138285766,0.9360439741635046,-0.574074743119384,0.12382167828679289,-9.072033138285766,-0.574074743119384,1.0000000157990525,0.0,0.9360439741635046,0.13099173275430692,0.10040511260998344,0.05912108030471277,4.600269327079498,4.600269327079498,0.7425468676113668,0.2574523958217049,0.12278544366948922,0.12278544366948922,0.9428030252456665,0.7464932203292847,0.7346741557121277,False,mix_corr<0.95;mix_nmse_db>-10.0,/nas/home/pcallandrone/DeepLearning/dataset/processed/v1_real_ssl_pseudo_from_mixed_noaug/all/M_M0004_s022_orig.wav,/nas/home/pcallandrone/DeepLearning/dataset/processed/v1_real_ssl_pseudo_from_mixed_noaug/all/H_M0004_s022_orig.wav,/nas/home/pcallandrone/DeepLearning/dataset/processed/v1_real_ssl_pseudo_from_mixed_noaug/all/L_M0004_s022_orig.wav,,,
M0004_s023_orig,M0004,23,/nas/home/pcallandrone/DeepLearning/dataset/processed/M1_segmented_only/M_M0004_s023_orig.wav,/nas/home/pcallandrone/DeepLearning/outputs/checkpoints/EXP_H_FULL_TO_TORABI_FOLD2_MIXED_REPLAY005_NOAUG/finetune_fold1_best.pt,EXP_H_FULL_TO_TORABI_FOLD2_MIXED_REPLAY005_NOAUG,4000,8000,teacher_generated_not_ground_truth,False,True,True,5.966296726657132,7.757048486816349,3.486291373554668,-0.6126878173007999,1.0,-0.9152798737430252,1.0,-0.6126878173007999,-0.9152798737430252,0.6126878173007999,0.9152798737430252,0.6126878173007999,-3.0361154437986886,0.9152798737430252,3.486291373554668,-7.897811586947281,0.9152798732276882,-0.768920927273164,0.16226275345827604,-7.897811586947281,-0.768920927273164,0.9999999852353016,0.0,0.9152798732276882,0.10995713504139612,0.07671362065343527,0.05677631570994408,2.614105469362857,2.614105469362857,0.6460947462153414,0.35390415591382346,0.11711662879549503,0.11711662879549503,0.9428030252456665,0.6881849765777588,0.5826082825660706,False,mix_corr<0.95;mix_nmse_db>-10.0,/nas/home/pcallandrone/DeepLearning/dataset/processed/v1_real_ssl_pseudo_from_mixed_noaug/all/M_M0004_s023_orig.wav,/nas/home/pcallandrone/DeepLearning/dataset/processed/v1_real_ssl_pseudo_from_mixed_noaug/all/H_M0004_s023_orig.wav,/nas/home/pcallandrone/DeepLearning/dataset/processed/v1_real_ssl_pseudo_from_mixed_noaug/all/L_M0004_s023_orig.wav,,,
M0004_s024_orig,M0004,24,/nas/home/pcallandrone/DeepLearning/dataset/processed/M1_segmented_only/M_M0004_s024_orig.wav,/nas/home/pcallandrone/DeepLearning/outputs/checkpoints/EXP_H_FULL_TO_TORABI_FOLD2_MIXED_REPLAY005_NOAUG/finetune_fold1_best.pt,EXP_H_FULL_TO_TORABI_FOLD2_MIXED_REPLAY005_NOAUG,4000,8000,teacher_generated_not_ground_truth,False,True,True,5.235360557040995,7.189465967199461,2.475135691770129,-0.6976962605725305,1.0,-0.9277335118442618,1.0,-0.6976962605725305,-0.9277335118442618,0.6976962605725305,0.9277335118442618,0.6976962605725305,-5.215844267180991,0.9277335118442618,2.475135691770129,-8.560160511293997,0.9277335115324113,-0.6515345278257414,0.139310531408735,-8.560160511293997,-0.6515345278257414,0.9999999883304705,0.0,0.9277335115324113,0.12075229672770141,0.08748733524788851,0.05844953545441524,3.5032824971150642,3.5032824971150642,0.6913968188705713,0.30860227781905114,0.14465821105904667,0.14465821105904667,0.949999988079071,0.7167918086051941,0.5949199199676514,False,mix_corr<0.95;mix_nmse_db>-10.0,/nas/home/pcallandrone/DeepLearning/dataset/processed/v1_real_ssl_pseudo_from_mixed_noaug/all/M_M0004_s024_orig.wav,/nas/home/pcallandrone/DeepLearning/dataset/processed/v1_real_ssl_pseudo_from_mixed_noaug/all/H_M0004_s024_orig.wav,/nas/home/pcallandrone/DeepLearning/dataset/processed/v1_real_ssl_pseudo_from_mixed_noaug/all/L_M0004_s024_orig.wav,,,
M0004_s025_orig,M0004,25,/nas/home/pcallandrone/DeepLearning/dataset/processed/M1_segmented_only/M_M0004_s025_orig.wav,/nas/home/pcallandrone/DeepLearning/outputs/checkpoints/EXP_H_FULL_TO_TORABI_FOLD2_MIXED_REPLAY005_NOAUG/finetune_fold1_best.pt,EXP_H_FULL_TO_TORABI_FOLD2_MIXED_REPLAY005_NOAUG,4000,8000,teacher_generated_not_ground_truth,False,True,True,5.0399307534480196,7.02424569460999,2.201470689302875,-0.7167370815986355,1.0,-0.9234926957438386,1.0,-0.7167370815986355,-0.9234926957438386,0.7167370815986355,0.9234926957438386,0.7167370815986355,-5.522713808150348,0.9234926957438386,2.201470689302875,-8.322065618941997,0.9234926962374205,-0.6913300786425076,0.147161239833543,-8.322065618941997,-0.6913300786425076,0.9999999847828882,0.0,0.9234926962374205,0.12381672174381224,0.0894109036950627,0.060451274254169934,3.399700492201517,3.399700492201517,0.6862848208799851,0.3137143206533721,0.1319020291901849,0.1319020291901849,0.949999988079071,0.7152619361877441,0.657686173915863,False,mix_corr<0.95;mix_nmse_db>-10.0,/nas/home/pcallandrone/DeepLearning/dataset/processed/v1_real_ssl_pseudo_from_mixed_noaug/all/M_M0004_s025_orig.wav,/nas/home/pcallandrone/DeepLearning/dataset/processed/v1_real_ssl_pseudo_from_mixed_noaug/all/H_M0004_s025_orig.wav,/nas/home/pcallandrone/DeepLearning/dataset/processed/v1_real_ssl_pseudo_from_mixed_noaug/all/L_M0004_s025_orig.wav,,,
M0004_s026_orig,M0004,26,/nas/home/pcallandrone/DeepLearning/dataset/processed/M1_segmented_only/M_M0004_s026_orig.wav,/nas/home/pcallandrone/DeepLearning/outputs/checkpoints/EXP_H_FULL_TO_TORABI_FOLD2_MIXED_REPLAY005_NOAUG/finetune_fold1_best.pt,EXP_H_FULL_TO_TORABI_FOLD2_MIXED_REPLAY005_NOAUG,4000,8000,teacher_generated_not_ground_truth,False,True,True,6.618923829634161,8.207873832698155,4.371777885947647,-0.5267037026735852,1.0,-0.8712752590582883,1.0,-0.5267037026735852,-0.8712752590582883,0.5267037026735852,0.8712752590582883,0.5267037026735852,-0.6861511063104713,0.8712752590582883,4.371777885947647,-6.182002976832829,0.871275258874658,-1.1968909956037228,0.24087942306386015,-6.182002976832829,-1.1968909956037228,0.9999999761799495,0.0,0.871275258874658,0.10890559016564372,0.06446256434700445,0.06548043052740864,-0.1360789652398248,0.1360789652398248,0.4921667229782085,0.5078320926253596,0.06638177628704055,0.06638177628704055,0.949999988079071,0.5955245494842529,0.6518043279647827,False,mix_corr<0.95;mix_nmse_db>-10.0,/nas/home/pcallandrone/DeepLearning/dataset/processed/v1_real_ssl_pseudo_from_mixed_noaug/all/M_M0004_s026_orig.wav,/nas/home/pcallandrone/DeepLearning/dataset/processed/v1_real_ssl_pseudo_from_mixed_noaug/all/H_M0004_s026_orig.wav,/nas/home/pcallandrone/DeepLearning/dataset/processed/v1_real_ssl_pseudo_from_mixed_noaug/all/L_M0004_s026_orig.wav,,,
M0010_s013_orig,M0010,13,/nas/home/pcallandrone/DeepLearning/dataset/processed/M1_segmented_only/M_M0010_s013_orig.wav,/nas/home/pcallandrone/DeepLearning/outputs/checkpoints/EXP_H_FULL_TO_TORABI_FOLD2_MIXED_REPLAY005_NOAUG/finetune_fold1_best.pt,EXP_H_FULL_TO_TORABI_FOLD2_MIXED_REPLAY005_NOAUG,4000,8000,teacher_generated_not_ground_truth,False,True,True,202.21291754532302,23.058088952681533,22.437271070446343,-0.07396005030755468,1.0,-0.9791952490146502,1.0,-0.07396005030755468,-0.9791952490146502,0.07396005030755468,0.9791952490146502,0.07396005030755468,21.771225952145148,0.9791952490146502,22.437271070446343,-13.853488492370856,0.9791952444976141,-0.18260658246132547,0.04117666325936993,-13.853488492370856,-0.18260658246132547,0.999999985806902,0.0,0.9791952444976141,0.015894544818264085,0.010669886253128303,0.006188741665394377,4.731148703417109,4.731148703417109,0.7482171415439359,0.2517171368641608,0.682331057383784,0.682331057383784,0.17888610064983368,0.13318631052970886,0.05260736122727394,False,"gain_gamma_not_in_[0.1,10.0]",/nas/home/pcallandrone/DeepLearning/dataset/processed/v1_real_ssl_pseudo_from_mixed_noaug/all/M_M0010_s013_orig.wav,/nas/home/pcallandrone/DeepLearning/dataset/processed/v1_real_ssl_pseudo_from_mixed_noaug/all/H_M0010_s013_orig.wav,/nas/home/pcallandrone/DeepLearning/dataset/processed/v1_real_ssl_pseudo_from_mixed_noaug/all/L_M0010_s013_orig.wav,,,
M0010_s014_orig,M0010,14,/nas/home/pcallandrone/DeepLearning/dataset/processed/M1_segmented_only/M_M0010_s014_orig.wav,/nas/home/pcallandrone/DeepLearning/outputs/checkpoints/EXP_H_FULL_TO_TORABI_FOLD2_MIXED_REPLAY005_NOAUG/finetune_fold1_best.pt,EXP_H_FULL_TO_TORABI_FOLD2_MIXED_REPLAY005_NOAUG,4000,8000,teacher_generated_not_ground_truth,False,True,True,232.82101799604112,23.67022183828677,23.101313909738757,-0.06751263743060346,1.0,-0.9648475830121859,1.0,-0.06751263743060346,-0.9648475830121859,0.06751263743060346,0.9648475830121859,0.06751263743060346,22.496020549714444,0.9648475830121859,23.101313909738757,-11.60715934944104,0.9648475776951297,-0.3108136966937356,0.06906914263100652,-11.60715934944104,-0.3108136966937356,0.9999999720703108,0.0,0.9648475776951297,0.016493320920451266,0.009488655290909993,0.009737112820193149,-0.22451064812073943,0.22451064812073943,0.48705265650068086,0.5128932473219762,0.37023153866247954,0.37023153866247954,0.17888610064983368,0.1192987784743309,0.2318398505449295,False,"gain_gamma_not_in_[0.1,10.0]",/nas/home/pcallandrone/DeepLearning/dataset/processed/v1_real_ssl_pseudo_from_mixed_noaug/all/M_M0010_s014_orig.wav,/nas/home/pcallandrone/DeepLearning/dataset/processed/v1_real_ssl_pseudo_from_mixed_noaug/all/H_M0010_s014_orig.wav,/nas/home/pcallandrone/DeepLearning/dataset/processed/v1_real_ssl_pseudo_from_mixed_noaug/all/L_M0010_s014_orig.wav,,,
M0010_s024_orig,M0010,24,/nas/home/pcallandrone/DeepLearning/dataset/processed/M1_segmented_only/M_M0010_s024_orig.wav,/nas/home/pcallandrone/DeepLearning/outputs/checkpoints/EXP_H_FULL_TO_TORABI_FOLD2_MIXED_REPLAY005_NOAUG/finetune_fold1_best.pt,EXP_H_FULL_TO_TORABI_FOLD2_MIXED_REPLAY005_NOAUG,4000,8000,teacher_generated_not_ground_truth,False,True,True,161.96451445061678,22.094198733919267,21.403163148587193,-0.08259856716979672,1.0,-0.9708181396642148,1.0,-0.08259856716979672,-0.9708181396642148,0.08259856716979672,0.9708181396642148,0.08259856716979672,20.65664340763291,0.9708181396642148,21.403163148587193,-12.402404737826604,0.970818135311226,-0.2572335026449013,0.057512139791180146,-12.402404737826604,-0.2572335026449013,0.9999999974259463,0.0,0.970818135311226,0.017289826215950908,0.011308435572418823,0.007914991495171931,3.099041510558513,3.099041510558513,0.6711566493799079,0.3287908675972315,0.5096807163705203,0.5096807163705203,0.16238704323768616,0.12282158434391022,0.15310831367969513,False,"gain_gamma_not_in_[0.1,10.0]",/nas/home/pcallandrone/DeepLearning/dataset/processed/v1_real_ssl_pseudo_from_mixed_noaug/all/M_M0010_s024_orig.wav,/nas/home/pcallandrone/DeepLearning/dataset/processed/v1_real_ssl_pseudo_from_mixed_noaug/all/H_M0010_s024_orig.wav,/nas/home/pcallandrone/DeepLearning/dataset/processed/v1_real_ssl_pseudo_from_mixed_noaug/all/L_M0010_s024_orig.wav,,,
M0010_s025_orig,M0010,25,/nas/home/pcallandrone/DeepLearning/dataset/processed/M1_segmented_only/M_M0010_s025_orig.wav,/nas/home/pcallandrone/DeepLearning/outputs/checkpoints/EXP_H_FULL_TO_TORABI_FOLD2_MIXED_REPLAY005_NOAUG/finetune_fold1_best.pt,EXP_H_FULL_TO_TORABI_FOLD2_MIXED_REPLAY005_NOAUG,4000,8000,teacher_generated_not_ground_truth,False,True,True,172.056974656414,22.356722822658632,21.68506746564435,-0.08021817503031288,1.0,-0.9739406875486281,1.0,-0.08021817503031288,-0.9739406875486281,0.08021817503031288,0.9739406875486281,0.08021817503031288,20.960682124929903,0.9739406875486281,21.68506746564435,-12.8870295009161,0.9739406838973111,-0.2293430163046795,0.05143953688130297,-12.8870295009161,-0.2293430163046795,1.0000000131451616,0.0,0.9739406838973111,0.01841695972058554,0.010668534425340288,0.01074722897374076,-0.06383477687272672,0.06383477687272672,0.4963037986551553,0.5036525961658689,0.40309259754577237,0.40309259754577237,0.17193911969661713,0.11114512383937836,0.184914231300354,False,"gain_gamma_not_in_[0.1,10.0]",/nas/home/pcallandrone/DeepLearning/dataset/processed/v1_real_ssl_pseudo_from_mixed_noaug/all/M_M0010_s025_orig.wav,/nas/home/pcallandrone/DeepLearning/dataset/processed/v1_real_ssl_pseudo_from_mixed_noaug/all/H_M0010_s025_orig.wav,/nas/home/pcallandrone/DeepLearning/dataset/processed/v1_real_ssl_pseudo_from_mixed_noaug/all/L_M0010_s025_orig.wav,,,
M0015_s000_orig,M0015,0,/nas/home/pcallandrone/DeepLearning/dataset/processed/M1_segmented_only/M_M0015_s000_orig.wav,/nas/home/pcallandrone/DeepLearning/outputs/checkpoints/EXP_H_FULL_TO_TORABI_FOLD2_MIXED_REPLAY005_NOAUG/finetune_fold1_best.pt,EXP_H_FULL_TO_TORABI_FOLD2_MIXED_REPLAY005_NOAUG,4000,8000,teacher_generated_not_ground_truth,False,True,True,625.9766361690564,27.96558123989646,27.613360145376635,-0.04130573444020625,1.0,-0.9924438185506207,1.0,-0.04130573444020625,-0.9924438185506207,0.04130573444020625,0.9924438185506207,0.04130573444020625,27.247637408714567,0.9924438185506207,27.613360145376635,-18.223115888556812,0.9924438034259828,-0.06587266896804117,0.015055265237698994,-18.223115888556812,-0.06587266896804117,0.9999999540634119,0.0,0.9924438034259828,0.008866511718076718,0.004380694773252372,0.005431774153013278,-1.8679741919134685,1.8679741919134685,0.39401748869671865,0.6057771921287703,0.6043158329673095,0.6043158329673095,0.044760409742593765,0.022870929911732674,0.033732932060956955,False,"gain_gamma_not_in_[0.1,10.0]",/nas/home/pcallandrone/DeepLearning/dataset/processed/v1_real_ssl_pseudo_from_mixed_noaug/all/M_M0015_s000_orig.wav,/nas/home/pcallandrone/DeepLearning/dataset/processed/v1_real_ssl_pseudo_from_mixed_noaug/all/H_M0015_s000_orig.wav,/nas/home/pcallandrone/DeepLearning/dataset/processed/v1_real_ssl_pseudo_from_mixed_noaug/all/L_M0015_s000_orig.wav,,,
M0020_s000_orig,M0020,0,/nas/home/pcallandrone/DeepLearning/dataset/processed/M1_segmented_only/M_M0020_s000_orig.wav,/nas/home/pcallandrone/DeepLearning/outputs/checkpoints/EXP_H_FULL_TO_TORABI_FOLD2_MIXED_REPLAY005_NOAUG/finetune_fold1_best.pt,EXP_H_FULL_TO_TORABI_FOLD2_MIXED_REPLAY005_NOAUG,4000,8000,teacher_generated_not_ground_truth,False,True,True,916.0404354298747,29.619146445155362,29.328253614112644,-0.033985772230395214,1.0,-0.9948038285362107,1.0,-0.033985772230395214,-0.9948038285362107,0.033985772230395214,0.9948038285362107,0.033985772230395214,29.028532804744536,0.9948038285362107,29.328253614112644,-19.84416391677819,0.9948038132304989,-0.0452455066737137,0.010365341338793757,-19.84416391677819,-0.0452455066737137,1.000000014453035,0.0,0.9948038132304989,0.008861065303486043,0.0025705541349232983,0.008173754310063834,-10.047896499909303,10.047896499909303,0.08998948402910338,0.9098743281556307,0.10233351233547928,0.10233351233547928,0.04293925315141678,0.014499074779450893,0.04118448868393898,False,"gain_gamma_not_in_[0.1,10.0]",/nas/home/pcallandrone/DeepLearning/dataset/processed/v1_real_ssl_pseudo_from_mixed_noaug/all/M_M0020_s000_orig.wav,/nas/home/pcallandrone/DeepLearning/dataset/processed/v1_real_ssl_pseudo_from_mixed_noaug/all/H_M0020_s000_orig.wav,/nas/home/pcallandrone/DeepLearning/dataset/processed/v1_real_ssl_pseudo_from_mixed_noaug/all/L_M0020_s000_orig.wav,,,
M0020_s001_orig,M0020,1,/nas/home/pcallandrone/DeepLearning/dataset/processed/M1_segmented_only/M_M0020_s001_orig.wav,/nas/home/pcallandrone/DeepLearning/outputs/checkpoints/EXP_H_FULL_TO_TORABI_FOLD2_MIXED_REPLAY005_NOAUG/finetune_fold1_best.pt,EXP_H_FULL_TO_TORABI_FOLD2_MIXED_REPLAY005_NOAUG,4000,8000,teacher_generated_not_ground_truth,False,True,True,882.3402698528648,29.456361008019137,29.16019484722348,-0.034615608429031254,1.0,-0.9938205317472952,1.0,-0.034615608429031254,-0.9938205317472952,0.034615608429031254,0.9938205317472952,0.034615608429031254,28.854794954698928,0.9938205317472952,29.16019484722348,-19.09362876555037,0.9938205171760115,-0.053833809383271834,0.012320749376994324,-19.09362876555037,-0.053833809383271834,0.9999999463499886,0.0,0.9938205171760115,0.009089417402777503,0.0025656838913905512,0.008383819757005457,-10.28477570790293,10.28477570790293,0.08562218863792136,0.9142477404966267,0.11023827195437984,0.11023827195437984,0.04293925315141678,0.0162892434746027,0.040937475860118866,False,"gain_gamma_not_in_[0.1,10.0]",/nas/home/pcallandrone/DeepLearning/dataset/processed/v1_real_ssl_pseudo_from_mixed_noaug/all/M_M0020_s001_orig.wav,/nas/home/pcallandrone/DeepLearning/dataset/processed/v1_real_ssl_pseudo_from_mixed_noaug/all/H_M0020_s001_orig.wav,/nas/home/pcallandrone/DeepLearning/dataset/processed/v1_real_ssl_pseudo_from_mixed_noaug/all/L_M0020_s001_orig.wav,,,
M0020_s002_orig,M0020,2,/nas/home/pcallandrone/DeepLearning/dataset/processed/M1_segmented_only/M_M0020_s002_orig.wav,/nas/home/pcallandrone/DeepLearning/outputs/checkpoints/EXP_H_FULL_TO_TORABI_FOLD2_MIXED_REPLAY005_NOAUG/finetune_fold1_best.pt,EXP_H_FULL_TO_TORABI_FOLD2_MIXED_REPLAY005_NOAUG,4000,8000,teacher_generated_not_ground_truth,False,True,True,683.7267499204874,28.348825714396014,28.012374894818194,-0.03943434930141655,1.0,-0.9920049620200706,1.0,-0.03943434930141655,-0.9920049620200706,0.03943434930141655,0.9920049620200706,0.03943434930141655,27.663442767542577,0.9920049620200706,28.012374894818194,-17.978890787861868,0.9920049506292221,-0.06971611897207312,0.015926154379063143,-17.978890787861868,-0.06971611897207312,0.9999999457093401,0.0,0.9920049506292221,0.010304003629338507,0.002749940856391643,0.009585537245352169,-10.845862111087374,10.845862111087374,0.07603637424894374,0.9238630774602166,0.09580274591998265,0.09580274591998265,0.04293632134795189,0.0172873642295599,0.04148897901177406,False,"gain_gamma_not_in_[0.1,10.0]",/nas/home/pcallandrone/DeepLearning/dataset/processed/v1_real_ssl_pseudo_from_mixed_noaug/all/M_M0020_s002_orig.wav,/nas/home/pcallandrone/DeepLearning/dataset/processed/v1_real_ssl_pseudo_from_mixed_noaug/all/H_M0020_s002_orig.wav,/nas/home/pcallandrone/DeepLearning/dataset/processed/v1_real_ssl_pseudo_from_mixed_noaug/all/L_M0020_s002_orig.wav,,,
M0020_s003_orig,M0020,3,/nas/home/pcallandrone/DeepLearning/dataset/processed/M1_segmented_only/M_M0020_s003_orig.wav,/nas/home/pcallandrone/DeepLearning/outputs/checkpoints/EXP_H_FULL_TO_TORABI_FOLD2_MIXED_REPLAY005_NOAUG/finetune_fold1_best.pt,EXP_H_FULL_TO_TORABI_FOLD2_MIXED_REPLAY005_NOAUG,4000,8000,teacher_generated_not_ground_truth,False,True,True,605.6943461214879,27.82253519742715,27.4642276802292,-0.042059555983888254,1.0,-0.9933313433811484,1.0,-0.042059555983888254,-0.9933313433811484,0.042059555983888254,0.9933313433811484,0.042059555983888254,27.091472049584645,0.9933313433811484,27.4642276802292,-18.763821818204022,0.9933313333964552,-0.05811238393943201,0.013292841248994672,-18.763821818204022,-0.05811238393943201,0.9999999954449875,0.0,0.9933313333964552,0.010952028132847767,0.002709839556224858,0.010293941135117257,-11.592762049168048,11.592762049168048,0.0648017170018018,0.9351100361187035,0.09065886195889244,0.09065886195889244,0.04293632134795189,0.015967609360814095,0.041157085448503494,False,"gain_gamma_not_in_[0.1,10.0]",/nas/home/pcallandrone/DeepLearning/dataset/processed/v1_real_ssl_pseudo_from_mixed_noaug/all/M_M0020_s003_orig.wav,/nas/home/pcallandrone/DeepLearning/dataset/processed/v1_real_ssl_pseudo_from_mixed_noaug/all/H_M0020_s003_orig.wav,/nas/home/pcallandrone/DeepLearning/dataset/processed/v1_real_ssl_pseudo_from_mixed_noaug/all/L_M0020_s003_orig.wav,,,
M0020_s004_orig,M0020,4,/nas/home/pcallandrone/DeepLearning/dataset/processed/M1_segmented_only/M_M0020_s004_orig.wav,/nas/home/pcallandrone/DeepLearning/outputs/checkpoints/EXP_H_FULL_TO_TORABI_FOLD2_MIXED_REPLAY005_NOAUG/finetune_fold1_best.pt,EXP_H_FULL_TO_TORABI_FOLD2_MIXED_REPLAY005_NOAUG,4000,8000,teacher_generated_not_ground_truth,False,True,True,598.5173379884272,27.770767356674718,27.409974397871423,-0.04236039206630336,1.0,-0.9942056984769237,1.0,-0.04236039206630336,-0.9942056984769237,0.04236039206630336,0.9942056984769237,0.04236039206630336,27.034466840358707,0.9942056984769237,27.409974397871423,-19.37229002750807,0.9942056889199259,-0.050471048686252996,0.011555027868452677,-19.37229002750807,-0.050471048686252996,1.0000000043661548,0.0,0.9942056889199259,0.011111248060355903,0.0028976530175241913,0.010351078118110188,-11.05878413904813,11.05878413904813,0.07266382516913165,0.9272496331157737,0.10846114780096115,0.10846114780096115,0.04293632134795189,0.01926874928176403,0.0416104681789875,False,"gain_gamma_not_in_[0.1,10.0]",/nas/home/pcallandrone/DeepLearning/dataset/processed/v1_real_ssl_pseudo_from_mixed_noaug/all/M_M0020_s004_orig.wav,/nas/home/pcallandrone/DeepLearning/dataset/processed/v1_real_ssl_pseudo_from_mixed_noaug/all/H_M0020_s004_orig.wav,/nas/home/pcallandrone/DeepLearning/dataset/processed/v1_real_ssl_pseudo_from_mixed_noaug/all/L_M0020_s004_orig.wav,,,
M0020_s005_orig,M0020,5,/nas/home/pcallandrone/DeepLearning/dataset/processed/M1_segmented_only/M_M0020_s005_orig.wav,/nas/home/pcallandrone/DeepLearning/outputs/checkpoints/EXP_H_FULL_TO_TORABI_FOLD2_MIXED_REPLAY005_NOAUG/finetune_fold1_best.pt,EXP_H_FULL_TO_TORABI_FOLD2_MIXED_REPLAY005_NOAUG,4000,8000,teacher_generated_not_ground_truth,False,True,True,698.8105132618224,28.443594301077603,28.11207399027611,-0.03883837442685535,1.0,-0.9882926019260724,1.0,-0.03883837442685535,-0.9882926019260724,0.03883837442685535,0.9882926019260724,0.03883837442685535,27.76858741362201,0.9882926019260724,28.11207399027611,-16.330593397428203,0.988292590382394,-0.10227895448512435,0.023277731810954404,-16.330593397428203,-0.10227895448512435,0.9999999618646555,0.0,0.988292590382394,0.010209685673619557,0.0030485630545949516,0.009358824791638366,-9.742522694241698,9.742522694241698,0.09591916958280428,0.9039776220170642,0.0866270380454569,0.0866270380454569,0.04293632134795189,0.023737331852316856,0.04023081809282303,False,"gain_gamma_not_in_[0.1,10.0]",/nas/home/pcallandrone/DeepLearning/dataset/processed/v1_real_ssl_pseudo_from_mixed_noaug/all/M_M0020_s005_orig.wav,/nas/home/pcallandrone/DeepLearning/dataset/processed/v1_real_ssl_pseudo_from_mixed_noaug/all/H_M0020_s005_orig.wav,/nas/home/pcallandrone/DeepLearning/dataset/processed/v1_real_ssl_pseudo_from_mixed_noaug/all/L_M0020_s005_orig.wav,,,
M0020_s006_orig,M0020,6,/nas/home/pcallandrone/DeepLearning/dataset/processed/M1_segmented_only/M_M0020_s006_orig.wav,/nas/home/pcallandrone/DeepLearning/outputs/checkpoints/EXP_H_FULL_TO_TORABI_FOLD2_MIXED_REPLAY005_NOAUG/finetune_fold1_best.pt,EXP_H_FULL_TO_TORABI_FOLD2_MIXED_REPLAY005_NOAUG,4000,8000,teacher_generated_not_ground_truth,False,True,True,1846.6130394398886,32.663758979075865,32.45938674866552,-0.023677551880155707,1.0,-0.9939399609032179,1.0,-0.023677551880155707,-0.9939399609032179,0.023677551880155707,0.9939399609032179,0.023677551880155707,32.252363705908486,0.9939399609032179,32.45938674866552,-19.178125551619885,0.9939399304155385,-0.05278365696884675,0.012083352493609216,-19.178125551619885,-0.05278365696884675,0.9999999585447835,0.0,0.9939399304155385,0.006338892266560631,0.002584266641661625,0.005538295085613377,-6.620775400148634,6.620775400148634,0.17875345634125372,0.8209788859199285,0.08234629931688907,0.08234629931688907,0.03986933454871178,0.016439858824014664,0.03872456029057503,False,"gain_gamma_not_in_[0.1,10.0]",/nas/home/pcallandrone/DeepLearning/dataset/processed/v1_real_ssl_pseudo_from_mixed_noaug/all/M_M0020_s006_orig.wav,/nas/home/pcallandrone/DeepLearning/dataset/processed/v1_real_ssl_pseudo_from_mixed_noaug/all/H_M0020_s006_orig.wav,/nas/home/pcallandrone/DeepLearning/dataset/processed/v1_real_ssl_pseudo_from_mixed_noaug/all/L_M0020_s006_orig.wav,,,
M0020_s007_orig,M0020,7,/nas/home/pcallandrone/DeepLearning/dataset/processed/M1_segmented_only/M_M0020_s007_orig.wav,/nas/home/pcallandrone/DeepLearning/outputs/checkpoints/EXP_H_FULL_TO_TORABI_FOLD2_MIXED_REPLAY005_NOAUG/finetune_fold1_best.pt,EXP_H_FULL_TO_TORABI_FOLD2_MIXED_REPLAY005_NOAUG,4000,8000,teacher_generated_not_ground_truth,False,True,True,5205.793016605027,37.16486896479073,37.0400217774598,-0.013971471271645415,1.0,-0.9941671194197166,1.0,-0.013971471271645415,-0.9941671194197166,0.013971471271645415,0.9941671194197166,0.013971471271645415,36.92214441317504,0.9941671194197166,37.0400217774598,-19.34355540677426,0.9941669965518066,-0.050761225188007617,0.011631733928914423,-19.34355540677426,-0.050761225188007617,0.9999998753383645,0.0,0.9941669965518066,0.0031699284191347896,0.0017111194718264786,0.0022041027975886183,-2.199030247730431,2.199030247730431,0.3755682691748967,0.6231490215772121,0.28657140144701054,0.28657140144701054,0.01737811602652073,0.012536165304481983,0.0198737271130085,False,"gain_gamma_not_in_[0.1,10.0]",/nas/home/pcallandrone/DeepLearning/dataset/processed/v1_real_ssl_pseudo_from_mixed_noaug/all/M_M0020_s007_orig.wav,/nas/home/pcallandrone/DeepLearning/dataset/processed/v1_real_ssl_pseudo_from_mixed_noaug/all/H_M0020_s007_orig.wav,/nas/home/pcallandrone/DeepLearning/dataset/processed/v1_real_ssl_pseudo_from_mixed_noaug/all/L_M0020_s007_orig.wav,,,
M0020_s008_orig,M0020,8,/nas/home/pcallandrone/DeepLearning/dataset/processed/M1_segmented_only/M_M0020_s008_orig.wav,/nas/home/pcallandrone/DeepLearning/outputs/checkpoints/EXP_H_FULL_TO_TORABI_FOLD2_MIXED_REPLAY005_NOAUG/finetune_fold1_best.pt,EXP_H_FULL_TO_TORABI_FOLD2_MIXED_REPLAY005_NOAUG,4000,8000,teacher_generated_not_ground_truth,False,True,True,1154.3904453440916,30.623527235328474,30.36986080458889,-0.029504161718535957,1.0,-0.9736923841596841,1.0,-0.029504161718535957,-0.9736923841596841,0.029504161718535957,0.9736923841596841,0.029504161718535957,30.110863127668743,0.9736923841596841,30.36986080458889,-12.846390688253944,0.9736923588378825,-0.23151481259329804,0.051923137975099454,-12.846390688253944,-0.23151481259329804,0.9999999850553555,0.0,0.9736923588378825,0.006909032109803726,0.0036460634701163228,0.005167156573491754,-3.0285479415572563,3.0285479415572563,0.3323171718184846,0.6674328487165978,0.14003328394996103,0.14003328394996103,0.05980473756790161,0.02758803963661194,0.07203499972820282,False,"gain_gamma_not_in_[0.1,10.0]",/nas/home/pcallandrone/DeepLearning/dataset/processed/v1_real_ssl_pseudo_from_mixed_noaug/all/M_M0020_s008_orig.wav,/nas/home/pcallandrone/DeepLearning/dataset/processed/v1_real_ssl_pseudo_from_mixed_noaug/all/H_M0020_s008_orig.wav,/nas/home/pcallandrone/DeepLearning/dataset/processed/v1_real_ssl_pseudo_from_mixed_noaug/all/L_M0020_s008_orig.wav,,,
M0020_s009_orig,M0020,9,/nas/home/pcallandrone/DeepLearning/dataset/processed/M1_segmented_only/M_M0020_s009_orig.wav,/nas/home/pcallandrone/DeepLearning/outputs/checkpoints/EXP_H_FULL_TO_TORABI_FOLD2_MIXED_REPLAY005_NOAUG/finetune_fold1_best.pt,EXP_H_FULL_TO_TORABI_FOLD2_MIXED_REPLAY005_NOAUG,4000,8000,teacher_generated_not_ground_truth,False,True,True,224.92588564587277,23.520394391894985,22.93790331335498,-0.06920445668185307,1.0,-0.9705928122032225,1.0,-0.06920445668185307,-0.9705928122032225,0.06920445668185307,0.9705928122032225,0.06920445668185307,22.316622578563727,0.9705928122032225,22.93790331335498,-12.369496083023757,0.9705928073695634,-0.25924884845931184,0.05794959321181218,-12.369496083023757,-0.25924884845931184,0.999999990404162,0.0,0.9705928073695634,0.016598337638593353,0.008486150380044135,0.012931091422211197,-3.658489173694317,3.658489173694317,0.30101733967254257,0.6989408609256832,0.09260542576724301,0.09260542576724301,0.17583899199962616,0.1036766991019249,0.18389827013015747,False,"gain_gamma_not_in_[0.1,10.0]",/nas/home/pcallandrone/DeepLearning/dataset/processed/v1_real_ssl_pseudo_from_mixed_noaug/all/M_M0020_s009_orig.wav,/nas/home/pcallandrone/DeepLearning/dataset/processed/v1_real_ssl_pseudo_from_mixed_noaug/all/H_M0020_s009_orig.wav,/nas/home/pcallandrone/DeepLearning/dataset/processed/v1_real_ssl_pseudo_from_mixed_noaug/all/L_M0020_s009_orig.wav,,,
M0020_s010_orig,M0020,10,/nas/home/pcallandrone/DeepLearning/dataset/processed/M1_segmented_only/M_M0020_s010_orig.wav,/nas/home/pcallandrone/DeepLearning/outputs/checkpoints/EXP_H_FULL_TO_TORABI_FOLD2_MIXED_REPLAY005_NOAUG/finetune_fold1_best.pt,EXP_H_FULL_TO_TORABI_FOLD2_MIXED_REPLAY005_NOAUG,4000,8000,teacher_generated_not_ground_truth,False,True,True,212.11296922925303,23.26567223408135,22.667891830685853,-0.07105996717124821,1.0,-0.9661100600727616,1.0,-0.07105996717124821,-0.9661100600727616,0.07105996717124821,0.9661100600727616,0.07105996717124821,22.029599426409167,0.9661100600727616,22.667891830685853,-11.76321373475481,0.9661100557053571,-0.29945816864150215,0.06663135215448425,-11.76321373475481,-0.29945816864150215,1.000000032263905,0.0,0.9661100557053571,0.017552067087592778,0.008496403070486325,0.014066624908994064,-4.379095995985056,4.379095995985056,0.26729805421498665,0.7326649181833589,0.0732167285144866,0.0732167285144866,0.17583899199962616,0.09998415410518646,0.17571045458316803,False,"gain_gamma_not_in_[0.1,10.0]",/nas/home/pcallandrone/DeepLearning/dataset/processed/v1_real_ssl_pseudo_from_mixed_noaug/all/M_M0020_s010_orig.wav,/nas/home/pcallandrone/DeepLearning/dataset/processed/v1_real_ssl_pseudo_from_mixed_noaug/all/H_M0020_s010_orig.wav,/nas/home/pcallandrone/DeepLearning/dataset/processed/v1_real_ssl_pseudo_from_mixed_noaug/all/L_M0020_s010_orig.wav,,,
M0020_s011_orig,M0020,11,/nas/home/pcallandrone/DeepLearning/dataset/processed/M1_segmented_only/M_M0020_s011_orig.wav,/nas/home/pcallandrone/DeepLearning/outputs/checkpoints/EXP_H_FULL_TO_TORABI_FOLD2_MIXED_REPLAY005_NOAUG/finetune_fold1_best.pt,EXP_H_FULL_TO_TORABI_FOLD2_MIXED_REPLAY005_NOAUG,4000,8000,teacher_generated_not_ground_truth,False,True,True,200.25082166813968,23.01574306754812,22.40108836409291,-0.0731229307810932,1.0,-0.9640837452274257,1.0,-0.0731229307810932,-0.9640837452274257,0.0731229307810932,0.9640837452274257,0.0731229307810932,21.74371716409615,0.9640837452274257,22.40108836409291,-11.515489590521925,0.9640837415164804,-0.3176941814291537,0.07054253152906566,-11.515489590521925,-0.3176941814291537,0.9999999617265809,0.0,0.9640837415164804,0.017880742824420637,0.008632112386142506,0.014171809795046493,-4.306164577027093,4.306164577027093,0.2705999480394366,0.7293637363343971,0.08920845582790649,0.08920845582790649,0.17583899199962616,0.09889212995767593,0.18066324293613434,False,"gain_gamma_not_in_[0.1,10.0]",/nas/home/pcallandrone/DeepLearning/dataset/processed/v1_real_ssl_pseudo_from_mixed_noaug/all/M_M0020_s011_orig.wav,/nas/home/pcallandrone/DeepLearning/dataset/processed/v1_real_ssl_pseudo_from_mixed_noaug/all/H_M0020_s011_orig.wav,/nas/home/pcallandrone/DeepLearning/dataset/processed/v1_real_ssl_pseudo_from_mixed_noaug/all/L_M0020_s011_orig.wav,,,
M0020_s012_orig,M0020,12,/nas/home/pcallandrone/DeepLearning/dataset/processed/M1_segmented_only/M_M0020_s012_orig.wav,/nas/home/pcallandrone/DeepLearning/outputs/checkpoints/EXP_H_FULL_TO_TORABI_FOLD2_MIXED_REPLAY005_NOAUG/finetune_fold1_best.pt,EXP_H_FULL_TO_TORABI_FOLD2_MIXED_REPLAY005_NOAUG,4000,8000,teacher_generated_not_ground_truth,False,True,True,216.90945493927507,23.362784830352112,22.77288194641592,-0.0700841920689503,1.0,-0.9644315413121848,1.0,-0.0700841920689503,-0.9644315413121848,0.0700841920689503,0.9644315413121848,0.0700841920689503,22.143751971719155,0.9644315413121848,22.77288194641592,-11.556980655895616,0.9644315378265599,-0.3145609789902527,0.06987180047452501,-11.556980655895616,-0.3145609789902527,0.9999999981191204,0.0,0.9644315378265599,0.017276346533553245,0.008214186600206912,0.013840172827455179,-4.531538978675773,4.531538978675773,0.26047954346419183,0.73948185145257,0.08183381112812399,0.08183381112812399,0.17583899199962616,0.09782322496175766,0.17503339052200317,False,"gain_gamma_not_in_[0.1,10.0]",/nas/home/pcallandrone/DeepLearning/dataset/processed/v1_real_ssl_pseudo_from_mixed_noaug/all/M_M0020_s012_orig.wav,/nas/home/pcallandrone/DeepLearning/dataset/processed/v1_real_ssl_pseudo_from_mixed_noaug/all/H_M0020_s012_orig.wav,/nas/home/pcallandrone/DeepLearning/dataset/processed/v1_real_ssl_pseudo_from_mixed_noaug/all/L_M0020_s012_orig.wav,,,
M0020_s013_orig,M0020,13,/nas/home/pcallandrone/DeepLearning/dataset/processed/M1_segmented_only/M_M0020_s013_orig.wav,/nas/home/pcallandrone/DeepLearning/outputs/checkpoints/EXP_H_FULL_TO_TORABI_FOLD2_MIXED_REPLAY005_NOAUG/finetune_fold1_best.pt,EXP_H_FULL_TO_TORABI_FOLD2_MIXED_REPLAY005_NOAUG,4000,8000,teacher_generated_not_ground_truth,False,True,True,599.2033560937344,27.775742371495337,27.417735239812686,-0.042013013629653734,1.0,-0.9869346682880977,1.0,-0.042013013629653734,-0.9869346682880977,0.042013013629653734,0.9869346682880977,0.042013013629653734,27.045506158051825,0.9869346682880977,27.417735239812686,-15.85695979340126,0.9869346581002271,-0.11422275224894093,0.02595996010203084,-15.85695979340126,-0.11422275224894093,1.0000000307064547,0.0,0.9869346581002271,0.011032763964376585,0.00477747252844813,0.009285506301706338,-5.772147812577424,5.772147812577424,0.20929137362321304,0.7906169294181393,0.10741361128093327,0.10741361128093327,0.09430831670761108,0.030754245817661285,0.09003321826457977,False,"gain_gamma_not_in_[0.1,10.0]",/nas/home/pcallandrone/DeepLearning/dataset/processed/v1_real_ssl_pseudo_from_mixed_noaug/all/M_M0020_s013_orig.wav,/nas/home/pcallandrone/DeepLearning/dataset/processed/v1_real_ssl_pseudo_from_mixed_noaug/all/H_M0020_s013_orig.wav,/nas/home/pcallandrone/DeepLearning/dataset/processed/v1_real_ssl_pseudo_from_mixed_noaug/all/L_M0020_s013_orig.wav,,,
M0020_s014_orig,M0020,14,/nas/home/pcallandrone/DeepLearning/dataset/processed/M1_segmented_only/M_M0020_s014_orig.wav,/nas/home/pcallandrone/DeepLearning/outputs/checkpoints/EXP_H_FULL_TO_TORABI_FOLD2_MIXED_REPLAY005_NOAUG/finetune_fold1_best.pt,EXP_H_FULL_TO_TORABI_FOLD2_MIXED_REPLAY005_NOAUG,4000,8000,teacher_generated_not_ground_truth,False,True,True,77.67643311062103,18.90289274624703,17.933504090933926,-0.1169873269177984,1.0,-0.9221820176236865,1.0,-0.1169873269177984,-0.9221820176236865,0.1169873269177984,0.9221820176236865,0.1169873269177984,16.866282865831465,0.9221820176236865,17.933504090933926,-8.251255277111827,0.9221820167450525,-0.703657759877775,0.149580324927303,-8.251255277111827,-0.703657759877775,1.0000000148670114,0.0,0.9221820167450525,0.02851795919733795,0.01799503316104393,0.017155252878679875,0.41511054206100395,0.41511054206100395,0.52386903241391,0.4761147898620083,0.11906693076599778,0.11906693076599778,0.949999988079071,0.6446086168289185,0.12021534144878387,False,mix_corr<0.95;mix_nmse_db>-10.0,/nas/home/pcallandrone/DeepLearning/dataset/processed/v1_real_ssl_pseudo_from_mixed_noaug/all/M_M0020_s014_orig.wav,/nas/home/pcallandrone/DeepLearning/dataset/processed/v1_real_ssl_pseudo_from_mixed_noaug/all/H_M0020_s014_orig.wav,/nas/home/pcallandrone/DeepLearning/dataset/processed/v1_real_ssl_pseudo_from_mixed_noaug/all/L_M0020_s014_orig.wav,,,
M0020_s015_orig,M0020,15,/nas/home/pcallandrone/DeepLearning/dataset/processed/M1_segmented_only/M_M0020_s015_orig.wav,/nas/home/pcallandrone/DeepLearning/outputs/checkpoints/EXP_H_FULL_TO_TORABI_FOLD2_MIXED_REPLAY005_NOAUG/finetune_fold1_best.pt,EXP_H_FULL_TO_TORABI_FOLD2_MIXED_REPLAY005_NOAUG,4000,8000,teacher_generated_not_ground_truth,False,True,True,77.85930773176885,18.913105379692308,17.95459460501244,-0.11546278122754759,1.0,-0.9123770523130207,1.0,-0.11546278122754759,-0.9123770523130207,0.11546278122754759,0.9123770523130207,0.11546278122754759,16.90383983160437,0.9123770523130207,17.95459460501244,-7.7580861235316405,0.912377049604504,-0.7965023806024002,0.16756811631410928,-7.7580861235316405,-0.7965023806024002,1.0000000114349463,0.0,0.912377049604504,0.02861794287134381,0.01778854496850606,0.01736886332166407,0.20738056690789858,0.20738056690789858,0.511927235074447,0.4880565868304865,0.10301200281919663,0.10301200281919663,0.949999988079071,0.6312817931175232,0.09573279321193695,False,mix_corr<0.95;mix_nmse_db>-10.0,/nas/home/pcallandrone/DeepLearning/dataset/processed/v1_real_ssl_pseudo_from_mixed_noaug/all/M_M0020_s015_orig.wav,/nas/home/pcallandrone/DeepLearning/dataset/processed/v1_real_ssl_pseudo_from_mixed_noaug/all/H_M0020_s015_orig.wav,/nas/home/pcallandrone/DeepLearning/dataset/processed/v1_real_ssl_pseudo_from_mixed_noaug/all/L_M0020_s015_orig.wav,,,
M0020_s016_orig,M0020,16,/nas/home/pcallandrone/DeepLearning/dataset/processed/M1_segmented_only/M_M0020_s016_orig.wav,/nas/home/pcallandrone/DeepLearning/outputs/checkpoints/EXP_H_FULL_TO_TORABI_FOLD2_MIXED_REPLAY005_NOAUG/finetune_fold1_best.pt,EXP_H_FULL_TO_TORABI_FOLD2_MIXED_REPLAY005_NOAUG,4000,8000,teacher_generated_not_ground_truth,False,True,True,82.31370110139967,19.154721294709837,18.214925948681284,-0.11324750551869546,1.0,-0.9220991388803568,1.0,-0.11324750551869546,-0.9220991388803568,0.11324750551869546,0.9220991388803568,0.11324750551869546,17.18348375041492,0.9220991388803568,18.214925948681284,-8.246819477345852,0.922099135374647,-0.7044380946486807,0.14973318142460265,-8.246819477345852,-0.7044380946486807,0.9999999945791812,0.0,0.922099135374647,0.028278960563770883,0.0172793178581506,0.01722429667714221,0.027701927321185756,0.027701927321185756,0.5015862192530426,0.4983969813996523,0.1423291539921451,0.1423291539921451,0.949999988079071,0.6298016309738159,0.2197062373161316,False,mix_corr<0.95;mix_nmse_db>-10.0,/nas/home/pcallandrone/DeepLearning/dataset/processed/v1_real_ssl_pseudo_from_mixed_noaug/all/M_M0020_s016_orig.wav,/nas/home/pcallandrone/DeepLearning/dataset/processed/v1_real_ssl_pseudo_from_mixed_noaug/all/H_M0020_s016_orig.wav,/nas/home/pcallandrone/DeepLearning/dataset/processed/v1_real_ssl_pseudo_from_mixed_noaug/all/L_M0020_s016_orig.wav,,,
M0020_s017_orig,M0020,17,/nas/home/pcallandrone/DeepLearning/dataset/processed/M1_segmented_only/M_M0020_s017_orig.wav,/nas/home/pcallandrone/DeepLearning/outputs/checkpoints/EXP_H_FULL_TO_TORABI_FOLD2_MIXED_REPLAY005_NOAUG/finetune_fold1_best.pt,EXP_H_FULL_TO_TORABI_FOLD2_MIXED_REPLAY005_NOAUG,4000,8000,teacher_generated_not_ground_truth,False,True,True,82.4689483229808,19.16290456301479,18.20035448386909,-0.11648285708865642,1.0,-0.9468530222814846,1.0,-0.11648285708865642,-0.9468530222814846,0.11648285708865642,0.9468530222814846,0.11648285708865642,17.13341412688781,0.9468530222814846,18.20035448386909,-9.851882467726456,0.9468530186768934,-0.4743422854667828,0.10346935771751907,-9.851882467726456,-0.4743422854667828,1.0000000324438696,0.0,0.9468530186768934,0.02748428136409508,0.017719296891027102,0.015373379331979969,1.2335428310672134,1.2335428310672134,0.5705245014972512,0.4294573273980651,0.23297600438240998,0.23297600438240998,0.949999988079071,0.6421566009521484,0.3268863260746002,False,mix_corr<0.95;mix_nmse_db>-10.0,/nas/home/pcallandrone/DeepLearning/dataset/processed/v1_real_ssl_pseudo_from_mixed_noaug/all/M_M0020_s017_orig.wav,/nas/home/pcallandrone/DeepLearning/dataset/processed/v1_real_ssl_pseudo_from_mixed_noaug/all/H_M0020_s017_orig.wav,/nas/home/pcallandrone/DeepLearning/dataset/processed/v1_real_ssl_pseudo_from_mixed_noaug/all/L_M0020_s017_orig.wav,,,
M0020_s018_orig,M0020,18,/nas/home/pcallandrone/DeepLearning/dataset/processed/M1_segmented_only/M_M0020_s018_orig.wav,/nas/home/pcallandrone/DeepLearning/outputs/checkpoints/EXP_H_FULL_TO_TORABI_FOLD2_MIXED_REPLAY005_NOAUG/finetune_fold1_best.pt,EXP_H_FULL_TO_TORABI_FOLD2_MIXED_REPLAY005_NOAUG,4000,8000,teacher_generated_not_ground_truth,False,True,True,1179.3748036902368,30.71651845219655,30.465413594596388,-0.029144206265302005,1.0,-0.9725052252483477,1.0,-0.029144206265302005,-0.9725052252483477,0.029144206265302005,0.9725052252483477,0.029144206265302005,30.210113016892382,0.9725052252483477,30.465413594596388,-12.657317040767087,0.9725051864480756,-0.2420816679481025,0.05423358280118118,-12.657317040767087,-0.2420816679481025,0.9999999320077163,0.0,0.9725051864480756,0.005606481171604075,0.003564833605663593,0.002913123474052394,1.7536074096585126,1.7536074096585126,0.5993134622659797,0.40021493587677925,0.41178196081469715,0.41178196081469715,0.08204037696123123,0.05359736457467079,0.024375522509217262,False,"gain_gamma_not_in_[0.1,10.0]",/nas/home/pcallandrone/DeepLearning/dataset/processed/v1_real_ssl_pseudo_from_mixed_noaug/all/M_M0020_s018_orig.wav,/nas/home/pcallandrone/DeepLearning/dataset/processed/v1_real_ssl_pseudo_from_mixed_noaug/all/H_M0020_s018_orig.wav,/nas/home/pcallandrone/DeepLearning/dataset/processed/v1_real_ssl_pseudo_from_mixed_noaug/all/L_M0020_s018_orig.wav,,,
M0020_s019_orig,M0020,19,/nas/home/pcallandrone/DeepLearning/dataset/processed/M1_segmented_only/M_M0020_s019_orig.wav,/nas/home/pcallandrone/DeepLearning/outputs/checkpoints/EXP_H_FULL_TO_TORABI_FOLD2_MIXED_REPLAY005_NOAUG/finetune_fold1_best.pt,EXP_H_FULL_TO_TORABI_FOLD2_MIXED_REPLAY005_NOAUG,4000,8000,teacher_generated_not_ground_truth,False,True,True,2287.544717304897,33.59369592482287,33.409445305554456,-0.02123910393987801,1.0,-0.9947010064181967,1.0,-0.02123910393987801,-0.9947010064181967,0.02123910393987801,0.9947010064181967,0.02123910393987801,33.22468118437075,0.9947010064181967,33.409445305554456,-19.759289024158896,0.9947009589726269,-0.0461309280608148,0.010569905331075933,-19.759289024158896,-0.0461309280608148,0.9999999576596452,0.0,0.9947009589726269,0.005080616324326369,0.0026365026484663225,0.003765092749867352,-3.0949493442384095,3.0949493442384095,0.3288604492908686,0.6706664482320698,0.22301555064503906,0.22301555064503906,0.03501620888710022,0.027786632999777794,0.03148345276713371,False,"gain_gamma_not_in_[0.1,10.0]",/nas/home/pcallandrone/DeepLearning/dataset/processed/v1_real_ssl_pseudo_from_mixed_noaug/all/M_M0020_s019_orig.wav,/nas/home/pcallandrone/DeepLearning/dataset/processed/v1_real_ssl_pseudo_from_mixed_noaug/all/H_M0020_s019_orig.wav,/nas/home/pcallandrone/DeepLearning/dataset/processed/v1_real_ssl_pseudo_from_mixed_noaug/all/L_M0020_s019_orig.wav,,,
M0020_s020_orig,M0020,20,/nas/home/pcallandrone/DeepLearning/dataset/processed/M1_segmented_only/M_M0020_s020_orig.wav,/nas/home/pcallandrone/DeepLearning/outputs/checkpoints/EXP_H_FULL_TO_TORABI_FOLD2_MIXED_REPLAY005_NOAUG/finetune_fold1_best.pt,EXP_H_FULL_TO_TORABI_FOLD2_MIXED_REPLAY005_NOAUG,4000,8000,teacher_generated_not_ground_truth,False,True,True,1333.0802604056212,31.248562976523836,31.0071414148361,-0.02808284306168928,1.0,-0.9973331336481568,1.0,-0.02808284306168928,-0.9973331336481568,0.02808284306168928,0.9973331336481568,0.02808284306168928,30.76058778154536,0.9973331336481568,31.0071414148361,-22.73548371484064,0.9973331101234916,-0.023190268867575976,0.0053266189342584475,-22.73548371484064,-0.023190268867575976,0.9999999454697591,0.0,0.9973331101234916,0.007178996280387215,0.003215895618264491,0.006104305225994868,-5.566685940580204,5.566685940580204,0.2172022972110638,0.7825876828507591,0.09350764289912664,0.09350764289912664,0.03501620888710022,0.0323132760822773,0.0323139987885952,False,"gain_gamma_not_in_[0.1,10.0]",/nas/home/pcallandrone/DeepLearning/dataset/processed/v1_real_ssl_pseudo_from_mixed_noaug/all/M_M0020_s020_orig.wav,/nas/home/pcallandrone/DeepLearning/dataset/processed/v1_real_ssl_pseudo_from_mixed_noaug/all/H_M0020_s020_orig.wav,/nas/home/pcallandrone/DeepLearning/dataset/processed/v1_real_ssl_pseudo_from_mixed_noaug/all/L_M0020_s020_orig.wav,,,
M0020_s021_orig,M0020,21,/nas/home/pcallandrone/DeepLearning/dataset/processed/M1_segmented_only/M_M0020_s021_orig.wav,/nas/home/pcallandrone/DeepLearning/outputs/checkpoints/EXP_H_FULL_TO_TORABI_FOLD2_MIXED_REPLAY005_NOAUG/finetune_fold1_best.pt,EXP_H_FULL_TO_TORABI_FOLD2_MIXED_REPLAY005_NOAUG,4000,8000,teacher_generated_not_ground_truth,False,True,True,1363.2803767850346,31.345851834710096,31.10722940038052,-0.027758224063199086,1.0,-0.9972233281340567,1.0,-0.027758224063199086,-0.9972233281340567,0.027758224063199086,0.9972233281340567,0.027758224063199086,30.86352026046731,0.9972233281340567,31.10722940038052,-22.56048909071346,0.9972233060728898,-0.02414706390466933,0.005545632560253187,-22.56048909071346,-0.02414706390466933,0.99999998206822,0.0,0.9972233060728898,0.0074323843346071694,0.002792581831557637,0.006547149574353144,-7.400927092357136,7.400927092357136,0.15389672029853935,0.8459059385998229,0.11714459332032649,0.11714459332032649,0.032715972512960434,0.01807314157485962,0.03212494030594826,False,"gain_gamma_not_in_[0.1,10.0]",/nas/home/pcallandrone/DeepLearning/dataset/processed/v1_real_ssl_pseudo_from_mixed_noaug/all/M_M0020_s021_orig.wav,/nas/home/pcallandrone/DeepLearning/dataset/processed/v1_real_ssl_pseudo_from_mixed_noaug/all/H_M0020_s021_orig.wav,/nas/home/pcallandrone/DeepLearning/dataset/processed/v1_real_ssl_pseudo_from_mixed_noaug/all/L_M0020_s021_orig.wav,,,
M0020_s022_orig,M0020,22,/nas/home/pcallandrone/DeepLearning/dataset/processed/M1_segmented_only/M_M0020_s022_orig.wav,/nas/home/pcallandrone/DeepLearning/outputs/checkpoints/EXP_H_FULL_TO_TORABI_FOLD2_MIXED_REPLAY005_NOAUG/finetune_fold1_best.pt,EXP_H_FULL_TO_TORABI_FOLD2_MIXED_REPLAY005_NOAUG,4000,8000,teacher_generated_not_ground_truth,False,True,True,1377.6791216020438,31.391480768276562,31.154148517868112,-0.027603420847576426,1.0,-0.9970351637087547,1.0,-0.027603420847576426,-0.9970351637087547,0.027603420847576426,0.9970351637087547,0.027603420847576426,30.911840567798365,0.9970351637087547,31.154148517868112,-22.276136799729272,0.9970351412638813,-0.025785560083469546,0.005920880829097444,-22.276136799729272,-0.025785560083469546,0.9999999605176282,0.0,0.9970351412638813,0.0073523477604480235,0.0026531247287370358,0.006478732087815601,-7.754647072113192,7.754647072113192,0.14358699061337246,0.8562090236701063,0.1378188191117204,0.1378188191117204,0.032715972512960434,0.012491888366639614,0.03182333707809448,False,"gain_gamma_not_in_[0.1,10.0]",/nas/home/pcallandrone/DeepLearning/dataset/processed/v1_real_ssl_pseudo_from_mixed_noaug/all/M_M0020_s022_orig.wav,/nas/home/pcallandrone/DeepLearning/dataset/processed/v1_real_ssl_pseudo_from_mixed_noaug/all/H_M0020_s022_orig.wav,/nas/home/pcallandrone/DeepLearning/dataset/processed/v1_real_ssl_pseudo_from_mixed_noaug/all/L_M0020_s022_orig.wav,,,
M0020_s023_orig,M0020,23,/nas/home/pcallandrone/DeepLearning/dataset/processed/M1_segmented_only/M_M0020_s023_orig.wav,/nas/home/pcallandrone/DeepLearning/outputs/checkpoints/EXP_H_FULL_TO_TORABI_FOLD2_MIXED_REPLAY005_NOAUG/finetune_fold1_best.pt,EXP_H_FULL_TO_TORABI_FOLD2_MIXED_REPLAY005_NOAUG,4000,8000,teacher_generated_not_ground_truth,False,True,True,1326.3581808270922,31.226608204119103,30.9854455022581,-0.028058394108319517,1.0,-0.9939704514910642,1.0,-0.028058394108319517,-0.9939704514910642,0.028058394108319517,0.9939704514910642,0.028058394108319517,30.73906067932604,0.9939704514910642,30.9854455022581,-19.199965375891807,0.993970429926698,-0.0525209528155853,0.01202274019703463,-19.199965375891807,-0.0525209528155853,0.9999999530854651,0.0,0.993970429926698,0.0075183906440240466,0.0026661232557504276,0.006697154839268492,-8.000202337814658,8.000202337814658,0.136775063750462,0.8630325179024566,0.10920490175793292,0.10920490175793292,0.032715972512960434,0.01194549910724163,0.031463541090488434,False,"gain_gamma_not_in_[0.1,10.0]",/nas/home/pcallandrone/DeepLearning/dataset/processed/v1_real_ssl_pseudo_from_mixed_noaug/all/M_M0020_s023_orig.wav,/nas/home/pcallandrone/DeepLearning/dataset/processed/v1_real_ssl_pseudo_from_mixed_noaug/all/H_M0020_s023_orig.wav,/nas/home/pcallandrone/DeepLearning/dataset/processed/v1_real_ssl_pseudo_from_mixed_noaug/all/L_M0020_s023_orig.wav,,,
M0020_s024_orig,M0020,24,/nas/home/pcallandrone/DeepLearning/dataset/processed/M1_segmented_only/M_M0020_s024_orig.wav,/nas/home/pcallandrone/DeepLearning/outputs/checkpoints/EXP_H_FULL_TO_TORABI_FOLD2_MIXED_REPLAY005_NOAUG/finetune_fold1_best.pt,EXP_H_FULL_TO_TORABI_FOLD2_MIXED_REPLAY005_NOAUG,4000,8000,teacher_generated_not_ground_truth,False,True,True,1163.6293293950348,30.65814659149354,30.399888400386374,-0.030099723362696895,1.0,-0.9967571476945952,1.0,-0.030099723362696895,-0.9967571476945952,0.030099723362696895,0.9967571476945952,0.030099723362696895,30.135105937796205,0.9967571476945952,30.399888400386374,-21.887476642627846,0.996757129552747,-0.02820854070985172,0.006475187307232477,-21.887476642627846,-0.02820854070985172,0.9999999754083049,0.0,0.996757129552747,0.00817881106447672,0.002596915818297885,0.007495681661089105,-9.207065243723843,9.207065243723843,0.10715055362197498,0.8926905629228169,0.0910218406312449,0.0910218406312449,0.03884700685739517,0.012030676007270813,0.035235367715358734,False,"gain_gamma_not_in_[0.1,10.0]",/nas/home/pcallandrone/DeepLearning/dataset/processed/v1_real_ssl_pseudo_from_mixed_noaug/all/M_M0020_s024_orig.wav,/nas/home/pcallandrone/DeepLearning/dataset/processed/v1_real_ssl_pseudo_from_mixed_noaug/all/H_M0020_s024_orig.wav,/nas/home/pcallandrone/DeepLearning/dataset/processed/v1_real_ssl_pseudo_from_mixed_noaug/all/L_M0020_s024_orig.wav,,,
M0020_s025_orig,M0020,25,/nas/home/pcallandrone/DeepLearning/dataset/processed/M1_segmented_only/M_M0020_s025_orig.wav,/nas/home/pcallandrone/DeepLearning/outputs/checkpoints/EXP_H_FULL_TO_TORABI_FOLD2_MIXED_REPLAY005_NOAUG/finetune_fold1_best.pt,EXP_H_FULL_TO_TORABI_FOLD2_MIXED_REPLAY005_NOAUG,4000,8000,teacher_generated_not_ground_truth,False,True,True,1072.5155319610324,30.304035902703994,30.034870852094656,-0.03139988733118324,1.0,-0.9970147922119869,1.0,-0.03139988733118324,-0.9970147922119869,0.03139988733118324,0.9970147922119869,0.03139988733118324,29.758387846412866,0.9970147922119869,30.034870852094656,-22.246442339847057,0.9970147754526993,-0.025964434664399065,0.0059615029886780305,-22.246442339847057,-0.025964434664399065,0.9999999909807199,0.0,0.9970147754526993,0.00850816329710481,0.002479303637963031,0.007911612061878133,-10.078705325003241,10.078705325003241,0.08940941352684467,0.9104451330954468,0.08232579633631489,0.08232579633631489,0.03884700685739517,0.011246074922382832,0.034476857632398605,False,"gain_gamma_not_in_[0.1,10.0]",/nas/home/pcallandrone/DeepLearning/dataset/processed/v1_real_ssl_pseudo_from_mixed_noaug/all/M_M0020_s025_orig.wav,/nas/home/pcallandrone/DeepLearning/dataset/processed/v1_real_ssl_pseudo_from_mixed_noaug/all/H_M0020_s025_orig.wav,/nas/home/pcallandrone/DeepLearning/dataset/processed/v1_real_ssl_pseudo_from_mixed_noaug/all/L_M0020_s025_orig.wav,,,
M0020_s026_orig,M0020,26,/nas/home/pcallandrone/DeepLearning/dataset/processed/M1_segmented_only/M_M0020_s026_orig.wav,/nas/home/pcallandrone/DeepLearning/outputs/checkpoints/EXP_H_FULL_TO_TORABI_FOLD2_MIXED_REPLAY005_NOAUG/finetune_fold1_best.pt,EXP_H_FULL_TO_TORABI_FOLD2_MIXED_REPLAY005_NOAUG,4000,8000,teacher_generated_not_ground_truth,False,True,True,1056.8923136316253,30.240307394568614,29.969106536717128,-0.03164331040578322,1.0,-0.9971639161458927,1.0,-0.03164331040578322,-0.9971639161458927,0.03164331040578322,0.9971639161458927,0.03164331040578322,29.690426350393267,0.9971639161458927,29.969106536717128,-22.46867312508212,0.99716389979735,-0.02466603413055671,0.0056641231529755654,-22.46867312508212,-0.02466603413055671,1.0000000374168871,0.0,0.99716389979735,0.008602356839133048,0.002610988983662892,0.007949972513022286,-9.671211752918623,9.671211752918623,0.09734869404410372,0.902508508637834,0.08611486804169946,0.08611486804169946,0.03884700685739517,0.020188413560390472,0.03420897573232651,False,"gain_gamma_not_in_[0.1,10.0]",/nas/home/pcallandrone/DeepLearning/dataset/processed/v1_real_ssl_pseudo_from_mixed_noaug/all/M_M0020_s026_orig.wav,/nas/home/pcallandrone/DeepLearning/dataset/processed/v1_real_ssl_pseudo_from_mixed_noaug/all/H_M0020_s026_orig.wav,/nas/home/pcallandrone/DeepLearning/dataset/processed/v1_real_ssl_pseudo_from_mixed_noaug/all/L_M0020_s026_orig.wav,,,
M0023_s019_orig,M0023,19,/nas/home/pcallandrone/DeepLearning/dataset/processed/M1_segmented_only/M_M0023_s019_orig.wav,/nas/home/pcallandrone/DeepLearning/outputs/checkpoints/EXP_H_FULL_TO_TORABI_FOLD2_MIXED_REPLAY005_NOAUG/finetune_fold1_best.pt,EXP_H_FULL_TO_TORABI_FOLD2_MIXED_REPLAY005_NOAUG,4000,8000,teacher_generated_not_ground_truth,False,True,True,10.726137147650117,10.30443345683814,7.273570566166539,-0.4110722447961554,1.0,-0.9497229727934144,1.0,-0.4110722447961554,-0.9497229727934144,0.4110722447961554,0.9497229727934144,0.4110722447961554,2.8988911506976835,0.9497229727934144,7.273570566166539,-10.086575030871698,0.9497229729099964,-0.44806021404544727,0.09802627435863555,-10.086575030871698,-0.44806021404544727,0.9999999742629342,0.0,0.9497229729099964,0.08232989071374376,0.041382155579031486,0.0569159774566978,-2.768421790973527,2.768421790973527,0.34582189417061704,0.6541760864111786,0.24665020191927217,0.24665020191927217,0.5195014476776123,0.4219559133052826,0.39169272780418396,False,mix_corr<0.95,/nas/home/pcallandrone/DeepLearning/dataset/processed/v1_real_ssl_pseudo_from_mixed_noaug/all/M_M0023_s019_orig.wav,/nas/home/pcallandrone/DeepLearning/dataset/processed/v1_real_ssl_pseudo_from_mixed_noaug/all/H_M0023_s019_orig.wav,/nas/home/pcallandrone/DeepLearning/dataset/processed/v1_real_ssl_pseudo_from_mixed_noaug/all/L_M0023_s019_orig.wav,,,
M0023_s020_orig,M0023,20,/nas/home/pcallandrone/DeepLearning/dataset/processed/M1_segmented_only/M_M0023_s020_orig.wav,/nas/home/pcallandrone/DeepLearning/outputs/checkpoints/EXP_H_FULL_TO_TORABI_FOLD2_MIXED_REPLAY005_NOAUG/finetune_fold1_best.pt,EXP_H_FULL_TO_TORABI_FOLD2_MIXED_REPLAY005_NOAUG,4000,8000,teacher_generated_not_ground_truth,False,True,True,9.69924363353208,9.86737868432124,6.645994273280325,-0.4415679191444633,1.0,-0.9490682311009642,1.0,-0.4415679191444633,-0.9490682311009642,0.4415679191444633,0.9490682311009642,0.4415679191444633,1.8748125278474461,0.9490682311009642,6.645994273280325,-10.03184196596308,0.9490682308379231,-0.4540505407289388,0.09926949290736657,-10.03184196596308,-0.4540505407289388,0.9999999826925924,0.0,0.9490682308379231,0.0902101554099517,0.04314306411575909,0.0640737190497529,-3.435378923804816,3.435378923804816,0.3119480522763443,0.6880502717765589,0.24658372633302153,0.24658372633302153,0.5195014476776123,0.4472101330757141,0.3991674482822418,False,mix_corr<0.95,/nas/home/pcallandrone/DeepLearning/dataset/processed/v1_real_ssl_pseudo_from_mixed_noaug/all/M_M0023_s020_orig.wav,/nas/home/pcallandrone/DeepLearning/dataset/processed/v1_real_ssl_pseudo_from_mixed_noaug/all/H_M0023_s020_orig.wav,/nas/home/pcallandrone/DeepLearning/dataset/processed/v1_real_ssl_pseudo_from_mixed_noaug/all/L_M0023_s020_orig.wav,,,
M0024_s014_orig,M0024,14,/nas/home/pcallandrone/DeepLearning/dataset/processed/M1_segmented_only/M_M0024_s014_orig.wav,/nas/home/pcallandrone/DeepLearning/outputs/checkpoints/EXP_H_FULL_TO_TORABI_FOLD2_MIXED_REPLAY005_NOAUG/finetune_fold1_best.pt,EXP_H_FULL_TO_TORABI_FOLD2_MIXED_REPLAY005_NOAUG,4000,8000,teacher_generated_not_ground_truth,False,True,True,4.032026008574665,6.055233248620792,0.2909499887441533,-0.917776972304557,1.0,-0.949040313735403,1.0,-0.917776972304557,-0.949040313735403,0.917776972304557,0.949040313735403,0.917776972304557,-9.72440250139692,0.949040313735403,0.2909499887441533,-10.029524319968193,0.9490403136532375,-0.4543063446751125,0.09932248297583142,-10.029524319968193,-0.4543063446751125,0.9999999685091181,0.0,0.9490403136532375,0.17125334268352457,0.11725083015485809,0.09493699335498616,1.8336090547118653,1.8336090547118653,0.6040102828070467,0.39598927784108284,0.16413116112773424,0.16413116112773424,0.9379980564117432,0.6724729537963867,0.4338589608669281,False,mix_corr<0.95,/nas/home/pcallandrone/DeepLearning/dataset/processed/v1_real_ssl_pseudo_from_mixed_noaug/all/M_M0024_s014_orig.wav,/nas/home/pcallandrone/DeepLearning/dataset/processed/v1_real_ssl_pseudo_from_mixed_noaug/all/H_M0024_s014_orig.wav,/nas/home/pcallandrone/DeepLearning/dataset/processed/v1_real_ssl_pseudo_from_mixed_noaug/all/L_M0024_s014_orig.wav,,,
M0024_s018_orig,M0024,18,/nas/home/pcallandrone/DeepLearning/dataset/processed/M1_segmented_only/M_M0024_s018_orig.wav,/nas/home/pcallandrone/DeepLearning/outputs/checkpoints/EXP_H_FULL_TO_TORABI_FOLD2_MIXED_REPLAY005_NOAUG/finetune_fold1_best.pt,EXP_H_FULL_TO_TORABI_FOLD2_MIXED_REPLAY005_NOAUG,4000,8000,teacher_generated_not_ground_truth,False,True,True,3.886762967853838,5.895880562237615,-0.026112885204593046,-0.9520862699644266,1.0,-0.9492282561862156,1.0,-0.9520862699644266,-0.9492282561862156,0.9520862699644266,0.9492282561862156,0.9520862699644266,-9.946149152482997,0.9492282561862156,-0.026112885204593046,-10.045152220761596,0.9492282561980139,-0.4525867166608475,0.09896571756528368,-10.045152220761596,-0.4525867166608475,1.000000000317955,0.0,0.9492282561980139,0.18886848344423823,0.12162471654689157,0.12057219881395771,0.07549320277047113,0.07549320277047113,0.5043454567039546,0.495654202350963,0.0958383352576404,0.0958383352576404,0.9020868539810181,0.647753119468689,0.5132812261581421,False,mix_corr<0.95,/nas/home/pcallandrone/DeepLearning/dataset/processed/v1_real_ssl_pseudo_from_mixed_noaug/all/M_M0024_s018_orig.wav,/nas/home/pcallandrone/DeepLearning/dataset/processed/v1_real_ssl_pseudo_from_mixed_noaug/all/H_M0024_s018_orig.wav,/nas/home/pcallandrone/DeepLearning/dataset/processed/v1_real_ssl_pseudo_from_mixed_noaug/all/L_M0024_s018_orig.wav,,,
M0024_s019_orig,M0024,19,/nas/home/pcallandrone/DeepLearning/dataset/processed/M1_segmented_only/M_M0024_s019_orig.wav,/nas/home/pcallandrone/DeepLearning/outputs/checkpoints/EXP_H_FULL_TO_TORABI_FOLD2_MIXED_REPLAY005_NOAUG/finetune_fold1_best.pt,EXP_H_FULL_TO_TORABI_FOLD2_MIXED_REPLAY005_NOAUG,4000,8000,teacher_generated_not_ground_truth,False,True,True,4.157929856016938,6.188771585400064,0.5935505812271846,-0.8772646688676915,1.0,-0.9393083376728156,1.0,-0.8772646688676915,-0.9393083376728156,0.8772646688676915,0.9393083376728156,0.8772646688676915,-8.69762997604235,0.9393083376728156,0.5935505812271846,-9.292241052912646,0.9393083380274067,-0.5438361859565417,0.11769984602749253,-9.292241052912646,-0.5438361859565417,0.9999999922086178,0.0,0.9393083380274067,0.1716448958051445,0.11015357579906955,0.10904325722843919,0.08799567876231998,0.08799567876231998,0.5050650549333151,0.4949345288206384,0.08200770873898731,0.08200770873898731,0.890716552734375,0.5905693769454956,0.6186419129371643,False,mix_corr<0.95;mix_nmse_db>-10.0,/nas/home/pcallandrone/DeepLearning/dataset/processed/v1_real_ssl_pseudo_from_mixed_noaug/all/M_M0024_s019_orig.wav,/nas/home/pcallandrone/DeepLearning/dataset/processed/v1_real_ssl_pseudo_from_mixed_noaug/all/H_M0024_s019_orig.wav,/nas/home/pcallandrone/DeepLearning/dataset/processed/v1_real_ssl_pseudo_from_mixed_noaug/all/L_M0024_s019_orig.wav,,,
M0024_s020_orig,M0024,20,/nas/home/pcallandrone/DeepLearning/dataset/processed/M1_segmented_only/M_M0024_s020_orig.wav,/nas/home/pcallandrone/DeepLearning/outputs/checkpoints/EXP_H_FULL_TO_TORABI_FOLD2_MIXED_REPLAY005_NOAUG/finetune_fold1_best.pt,EXP_H_FULL_TO_TORABI_FOLD2_MIXED_REPLAY005_NOAUG,4000,8000,teacher_generated_not_ground_truth,False,True,True,4.571312579130326,6.600409186750494,1.3672543649250026,-0.8033839995183814,1.0,-0.9403421842125361,1.0,-0.8033839995183814,-0.9403421842125361,0.8033839995183814,0.9403421842125361,0.8033839995183814,-7.728374676648833,0.9403421842125361,1.3672543649250026,-9.364543259815562,0.9403421842121377,-0.5342813238915319,0.11575657649307546,-9.364543259815562,-0.5342813238915319,0.9999999921106228,0.0,0.9403421842121377,0.1595189909887642,0.10089765776939041,0.10390203853228355,-0.25485967432827505,0.25485967432827505,0.4853330752647656,0.5146664479994848,0.07272270510264249,0.07272270510264249,0.9273540377616882,0.556613028049469,0.644706666469574,False,mix_corr<0.95;mix_nmse_db>-10.0,/nas/home/pcallandrone/DeepLearning/dataset/processed/v1_real_ssl_pseudo_from_mixed_noaug/all/M_M0024_s020_orig.wav,/nas/home/pcallandrone/DeepLearning/dataset/processed/v1_real_ssl_pseudo_from_mixed_noaug/all/H_M0024_s020_orig.wav,/nas/home/pcallandrone/DeepLearning/dataset/processed/v1_real_ssl_pseudo_from_mixed_noaug/all/L_M0024_s020_orig.wav,,,
M0024_s021_orig,M0024,21,/nas/home/pcallandrone/DeepLearning/dataset/processed/M1_segmented_only/M_M0024_s021_orig.wav,/nas/home/pcallandrone/DeepLearning/outputs/checkpoints/EXP_H_FULL_TO_TORABI_FOLD2_MIXED_REPLAY005_NOAUG/finetune_fold1_best.pt,EXP_H_FULL_TO_TORABI_FOLD2_MIXED_REPLAY005_NOAUG,4000,8000,teacher_generated_not_ground_truth,False,True,True,4.558123597036688,6.587860972338374,1.3413702172902302,-0.806333211536952,1.0,-0.9409858245027377,1.0,-0.806333211536952,-0.9409858245027377,0.806333211536952,0.9409858245027377,0.806333211536952,-7.808734168242379,0.9409858245027377,1.3413702172902302,-9.410212921894669,0.9409858244082515,-0.5283384656151837,0.11454567816698184,-9.410212921894669,-0.5283384656151837,1.0000000346589974,0.0,0.9409858244082515,0.1614512527587825,0.10204799420921029,0.10292242203625952,-0.07411049671129251,0.07411049671129251,0.49573372441082314,0.5042657995534819,0.0987284333398918,0.0987284333398918,0.9273540377616882,0.5437163710594177,0.6780211925506592,False,mix_corr<0.95;mix_nmse_db>-10.0,/nas/home/pcallandrone/DeepLearning/dataset/processed/v1_real_ssl_pseudo_from_mixed_noaug/all/M_M0024_s021_orig.wav,/nas/home/pcallandrone/DeepLearning/dataset/processed/v1_real_ssl_pseudo_from_mixed_noaug/all/H_M0024_s021_orig.wav,/nas/home/pcallandrone/DeepLearning/dataset/processed/v1_real_ssl_pseudo_from_mixed_noaug/all/L_M0024_s021_orig.wav,,,
M0024_s023_orig,M0024,23,/nas/home/pcallandrone/DeepLearning/dataset/processed/M1_segmented_only/M_M0024_s023_orig.wav,/nas/home/pcallandrone/DeepLearning/outputs/checkpoints/EXP_H_FULL_TO_TORABI_FOLD2_MIXED_REPLAY005_NOAUG/finetune_fold1_best.pt,EXP_H_FULL_TO_TORABI_FOLD2_MIXED_REPLAY005_NOAUG,4000,8000,teacher_generated_not_ground_truth,False,True,True,4.420040387169663,6.4542623763976845,1.1445567731493362,-0.8138491935924893,1.0,-0.9284783845155061,1.0,-0.8138491935924893,-0.9284783845155061,0.8138491935924893,0.9284783845155061,0.8138491935924893,-7.37480505233124,0.9284783845155061,1.1445567731493362,-8.603479114962669,0.9284783848636698,-0.6445635771861036,0.13792788873473033,-8.603479114962669,-0.6445635771861036,0.9999999801980968,0.0,0.9284783848636698,0.15321766020104063,0.10063267962556643,0.08528300618453596,1.4375307304595795,1.4375307304595795,0.5820032338520977,0.41799619143979505,0.1653173740951846,0.1653173740951846,0.9273540377616882,0.538512647151947,0.5755325555801392,False,mix_corr<0.95;mix_nmse_db>-10.0,/nas/home/pcallandrone/DeepLearning/dataset/processed/v1_real_ssl_pseudo_from_mixed_noaug/all/M_M0024_s023_orig.wav,/nas/home/pcallandrone/DeepLearning/dataset/processed/v1_real_ssl_pseudo_from_mixed_noaug/all/H_M0024_s023_orig.wav,/nas/home/pcallandrone/DeepLearning/dataset/processed/v1_real_ssl_pseudo_from_mixed_noaug/all/L_M0024_s023_orig.wav,,,
M0024_s026_orig,M0024,26,/nas/home/pcallandrone/DeepLearning/dataset/processed/M1_segmented_only/M_M0024_s026_orig.wav,/nas/home/pcallandrone/DeepLearning/outputs/checkpoints/EXP_H_FULL_TO_TORABI_FOLD2_MIXED_REPLAY005_NOAUG/finetune_fold1_best.pt,EXP_H_FULL_TO_TORABI_FOLD2_MIXED_REPLAY005_NOAUG,4000,8000,teacher_generated_not_ground_truth,False,True,True,4.748433656248163,6.765503745444372,1.6350614140798307,-0.7862151953425807,1.0,-0.9490618840684631,1.0,-0.7862151953425807,-0.9490618840684631,0.7862151953425807,0.9490618840684631,0.7862151953425807,-7.802077087458171,0.9490618840684631,1.6350614140798307,-10.031314998130838,0.9490618847136023,-0.45410925423970155,0.09928153888205,-10.031314998130838,-0.45410925423970155,1.0000000103895574,0.0,0.9490618847136023,0.1565965656815026,0.10075799813796357,0.09984044325450946,0.07946059781835867,0.07946059781835867,0.5045737413229852,0.49542576166649077,0.09779486589517684,0.09779486589517684,0.80787193775177,0.5479013323783875,0.3745850622653961,False,mix_corr<0.95,/nas/home/pcallandrone/DeepLearning/dataset/processed/v1_real_ssl_pseudo_from_mixed_noaug/all/M_M0024_s026_orig.wav,/nas/home/pcallandrone/DeepLearning/dataset/processed/v1_real_ssl_pseudo_from_mixed_noaug/all/H_M0024_s026_orig.wav,/nas/home/pcallandrone/DeepLearning/dataset/processed/v1_real_ssl_pseudo_from_mixed_noaug/all/L_M0024_s026_orig.wav,,,
M0029_s010_orig,M0029,10,/nas/home/pcallandrone/DeepLearning/dataset/processed/M1_segmented_only/M_M0029_s010_orig.wav,/nas/home/pcallandrone/DeepLearning/outputs/checkpoints/EXP_H_FULL_TO_TORABI_FOLD2_MIXED_REPLAY005_NOAUG/finetune_fold1_best.pt,EXP_H_FULL_TO_TORABI_FOLD2_MIXED_REPLAY005_NOAUG,4000,8000,teacher_generated_not_ground_truth,False,True,True,5.920002719845746,7.7232190625226576,3.3862328247882996,-0.62800741018235,1.0,-0.9274200175019407,1.0,-0.62800741018235,-0.9274200175019407,0.62800741018235,0.9274200175019407,0.62800741018235,-3.5489898595217766,0.9274200175019407,3.3862328247882996,-8.542067740706024,0.9274200171442757,-0.6544703255118907,0.13989211168126928,-8.542067740706024,-0.6544703255118907,0.9999999964178894,0.0,0.9274200171442757,0.1448477783526238,0.08510083151092783,0.099465858804888,-1.3548046641186655,1.3548046641186655,0.42263729699156344,0.5773621194286872,0.053766304413271446,0.053766304413271446,0.7893022894859314,0.4757612347602844,0.7636337876319885,False,mix_corr<0.95;mix_nmse_db>-10.0,/nas/home/pcallandrone/DeepLearning/dataset/processed/v1_real_ssl_pseudo_from_mixed_noaug/all/M_M0029_s010_orig.wav,/nas/home/pcallandrone/DeepLearning/dataset/processed/v1_real_ssl_pseudo_from_mixed_noaug/all/H_M0029_s010_orig.wav,/nas/home/pcallandrone/DeepLearning/dataset/processed/v1_real_ssl_pseudo_from_mixed_noaug/all/L_M0029_s010_orig.wav,,,
M0033_s004_orig,M0033,4,/nas/home/pcallandrone/DeepLearning/dataset/processed/M1_segmented_only/M_M0033_s004_orig.wav,/nas/home/pcallandrone/DeepLearning/outputs/checkpoints/EXP_H_FULL_TO_TORABI_FOLD2_MIXED_REPLAY005_NOAUG/finetune_fold1_best.pt,EXP_H_FULL_TO_TORABI_FOLD2_MIXED_REPLAY005_NOAUG,4000,8000,teacher_generated_not_ground_truth,False,True,True,8.373150952670409,9.228889208178527,5.699992519112044,-0.4922557213981331,1.0,-0.9488346401686648,1.0,-0.4922557213981331,-0.9488346401686648,0.4922557213981331,0.9488346401686648,0.4922557213981331,0.24299013315159002,0.9488346401686648,5.699992519112044,-10.012489808141705,0.9488346405520749,-0.4561890392228215,0.09971282467905634,-10.012489808141705,-0.4561890392228215,1.0000000089470622,0.0,0.9488346405520749,0.10920462650800991,0.058436918195638364,0.07631118909147981,-2.3180183297813324,2.3180183297813324,0.36964381277845726,0.6303551047690809,0.16798858454843832,0.16798858454843832,0.949999988079071,0.625249445438385,0.5466167330741882,False,mix_corr<0.95,/nas/home/pcallandrone/DeepLearning/dataset/processed/v1_real_ssl_pseudo_from_mixed_noaug/all/M_M0033_s004_orig.wav,/nas/home/pcallandrone/DeepLearning/dataset/processed/v1_real_ssl_pseudo_from_mixed_noaug/all/H_M0033_s004_orig.wav,/nas/home/pcallandrone/DeepLearning/dataset/processed/v1_real_ssl_pseudo_from_mixed_noaug/all/L_M0033_s004_orig.wav,,,
M0033_s009_orig,M0033,9,/nas/home/pcallandrone/DeepLearning/dataset/processed/M1_segmented_only/M_M0033_s009_orig.wav,/nas/home/pcallandrone/DeepLearning/outputs/checkpoints/EXP_H_FULL_TO_TORABI_FOLD2_MIXED_REPLAY005_NOAUG/finetune_fold1_best.pt,EXP_H_FULL_TO_TORABI_FOLD2_MIXED_REPLAY005_NOAUG,4000,8000,teacher_generated_not_ground_truth,False,True,True,15.890790897572261,12.011455129344748,9.627018643319756,-0.31130686409935965,1.0,-0.9430614802332516,1.0,-0.31130686409935965,-0.9430614802332516,0.31130686409935965,0.9430614802332516,0.31130686409935965,6.496549955808046,0.9430614802332516,9.627018643319756,-9.561072857181463,0.9430614800551261,-0.5091988230742953,0.11063504434933646,-9.561072857181463,-0.5091988230742953,1.0000000000552902,0.0,0.9430614800551261,0.0715976109455906,0.038985359329519444,0.04624768626044785,-1.4837693736846547,1.4837693736846547,0.4154074654222006,0.5845898013790449,0.24969402228577253,0.24969402228577253,0.4119414687156677,0.21508565545082092,0.2749671936035156,False,mix_corr<0.95;mix_nmse_db>-10.0,/nas/home/pcallandrone/DeepLearning/dataset/processed/v1_real_ssl_pseudo_from_mixed_noaug/all/M_M0033_s009_orig.wav,/nas/home/pcallandrone/DeepLearning/dataset/processed/v1_real_ssl_pseudo_from_mixed_noaug/all/H_M0033_s009_orig.wav,/nas/home/pcallandrone/DeepLearning/dataset/processed/v1_real_ssl_pseudo_from_mixed_noaug/all/L_M0033_s009_orig.wav,,,
M0035_s025_orig,M0035,25,/nas/home/pcallandrone/DeepLearning/dataset/processed/M1_segmented_only/M_M0035_s025_orig.wav,/nas/home/pcallandrone/DeepLearning/outputs/checkpoints/EXP_H_FULL_TO_TORABI_FOLD2_MIXED_REPLAY005_NOAUG/finetune_fold1_best.pt,EXP_H_FULL_TO_TORABI_FOLD2_MIXED_REPLAY005_NOAUG,4000,8000,teacher_generated_not_ground_truth,False,True,True,5.294100733332307,7.237922005683056,2.6165245885990562,-0.6754107899135232,1.0,-0.912839183941758,1.0,-0.6754107899135232,-0.912839183941758,0.6754107899135232,0.912839183941758,0.6754107899135232,-4.446928526887629,0.912839183941758,2.6165245885990562,-7.780002539383471,0.912839184141347,-0.7921138437574085,0.16672462376874736,-7.780002539383471,-0.7921138437574085,0.9999999736595099,0.0,0.912839184141347,0.13980976019548347,0.08376091443469078,0.08876665924532401,-0.5041693086698086,0.5041693086698086,0.4710099153638586,0.5289894132888676,0.0936390118362073,0.0936390118362073,0.949999988079071,0.5744041800498962,0.6200448870658875,False,mix_corr<0.95;mix_nmse_db>-10.0,/nas/home/pcallandrone/DeepLearning/dataset/processed/v1_real_ssl_pseudo_from_mixed_noaug/all/M_M0035_s025_orig.wav,/nas/home/pcallandrone/DeepLearning/dataset/processed/v1_real_ssl_pseudo_from_mixed_noaug/all/H_M0035_s025_orig.wav,/nas/home/pcallandrone/DeepLearning/dataset/processed/v1_real_ssl_pseudo_from_mixed_noaug/all/L_M0035_s025_orig.wav,,,
M0035_s026_orig,M0035,26,/nas/home/pcallandrone/DeepLearning/dataset/processed/M1_segmented_only/M_M0035_s026_orig.wav,/nas/home/pcallandrone/DeepLearning/outputs/checkpoints/EXP_H_FULL_TO_TORABI_FOLD2_MIXED_REPLAY005_NOAUG/finetune_fold1_best.pt,EXP_H_FULL_TO_TORABI_FOLD2_MIXED_REPLAY005_NOAUG,4000,8000,teacher_generated_not_ground_truth,False,True,True,3.683806209790087,5.662967756419432,-0.4297587472620419,-0.9814842738804239,1.0,-0.9341043647433951,1.0,-0.9814842738804239,-0.9341043647433951,0.9814842738804239,0.9341043647433951,0.9814842738804239,-8.936065682372783,0.9341043647433951,-0.4297587472620419,-8.946634422026584,0.9341043641242028,-0.5920916243586811,0.12744903685091694,-8.946634422026584,-0.5920916243586811,0.9999999807204416,0.0,0.9341043641242028,0.18460175635849332,0.12456000892446267,0.10401492973098746,1.565659013237912,1.565659013237912,0.5891627682912136,0.4108368519760552,0.1312253738665884,0.1312253738665884,0.949999988079071,0.6433014273643494,0.6821151971817017,False,mix_corr<0.95;mix_nmse_db>-10.0,/nas/home/pcallandrone/DeepLearning/dataset/processed/v1_real_ssl_pseudo_from_mixed_noaug/all/M_M0035_s026_orig.wav,/nas/home/pcallandrone/DeepLearning/dataset/processed/v1_real_ssl_pseudo_from_mixed_noaug/all/H_M0035_s026_orig.wav,/nas/home/pcallandrone/DeepLearning/dataset/processed/v1_real_ssl_pseudo_from_mixed_noaug/all/L_M0035_s026_orig.wav,,,
M0036_s000_orig,M0036,0,/nas/home/pcallandrone/DeepLearning/dataset/processed/M1_segmented_only/M_M0036_s000_orig.wav,/nas/home/pcallandrone/DeepLearning/outputs/checkpoints/EXP_H_FULL_TO_TORABI_FOLD2_MIXED_REPLAY005_NOAUG/finetune_fold1_best.pt,EXP_H_FULL_TO_TORABI_FOLD2_MIXED_REPLAY005_NOAUG,4000,8000,teacher_generated_not_ground_truth,False,True,True,5.884281209063997,7.696934194304888,3.357336623513138,-0.6272931588440784,1.0,-0.9232885457715548,1.0,-0.6272931588440784,-0.9232885457715548,0.6272931588440784,0.9232885457715548,0.6272931588440784,-3.482662495185946,0.9232885457715548,3.357336623513138,-8.310953384823708,0.9232885455914864,-0.6932504683878443,0.14753826144014043,-8.310953384823708,-0.6932504683878443,0.9999999818809692,0.0,0.9232885455914864,0.13371245890360084,0.07938723722942716,0.08886498439349022,-0.9795996142352609,0.9795996142352609,0.4438472751382511,0.5561520206031124,0.07384224531035455,0.07384224531035455,0.949999988079071,0.6271759867668152,0.7424284219741821,False,mix_corr<0.95;mix_nmse_db>-10.0,/nas/home/pcallandrone/DeepLearning/dataset/processed/v1_real_ssl_pseudo_from_mixed_noaug/all/M_M0036_s000_orig.wav,/nas/home/pcallandrone/DeepLearning/dataset/processed/v1_real_ssl_pseudo_from_mixed_noaug/all/H_M0036_s000_orig.wav,/nas/home/pcallandrone/DeepLearning/dataset/processed/v1_real_ssl_pseudo_from_mixed_noaug/all/L_M0036_s000_orig.wav,,,
M0036_s001_orig,M0036,1,/nas/home/pcallandrone/DeepLearning/dataset/processed/M1_segmented_only/M_M0036_s001_orig.wav,/nas/home/pcallandrone/DeepLearning/outputs/checkpoints/EXP_H_FULL_TO_TORABI_FOLD2_MIXED_REPLAY005_NOAUG/finetune_fold1_best.pt,EXP_H_FULL_TO_TORABI_FOLD2_MIXED_REPLAY005_NOAUG,4000,8000,teacher_generated_not_ground_truth,False,True,True,5.385701316581897,7.312422643823612,2.651567931139917,-0.6908366380847589,1.0,-0.9374622658987173,1.0,-0.6908366380847589,-0.9374622658987173,0.6908366380847589,0.9374622658987173,0.6908366380847589,-5.269910848997268,0.9374622658987173,2.651567931139917,-9.166246064076857,0.9374622659894137,-0.560924243064898,0.12116449975237857,-9.166246064076857,-0.560924243064898,1.000000044321104,0.0,0.9374622659894137,0.16325573108634345,0.08459943239379296,0.12420194300588348,-3.3352188148758612,3.3352188148758612,0.316919880106059,0.683079677086832,0.03996836492381323,0.03996836492381323,0.949999988079071,0.6084137558937073,0.623940110206604,False,mix_corr<0.95;mix_nmse_db>-10.0,/nas/home/pcallandrone/DeepLearning/dataset/processed/v1_real_ssl_pseudo_from_mixed_noaug/all/M_M0036_s001_orig.wav,/nas/home/pcallandrone/DeepLearning/dataset/processed/v1_real_ssl_pseudo_from_mixed_noaug/all/H_M0036_s001_orig.wav,/nas/home/pcallandrone/DeepLearning/dataset/processed/v1_real_ssl_pseudo_from_mixed_noaug/all/L_M0036_s001_orig.wav,,,
M0036_s009_orig,M0036,9,/nas/home/pcallandrone/DeepLearning/dataset/processed/M1_segmented_only/M_M0036_s009_orig.wav,/nas/home/pcallandrone/DeepLearning/outputs/checkpoints/EXP_H_FULL_TO_TORABI_FOLD2_MIXED_REPLAY005_NOAUG/finetune_fold1_best.pt,EXP_H_FULL_TO_TORABI_FOLD2_MIXED_REPLAY005_NOAUG,4000,8000,teacher_generated_not_ground_truth,False,True,True,9.612432703626345,9.828333123365576,6.610082120202136,-0.4399123014164537,1.0,-0.9416084832494059,1.0,-0.4399123014164537,-0.9416084832494059,0.4399123014164537,0.9416084832494059,0.4399123014164537,1.9049547281084933,0.9416084832494059,6.610082120202136,-9.454885799202465,0.9416084827425699,-0.5225925211103737,0.11337346500658067,-9.454885799202465,-0.5225925211103737,1.000000029744002,0.0,0.9416084827425699,0.10635123150525225,0.054737610380165315,0.08116314856161773,-3.4214610460362143,3.4214610460362143,0.31263651127008696,0.6873624452885999,0.050038893984671456,0.050038893984671456,0.6713125109672546,0.37774911522865295,0.5041229128837585,False,mix_corr<0.95;mix_nmse_db>-10.0,/nas/home/pcallandrone/DeepLearning/dataset/processed/v1_real_ssl_pseudo_from_mixed_noaug/all/M_M0036_s009_orig.wav,/nas/home/pcallandrone/DeepLearning/dataset/processed/v1_real_ssl_pseudo_from_mixed_noaug/all/H_M0036_s009_orig.wav,/nas/home/pcallandrone/DeepLearning/dataset/processed/v1_real_ssl_pseudo_from_mixed_noaug/all/L_M0036_s009_orig.wav,,,
M0036_s010_orig,M0036,10,/nas/home/pcallandrone/DeepLearning/dataset/processed/M1_segmented_only/M_M0036_s010_orig.wav,/nas/home/pcallandrone/DeepLearning/outputs/checkpoints/EXP_H_FULL_TO_TORABI_FOLD2_MIXED_REPLAY005_NOAUG/finetune_fold1_best.pt,EXP_H_FULL_TO_TORABI_FOLD2_MIXED_REPLAY005_NOAUG,4000,8000,teacher_generated_not_ground_truth,False,True,True,7.48357235951145,8.741089622578558,5.029843018899895,-0.5181217196122104,1.0,-0.9245366466095432,1.0,-0.5181217196122104,-0.9245366466095432,0.5181217196122104,0.9245366466095432,0.5181217196122104,-0.5325414235212819,0.9245366466095432,5.029843018899895,-8.379377152263018,0.9245366465651308,-0.68151651463506,0.14523198885493932,-8.379377152263018,-0.68151651463506,1.0000000020558686,0.0,0.9245366465651308,0.0906803852021207,0.06524691429875751,0.04595319853701366,3.044884640799743,3.044884640799743,0.6684329105817022,0.3315655192801354,0.11003834791526682,0.11003834791526682,0.5886551737785339,0.4401176869869232,0.39617598056793213,False,mix_corr<0.95;mix_nmse_db>-10.0,/nas/home/pcallandrone/DeepLearning/dataset/processed/v1_real_ssl_pseudo_from_mixed_noaug/all/M_M0036_s010_orig.wav,/nas/home/pcallandrone/DeepLearning/dataset/processed/v1_real_ssl_pseudo_from_mixed_noaug/all/H_M0036_s010_orig.wav,/nas/home/pcallandrone/DeepLearning/dataset/processed/v1_real_ssl_pseudo_from_mixed_noaug/all/L_M0036_s010_orig.wav,,,
M0036_s020_orig,M0036,20,/nas/home/pcallandrone/DeepLearning/dataset/processed/M1_segmented_only/M_M0036_s020_orig.wav,/nas/home/pcallandrone/DeepLearning/outputs/checkpoints/EXP_H_FULL_TO_TORABI_FOLD2_MIXED_REPLAY005_NOAUG/finetune_fold1_best.pt,EXP_H_FULL_TO_TORABI_FOLD2_MIXED_REPLAY005_NOAUG,4000,8000,teacher_generated_not_ground_truth,False,True,True,8.665628243628186,9.378000538185972,6.06623438087444,-0.44818712370105784,1.0,-0.9010963438083116,1.0,-0.44818712370105784,-0.9010963438083116,0.44818712370105784,0.9010963438083116,0.44818712370105784,1.5194619178476692,0.9010963438083116,6.06623438087444,-7.257835232343886,0.9010963428287405,-0.904574846385682,0.18802538073774896,-7.257835232343886,-0.904574846385682,1.000000023954468,0.0,0.9010963428287405,0.11072448426122039,0.055966820802606294,0.08170575222905206,-3.2864399042683328,3.2864399042683328,0.319356149901812,0.6806428305353233,0.016033209310616765,0.016033209310616765,0.6780144572257996,0.335090309381485,0.5374311208724976,False,mix_corr<0.95;mix_nmse_db>-10.0,/nas/home/pcallandrone/DeepLearning/dataset/processed/v1_real_ssl_pseudo_from_mixed_noaug/all/M_M0036_s020_orig.wav,/nas/home/pcallandrone/DeepLearning/dataset/processed/v1_real_ssl_pseudo_from_mixed_noaug/all/H_M0036_s020_orig.wav,/nas/home/pcallandrone/DeepLearning/dataset/processed/v1_real_ssl_pseudo_from_mixed_noaug/all/L_M0036_s020_orig.wav,,,
M0036_s021_orig,M0036,21,/nas/home/pcallandrone/DeepLearning/dataset/processed/M1_segmented_only/M_M0036_s021_orig.wav,/nas/home/pcallandrone/DeepLearning/outputs/checkpoints/EXP_H_FULL_TO_TORABI_FOLD2_MIXED_REPLAY005_NOAUG/finetune_fold1_best.pt,EXP_H_FULL_TO_TORABI_FOLD2_MIXED_REPLAY005_NOAUG,4000,8000,teacher_generated_not_ground_truth,False,True,True,7.1832431213337875,8.56320565649067,4.8086646792064975,-0.5216909109314043,1.0,-0.9075000740202951,1.0,-0.5216909109314043,-0.9075000740202951,0.5216909109314043,0.9075000740202951,0.5216909109314043,-0.6111655572591586,0.9075000740202951,4.8086646792064975,-7.533940553944679,0.9075000747785764,-0.8430656589082213,0.17644361399467803,-7.533940553944679,-0.8430656589082213,1.0000000119124692,0.0,0.9075000747785764,0.0939204989379322,0.0655845091850057,0.05013949117013791,2.3324270092144586,2.3324270092144586,0.6311275796077949,0.3688709531067474,0.06832510289912933,0.06832510289912933,0.6383612751960754,0.4449993968009949,0.6232383251190186,False,mix_corr<0.95;mix_nmse_db>-10.0,/nas/home/pcallandrone/DeepLearning/dataset/processed/v1_real_ssl_pseudo_from_mixed_noaug/all/M_M0036_s021_orig.wav,/nas/home/pcallandrone/DeepLearning/dataset/processed/v1_real_ssl_pseudo_from_mixed_noaug/all/H_M0036_s021_orig.wav,/nas/home/pcallandrone/DeepLearning/dataset/processed/v1_real_ssl_pseudo_from_mixed_noaug/all/L_M0036_s021_orig.wav,,,
M0038_s013_orig,M0038,13,/nas/home/pcallandrone/DeepLearning/dataset/processed/M1_segmented_only/M_M0038_s013_orig.wav,/nas/home/pcallandrone/DeepLearning/outputs/checkpoints/EXP_H_FULL_TO_TORABI_FOLD2_MIXED_REPLAY005_NOAUG/finetune_fold1_best.pt,EXP_H_FULL_TO_TORABI_FOLD2_MIXED_REPLAY005_NOAUG,4000,8000,teacher_generated_not_ground_truth,False,True,True,7.825211579602974,8.9349608891648,5.288670173845285,-0.5097611532643614,1.0,-0.9371313548313633,1.0,-0.5097611532643614,-0.9371313548313633,0.5097611532643614,0.9371313548313633,0.5097611532643614,-0.2964285525013339,0.9371313548313633,5.288670173845285,-9.14406831261796,0.9371313551381124,-0.5639897159148193,0.1217848228521896,-9.14406831261796,-0.5639897159148193,0.9999999973352294,0.0,0.9371313551381124,0.08269979003121475,0.06209312659641645,0.03847034069253109,4.158349922966151,4.158349922966151,0.7226187189020165,0.27737940687115487,0.14041453482127478,0.14041453482127478,0.6082092523574829,0.48371726274490356,0.20007753372192383,False,mix_corr<0.95;mix_nmse_db>-10.0,/nas/home/pcallandrone/DeepLearning/dataset/processed/v1_real_ssl_pseudo_from_mixed_noaug/all/M_M0038_s013_orig.wav,/nas/home/pcallandrone/DeepLearning/dataset/processed/v1_real_ssl_pseudo_from_mixed_noaug/all/H_M0038_s013_orig.wav,/nas/home/pcallandrone/DeepLearning/dataset/processed/v1_real_ssl_pseudo_from_mixed_noaug/all/L_M0038_s013_orig.wav,,,
M0038_s014_orig,M0038,14,/nas/home/pcallandrone/DeepLearning/dataset/processed/M1_segmented_only/M_M0038_s014_orig.wav,/nas/home/pcallandrone/DeepLearning/outputs/checkpoints/EXP_H_FULL_TO_TORABI_FOLD2_MIXED_REPLAY005_NOAUG/finetune_fold1_best.pt,EXP_H_FULL_TO_TORABI_FOLD2_MIXED_REPLAY005_NOAUG,4000,8000,teacher_generated_not_ground_truth,False,True,True,7.624604301853089,8.82217309791819,5.122567276681216,-0.5182930996820394,1.0,-0.9347683509577457,1.0,-0.5182930996820394,-0.9347683509577457,0.5182930996820394,0.9347683509577457,0.5182930996820394,-0.5502780385455728,0.9347683509577457,5.122567276681216,-8.98912665682063,0.934768350426879,-0.5859194290909389,0.1262081306933691,-8.98912665682063,-0.5859194290909389,1.0000000336071588,0.0,0.934768350426879,0.0848088717518848,0.06329627095762141,0.03992836701387315,4.0019315175565655,4.0019315175565655,0.715342045369115,0.28465616914055375,0.13534285634510282,0.13534285634510282,0.6082092523574829,0.4749620258808136,0.19887775182724,False,mix_corr<0.95;mix_nmse_db>-10.0,/nas/home/pcallandrone/DeepLearning/dataset/processed/v1_real_ssl_pseudo_from_mixed_noaug/all/M_M0038_s014_orig.wav,/nas/home/pcallandrone/DeepLearning/dataset/processed/v1_real_ssl_pseudo_from_mixed_noaug/all/H_M0038_s014_orig.wav,/nas/home/pcallandrone/DeepLearning/dataset/processed/v1_real_ssl_pseudo_from_mixed_noaug/all/L_M0038_s014_orig.wav,,,
M0038_s015_orig,M0038,15,/nas/home/pcallandrone/DeepLearning/dataset/processed/M1_segmented_only/M_M0038_s015_orig.wav,/nas/home/pcallandrone/DeepLearning/outputs/checkpoints/EXP_H_FULL_TO_TORABI_FOLD2_MIXED_REPLAY005_NOAUG/finetune_fold1_best.pt,EXP_H_FULL_TO_TORABI_FOLD2_MIXED_REPLAY005_NOAUG,4000,8000,teacher_generated_not_ground_truth,False,True,True,8.51569241057885,9.302199661997253,5.8379074876973664,-0.47982326659494534,1.0,-0.9396733935529781,1.0,-0.47982326659494534,-0.9396733935529781,0.47982326659494534,0.9396733935529781,0.47982326659494534,0.6249352550261493,0.9396733935529781,5.8379074876973664,-9.317624991550467,0.9396733938342321,-0.5404605811164401,0.11701391252714104,-9.317624991550467,-0.5404605811164401,1.000000010724474,0.0,0.9396733938342321,0.07969403784154534,0.05906054777216209,0.03768880149448674,3.9017028707420662,3.9017028707420662,0.710619202451546,0.28937876030937854,0.1571008867988643,0.1571008867988643,0.6082092523574829,0.47717612981796265,0.17458127439022064,False,mix_corr<0.95;mix_nmse_db>-10.0,/nas/home/pcallandrone/DeepLearning/dataset/processed/v1_real_ssl_pseudo_from_mixed_noaug/all/M_M0038_s015_orig.wav,/nas/home/pcallandrone/DeepLearning/dataset/processed/v1_real_ssl_pseudo_from_mixed_noaug/all/H_M0038_s015_orig.wav,/nas/home/pcallandrone/DeepLearning/dataset/processed/v1_real_ssl_pseudo_from_mixed_noaug/all/L_M0038_s015_orig.wav,,,
M0038_s016_orig,M0038,16,/nas/home/pcallandrone/DeepLearning/dataset/processed/M1_segmented_only/M_M0038_s016_orig.wav,/nas/home/pcallandrone/DeepLearning/outputs/checkpoints/EXP_H_FULL_TO_TORABI_FOLD2_MIXED_REPLAY005_NOAUG/finetune_fold1_best.pt,EXP_H_FULL_TO_TORABI_FOLD2_MIXED_REPLAY005_NOAUG,4000,8000,teacher_generated_not_ground_truth,False,True,True,6.731023556013415,8.280811104243348,4.326441807648867,-0.5581754806412251,1.0,-0.9185292842670981,1.0,-0.5581754806412251,-0.9185292842670981,0.5581754806412251,0.9185292842670981,0.5581754806412251,-1.643572277018219,0.9185292842670981,4.326441807648867,-8.060300358772283,0.9185292841400462,-0.7381385444184062,0.15630395388332258,-8.060300358772283,-0.7381385444184062,0.9999999574083526,0.0,0.9185292841400462,0.09208387149273557,0.0690178560078139,0.04447469106530116,3.8169704816139314,3.8169704816139314,0.7065910870380423,0.29340742960652433,0.06721193918961599,0.06721193918961599,0.634964644908905,0.49471622705459595,0.22858820855617523,False,mix_corr<0.95;mix_nmse_db>-10.0,/nas/home/pcallandrone/DeepLearning/dataset/processed/v1_real_ssl_pseudo_from_mixed_noaug/all/M_M0038_s016_orig.wav,/nas/home/pcallandrone/DeepLearning/dataset/processed/v1_real_ssl_pseudo_from_mixed_noaug/all/H_M0038_s016_orig.wav,/nas/home/pcallandrone/DeepLearning/dataset/processed/v1_real_ssl_pseudo_from_mixed_noaug/all/L_M0038_s016_orig.wav,,,
M0038_s019_orig,M0038,19,/nas/home/pcallandrone/DeepLearning/dataset/processed/M1_segmented_only/M_M0038_s019_orig.wav,/nas/home/pcallandrone/DeepLearning/outputs/checkpoints/EXP_H_FULL_TO_TORABI_FOLD2_MIXED_REPLAY005_NOAUG/finetune_fold1_best.pt,EXP_H_FULL_TO_TORABI_FOLD2_MIXED_REPLAY005_NOAUG,4000,8000,teacher_generated_not_ground_truth,False,True,True,7.160186151265376,8.549243132878054,4.665758216254992,-0.551932074293089,1.0,-0.9444385470609535,1.0,-0.551932074293089,-0.9444385470609535,0.551932074293089,0.9444385470609535,0.551932074293089,-1.5746425855041375,0.9444385470609535,4.665758216254992,-9.664321871206237,0.9444385473399152,-0.4965249652067003,0.10803583001782724,-9.664321871206237,-0.4965249652067003,0.9999999593872692,0.0,0.9444385473399152,0.09430954665324627,0.0685498858311744,0.04335736669934325,3.9788767653777417,3.9788767653777417,0.7142600363037189,0.28573844369875934,0.227858721250131,0.227858721250131,0.634964644908905,0.48585349321365356,0.22691980004310608,False,mix_corr<0.95;mix_nmse_db>-10.0,/nas/home/pcallandrone/DeepLearning/dataset/processed/v1_real_ssl_pseudo_from_mixed_noaug/all/M_M0038_s019_orig.wav,/nas/home/pcallandrone/DeepLearning/dataset/processed/v1_real_ssl_pseudo_from_mixed_noaug/all/H_M0038_s019_orig.wav,/nas/home/pcallandrone/DeepLearning/dataset/processed/v1_real_ssl_pseudo_from_mixed_noaug/all/L_M0038_s019_orig.wav,,,
M0038_s026_orig,M0038,26,/nas/home/pcallandrone/DeepLearning/dataset/processed/M1_segmented_only/M_M0038_s026_orig.wav,/nas/home/pcallandrone/DeepLearning/outputs/checkpoints/EXP_H_FULL_TO_TORABI_FOLD2_MIXED_REPLAY005_NOAUG/finetune_fold1_best.pt,EXP_H_FULL_TO_TORABI_FOLD2_MIXED_REPLAY005_NOAUG,4000,8000,teacher_generated_not_ground_truth,False,True,True,6.798466490127018,8.32410961238093,4.314999845164454,-0.573452600673944,1.0,-0.9424268882667659,1.0,-0.573452600673944,-0.9424268882667659,0.573452600673944,0.9424268882667659,0.573452600673944,-2.1951616645726837,0.9424268882667659,4.314999845164454,-9.514356142054492,0.94242688790539,-0.5150461657947539,0.11183156068005742,-9.514356142054492,-0.5150461657947539,1.0000000148244084,0.0,0.94242688790539,0.09563236149259642,0.07026781953524674,0.04268893270763245,4.328823607553875,4.328823607553875,0.7304177286018686,0.2695807920909988,0.22717456962454585,0.22717456962454585,0.6620969176292419,0.5029332637786865,0.2041279375553131,False,mix_corr<0.95;mix_nmse_db>-10.0,/nas/home/pcallandrone/DeepLearning/dataset/processed/v1_real_ssl_pseudo_from_mixed_noaug/all/M_M0038_s026_orig.wav,/nas/home/pcallandrone/DeepLearning/dataset/processed/v1_real_ssl_pseudo_from_mixed_noaug/all/H_M0038_s026_orig.wav,/nas/home/pcallandrone/DeepLearning/dataset/processed/v1_real_ssl_pseudo_from_mixed_noaug/all/L_M0038_s026_orig.wav,,,
M0039_s018_orig,M0039,18,/nas/home/pcallandrone/DeepLearning/dataset/processed/M1_segmented_only/M_M0039_s018_orig.wav,/nas/home/pcallandrone/DeepLearning/outputs/checkpoints/EXP_H_FULL_TO_TORABI_FOLD2_MIXED_REPLAY005_NOAUG/finetune_fold1_best.pt,EXP_H_FULL_TO_TORABI_FOLD2_MIXED_REPLAY005_NOAUG,4000,8000,teacher_generated_not_ground_truth,False,True,True,5.813088996936988,7.6440697194705916,3.1830661370156714,-0.6563442372430818,1.0,-0.9468584395802315,1.0,-0.6563442372430818,-0.9468584395802315,0.6563442372430818,0.9468584395802315,0.6563442372430818,-4.568718827198131,0.9468584395802315,3.1830661370156714,-9.852313246497433,0.9468584396787803,-0.47429863086790225,0.10345909505149346,-9.852313246497433,-0.47429863086790225,1.0000000043815087,0.0,0.9468584396787803,0.12587032193038505,0.08227290399382256,0.07374472823702045,0.9505169480194173,0.9505169480194173,0.5544983243525878,0.44550085645374876,0.1645818026003884,0.1645818026003884,0.9077529907226562,0.6417604684829712,0.4144603908061981,False,mix_corr<0.95;mix_nmse_db>-10.0,/nas/home/pcallandrone/DeepLearning/dataset/processed/v1_real_ssl_pseudo_from_mixed_noaug/all/M_M0039_s018_orig.wav,/nas/home/pcallandrone/DeepLearning/dataset/processed/v1_real_ssl_pseudo_from_mixed_noaug/all/H_M0039_s018_orig.wav,/nas/home/pcallandrone/DeepLearning/dataset/processed/v1_real_ssl_pseudo_from_mixed_noaug/all/L_M0039_s018_orig.wav,,,
M0042_s010_orig,M0042,10,/nas/home/pcallandrone/DeepLearning/dataset/processed/M1_segmented_only/M_M0042_s010_orig.wav,/nas/home/pcallandrone/DeepLearning/outputs/checkpoints/EXP_H_FULL_TO_TORABI_FOLD2_MIXED_REPLAY005_NOAUG/finetune_fold1_best.pt,EXP_H_FULL_TO_TORABI_FOLD2_MIXED_REPLAY005_NOAUG,4000,8000,teacher_generated_not_ground_truth,False,True,True,492.95996672857143,26.92811651660957,26.53404773708122,-0.04632365018364145,1.0,-0.9829414720726181,1.0,-0.04632365018364145,-0.9829414720726181,0.04632365018364145,0.9829414720726181,0.04632365018364145,26.1228766470615,0.9829414720726181,26.53404773708122,-14.707485744888748,0.9829414597082082,-0.1494311363049048,0.03382606082833438,-14.707485744888748,-0.1494311363049048,0.9999999995143709,0.0,0.9829414597082082,0.009813463500308654,0.006536856396785299,0.003967012428241811,4.3381076662023546,4.3381076662023546,0.73071455925477,0.26911443532668416,0.6672153580744735,0.6672153580744735,0.08714762330055237,0.059367503970861435,0.01797737553715706,False,"gain_gamma_not_in_[0.1,10.0]",/nas/home/pcallandrone/DeepLearning/dataset/processed/v1_real_ssl_pseudo_from_mixed_noaug/all/M_M0042_s010_orig.wav,/nas/home/pcallandrone/DeepLearning/dataset/processed/v1_real_ssl_pseudo_from_mixed_noaug/all/H_M0042_s010_orig.wav,/nas/home/pcallandrone/DeepLearning/dataset/processed/v1_real_ssl_pseudo_from_mixed_noaug/all/L_M0042_s010_orig.wav,,,
M0042_s021_orig,M0042,21,/nas/home/pcallandrone/DeepLearning/dataset/processed/M1_segmented_only/M_M0042_s021_orig.wav,/nas/home/pcallandrone/DeepLearning/outputs/checkpoints/EXP_H_FULL_TO_TORABI_FOLD2_MIXED_REPLAY005_NOAUG/finetune_fold1_best.pt,EXP_H_FULL_TO_TORABI_FOLD2_MIXED_REPLAY005_NOAUG,4000,8000,teacher_generated_not_ground_truth,False,True,True,1262.2883192402517,31.011585634293116,30.76341202192919,-0.028872003405654326,1.0,-0.9969969414123361,1.0,-0.028872003405654326,-0.9969969414123361,0.028872003405654326,0.9969969414123361,0.028872003405654326,30.509890655767165,0.9969969414123361,30.76341202192919,-22.220589301905164,0.996996915586342,-0.026117776917762396,0.005997096950593221,-22.220589301905164,-0.026117776917762396,0.9999999611320853,0.0,0.996996915586342,0.006845489218110897,0.003692647724016867,0.0037478019850828593,-0.12877517311456546,0.12877517311456546,0.4924097652423745,0.5072291152907416,0.6836235825294827,0.6836235825294827,0.06698079407215118,0.033586472272872925,0.05029905587434769,False,"gain_gamma_not_in_[0.1,10.0]",/nas/home/pcallandrone/DeepLearning/dataset/processed/v1_real_ssl_pseudo_from_mixed_noaug/all/M_M0042_s021_orig.wav,/nas/home/pcallandrone/DeepLearning/dataset/processed/v1_real_ssl_pseudo_from_mixed_noaug/all/H_M0042_s021_orig.wav,/nas/home/pcallandrone/DeepLearning/dataset/processed/v1_real_ssl_pseudo_from_mixed_noaug/all/L_M0042_s021_orig.wav,,,
M0043_s024_orig,M0043,24,/nas/home/pcallandrone/DeepLearning/dataset/processed/M1_segmented_only/M_M0043_s024_orig.wav,/nas/home/pcallandrone/DeepLearning/outputs/checkpoints/EXP_H_FULL_TO_TORABI_FOLD2_MIXED_REPLAY005_NOAUG/finetune_fold1_best.pt,EXP_H_FULL_TO_TORABI_FOLD2_MIXED_REPLAY005_NOAUG,4000,8000,teacher_generated_not_ground_truth,False,True,True,5.341801636398971,7.276877568008837,2.5839546893392304,-0.6974142753089417,1.0,-0.9390497645519132,1.0,-0.6974142753089417,-0.9390497645519132,0.6974142753089417,0.9390497645519132,0.6974142753089417,-5.4640717567284565,0.9390497645519132,2.5839546893392304,-9.274356586859804,0.9390497647037329,-0.5462275414792338,0.11818553930478623,-9.274356586859804,-0.5462275414792338,0.9999999943111946,0.0,0.9390497647037329,0.15410228749639585,0.09314285247599562,0.0842510862859505,0.8714804966047829,0.8714804966047829,0.5499984397030127,0.4500009263362096,0.3292232164636039,0.3292232164636039,0.7354678511619568,0.4619915783405304,0.5593429803848267,False,mix_corr<0.95;mix_nmse_db>-10.0,/nas/home/pcallandrone/DeepLearning/dataset/processed/v1_real_ssl_pseudo_from_mixed_noaug/all/M_M0043_s024_orig.wav,/nas/home/pcallandrone/DeepLearning/dataset/processed/v1_real_ssl_pseudo_from_mixed_noaug/all/H_M0043_s024_orig.wav,/nas/home/pcallandrone/DeepLearning/dataset/processed/v1_real_ssl_pseudo_from_mixed_noaug/all/L_M0043_s024_orig.wav,,,
M0047_s010_orig,M0047,10,/nas/home/pcallandrone/DeepLearning/dataset/processed/M1_segmented_only/M_M0047_s010_orig.wav,/nas/home/pcallandrone/DeepLearning/outputs/checkpoints/EXP_H_FULL_TO_TORABI_FOLD2_MIXED_REPLAY005_NOAUG/finetune_fold1_best.pt,EXP_H_FULL_TO_TORABI_FOLD2_MIXED_REPLAY005_NOAUG,4000,8000,teacher_generated_not_ground_truth,False,True,True,6.360953048829986,8.035221899941853,3.8277741061610198,-0.6102849600920418,1.0,-0.9482469246451425,1.0,-0.6102849600920418,-0.9482469246451425,0.6102849600920418,0.9482469246451425,0.6102849600920418,-3.302231974703578,0.9482469246451425,3.8277741061610198,-9.964198383989272,0.9482469245737033,-0.46157054420055654,0.10082776989859552,-9.964198383989272,-0.46157054420055654,0.9999999620068588,0.0,0.9482469245737033,0.13454446712827162,0.08802601550527864,0.0834171464875801,0.4671142889263168,0.4671142889263168,0.5268630092691675,0.4731363107829585,0.10690782874819285,0.10690782874819285,0.5175585746765137,0.597980260848999,0.3656628131866455,False,mix_corr<0.95;mix_nmse_db>-10.0,/nas/home/pcallandrone/DeepLearning/dataset/processed/v1_real_ssl_pseudo_from_mixed_noaug/all/M_M0047_s010_orig.wav,/nas/home/pcallandrone/DeepLearning/dataset/processed/v1_real_ssl_pseudo_from_mixed_noaug/all/H_M0047_s010_orig.wav,/nas/home/pcallandrone/DeepLearning/dataset/processed/v1_real_ssl_pseudo_from_mixed_noaug/all/L_M0047_s010_orig.wav,,,
M0057_s006_orig,M0057,6,/nas/home/pcallandrone/DeepLearning/dataset/processed/M1_segmented_only/M_M0057_s006_orig.wav,/nas/home/pcallandrone/DeepLearning/outputs/checkpoints/EXP_H_FULL_TO_TORABI_FOLD2_MIXED_REPLAY005_NOAUG/finetune_fold1_best.pt,EXP_H_FULL_TO_TORABI_FOLD2_MIXED_REPLAY005_NOAUG,4000,8000,teacher_generated_not_ground_truth,False,True,True,4.724712227121113,6.743753616327206,1.6227221572434978,-0.7817119162195362,1.0,-0.942286319183644,1.0,-0.7817119162195362,-0.942286319183644,0.7817119162195362,0.942286319183644,0.7817119162195362,-7.415242181193284,0.942286319183644,1.6227221572434978,-9.504079753774942,0.9422863190673898,-0.5163417154568793,0.11209649273028188,-9.504079753774942,-0.5163417154568793,0.9999999768335117,0.0,0.9422863190673898,0.12183182812516308,0.09574200614292377,0.05061491974201927,5.536479414928631,5.536479414928631,0.7815663249829696,0.21843282238667122,0.14968716977666288,0.14968716977666288,0.8300139307975769,0.6734293103218079,0.5145228505134583,False,mix_corr<0.95;mix_nmse_db>-10.0,/nas/home/pcallandrone/DeepLearning/dataset/processed/v1_real_ssl_pseudo_from_mixed_noaug/all/M_M0057_s006_orig.wav,/nas/home/pcallandrone/DeepLearning/dataset/processed/v1_real_ssl_pseudo_from_mixed_noaug/all/H_M0057_s006_orig.wav,/nas/home/pcallandrone/DeepLearning/dataset/processed/v1_real_ssl_pseudo_from_mixed_noaug/all/L_M0057_s006_orig.wav,,,
M0057_s017_orig,M0057,17,/nas/home/pcallandrone/DeepLearning/dataset/processed/M1_segmented_only/M_M0057_s017_orig.wav,/nas/home/pcallandrone/DeepLearning/outputs/checkpoints/EXP_H_FULL_TO_TORABI_FOLD2_MIXED_REPLAY005_NOAUG/finetune_fold1_best.pt,EXP_H_FULL_TO_TORABI_FOLD2_MIXED_REPLAY005_NOAUG,4000,8000,teacher_generated_not_ground_truth,False,True,True,5.02619643169649,7.012394575026426,2.213783948197667,-0.7091674115533431,1.0,-0.9150356934317967,1.0,-0.7091674115533431,-0.9150356934317967,0.7091674115533431,0.9150356934317967,0.7091674115533431,-5.1779868477898,0.9150356934317967,2.213783948197667,-7.885866080387414,0.915035692980733,-0.7712385184725489,0.16270968037704728,-7.885866080387414,-0.7712385184725489,0.9999999857931487,0.0,0.915035692980733,0.11324919527208573,0.08586538590076374,0.05281436156631321,4.221321835953025,4.221321835953025,0.725516305442283,0.2744827105218572,0.06354666160323616,0.06354666160323616,0.7285889387130737,0.5709789991378784,0.6289114356040955,False,mix_corr<0.95;mix_nmse_db>-10.0,/nas/home/pcallandrone/DeepLearning/dataset/processed/v1_real_ssl_pseudo_from_mixed_noaug/all/M_M0057_s017_orig.wav,/nas/home/pcallandrone/DeepLearning/dataset/processed/v1_real_ssl_pseudo_from_mixed_noaug/all/H_M0057_s017_orig.wav,/nas/home/pcallandrone/DeepLearning/dataset/processed/v1_real_ssl_pseudo_from_mixed_noaug/all/L_M0057_s017_orig.wav,,,
M0057_s018_orig,M0057,18,/nas/home/pcallandrone/DeepLearning/dataset/processed/M1_segmented_only/M_M0057_s018_orig.wav,/nas/home/pcallandrone/DeepLearning/outputs/checkpoints/EXP_H_FULL_TO_TORABI_FOLD2_MIXED_REPLAY005_NOAUG/finetune_fold1_best.pt,EXP_H_FULL_TO_TORABI_FOLD2_MIXED_REPLAY005_NOAUG,4000,8000,teacher_generated_not_ground_truth,False,True,True,5.846329221225068,7.668832679039951,3.404284287599413,-0.6065072682150809,1.0,-0.897532809059423,1.0,-0.6065072682150809,-0.897532809059423,0.6065072682150809,0.897532809059423,0.6065072682150809,-2.7285354482348123,0.897532809059423,3.404284287599413,-7.112258778085785,0.8975328094493387,-0.9389927439035094,0.19443485573227015,-7.112258778085785,-0.9389927439035094,1.000000043386784,0.0,0.8975328094493387,0.1040488922851497,0.07308577004503732,0.05376075053715698,2.6673500798031355,2.6673500798031355,0.6488929497514088,0.35110583544126794,0.062284682224373035,0.062284682224373035,0.7285889387130737,0.5332105159759521,0.5274703502655029,False,mix_corr<0.95;mix_nmse_db>-10.0,/nas/home/pcallandrone/DeepLearning/dataset/processed/v1_real_ssl_pseudo_from_mixed_noaug/all/M_M0057_s018_orig.wav,/nas/home/pcallandrone/DeepLearning/dataset/processed/v1_real_ssl_pseudo_from_mixed_noaug/all/H_M0057_s018_orig.wav,/nas/home/pcallandrone/DeepLearning/dataset/processed/v1_real_ssl_pseudo_from_mixed_noaug/all/L_M0057_s018_orig.wav,,,
M0057_s019_orig,M0057,19,/nas/home/pcallandrone/DeepLearning/dataset/processed/M1_segmented_only/M_M0057_s019_orig.wav,/nas/home/pcallandrone/DeepLearning/outputs/checkpoints/EXP_H_FULL_TO_TORABI_FOLD2_MIXED_REPLAY005_NOAUG/finetune_fold1_best.pt,EXP_H_FULL_TO_TORABI_FOLD2_MIXED_REPLAY005_NOAUG,4000,8000,teacher_generated_not_ground_truth,False,True,True,5.692538303977693,7.55305961579702,3.113613349738034,-0.6455559535892123,1.0,-0.9238780578264655,1.0,-0.6455559535892123,-0.9238780578264655,0.6455559535892123,0.9238780578264655,0.6455559535892123,-3.938772773713735,0.9238780578264655,3.113613349738034,-8.3431260421791,0.9238780588090717,-0.6877060393491051,0.14644933223919732,-8.3431260421791,-0.6877060393491051,0.9999999696380226,0.0,0.9238780588090717,0.1084396845029281,0.08030729064423218,0.051927272769342635,3.7871892048768445,3.7871892048768445,0.7051676803363134,0.2948312262551738,0.10687356008960412,0.10687356008960412,0.7285889387130737,0.5582484602928162,0.4891376495361328,False,mix_corr<0.95;mix_nmse_db>-10.0,/nas/home/pcallandrone/DeepLearning/dataset/processed/v1_real_ssl_pseudo_from_mixed_noaug/all/M_M0057_s019_orig.wav,/nas/home/pcallandrone/DeepLearning/dataset/processed/v1_real_ssl_pseudo_from_mixed_noaug/all/H_M0057_s019_orig.wav,/nas/home/pcallandrone/DeepLearning/dataset/processed/v1_real_ssl_pseudo_from_mixed_noaug/all/L_M0057_s019_orig.wav,,,
M0057_s020_orig,M0057,20,/nas/home/pcallandrone/DeepLearning/dataset/processed/M1_segmented_only/M_M0057_s020_orig.wav,/nas/home/pcallandrone/DeepLearning/outputs/checkpoints/EXP_H_FULL_TO_TORABI_FOLD2_MIXED_REPLAY005_NOAUG/finetune_fold1_best.pt,EXP_H_FULL_TO_TORABI_FOLD2_MIXED_REPLAY005_NOAUG,4000,8000,teacher_generated_not_ground_truth,False,True,True,7.4935294946877455,8.7468642104018,5.089702595506966,-0.5057271943647526,1.0,-0.9086604420489416,1.0,-0.5057271943647526,-0.9086604420489416,0.5057271943647526,0.9086604420489416,0.5057271943647526,-0.1636375807194063,0.9086604420489416,5.089702595506966,-7.586124217911657,0.9086604418519811,-0.8319668152086296,0.1743362011069342,-7.586124217911657,-0.8319668152086296,1.0000000433463043,0.0,0.9086604418519811,0.09013570800983077,0.06255240544792956,0.046660748231822376,2.5458463287411375,2.5458463287411375,0.6424923587268353,0.35750599924751564,0.10587529174606826,0.10587529174606826,0.6456961035728455,0.4628952145576477,0.4317081570625305,False,mix_corr<0.95;mix_nmse_db>-10.0,/nas/home/pcallandrone/DeepLearning/dataset/processed/v1_real_ssl_pseudo_from_mixed_noaug/all/M_M0057_s020_orig.wav,/nas/home/pcallandrone/DeepLearning/dataset/processed/v1_real_ssl_pseudo_from_mixed_noaug/all/H_M0057_s020_orig.wav,/nas/home/pcallandrone/DeepLearning/dataset/processed/v1_real_ssl_pseudo_from_mixed_noaug/all/L_M0057_s020_orig.wav,,,
M0060_s025_orig,M0060,25,/nas/home/pcallandrone/DeepLearning/dataset/processed/M1_segmented_only/M_M0060_s025_orig.wav,/nas/home/pcallandrone/DeepLearning/outputs/checkpoints/EXP_H_FULL_TO_TORABI_FOLD2_MIXED_REPLAY005_NOAUG/finetune_fold1_best.pt,EXP_H_FULL_TO_TORABI_FOLD2_MIXED_REPLAY005_NOAUG,4000,8000,teacher_generated_not_ground_truth,False,True,True,5.555061847498453,7.446888985384118,2.8987443763156966,-0.6683950815961291,1.0,-0.9331909676841199,1.0,-0.6683950815961291,-0.9331909676841199,0.6683950815961291,0.9331909676841199,0.6683950815961291,-4.640717876139079,0.9331909676841199,2.8987443763156966,-8.888900597625707,0.9331909673574037,-0.6005888059092666,0.1291546182954816,-8.888900597625707,-0.6005888059092666,0.9999999671957364,0.0,0.9331909673574037,0.13023262255058712,0.08907507923494436,0.07731242420397379,1.2301385228802437,1.2301385228802437,0.5703423803164082,0.429656900858532,0.06232654350758728,0.06232654350758728,0.949999988079071,0.6590744853019714,0.38693147897720337,False,mix_corr<0.95;mix_nmse_db>-10.0,/nas/home/pcallandrone/DeepLearning/dataset/processed/v1_real_ssl_pseudo_from_mixed_noaug/all/M_M0060_s025_orig.wav,/nas/home/pcallandrone/DeepLearning/dataset/processed/v1_real_ssl_pseudo_from_mixed_noaug/all/H_M0060_s025_orig.wav,/nas/home/pcallandrone/DeepLearning/dataset/processed/v1_real_ssl_pseudo_from_mixed_noaug/all/L_M0060_s025_orig.wav,,,
M0063_s000_orig,M0063,0,/nas/home/pcallandrone/DeepLearning/dataset/processed/M1_segmented_only/M_M0063_s000_orig.wav,/nas/home/pcallandrone/DeepLearning/outputs/checkpoints/EXP_H_FULL_TO_TORABI_FOLD2_MIXED_REPLAY005_NOAUG/finetune_fold1_best.pt,EXP_H_FULL_TO_TORABI_FOLD2_MIXED_REPLAY005_NOAUG,4000,8000,teacher_generated_not_ground_truth,False,True,True,7.0709903420976925,8.494802440638782,4.791607756960864,-0.5070906870678071,1.0,-0.8803717899049044,1.0,-0.5070906870678071,-0.8803717899049044,0.5070906870678071,0.8803717899049044,0.5070906870678071,-0.1897208689753417,0.8803717899049044,4.791607756960864,-6.479226683810387,0.8803717898871504,-1.1066767961976236,0.22494551140774594,-6.479226683810387,-1.1066767961976236,0.9999999978312,0.0,0.8803717898871504,0.12334421496183551,0.06406184650708609,0.08521500292783946,-2.478332214413416,2.478332214413416,0.36108490291068823,0.6389142172356906,0.03901943746344178,0.03901943746344178,0.7572265863418579,0.4268700182437897,0.708350658416748,False,mix_corr<0.95;mix_nmse_db>-10.0,/nas/home/pcallandrone/DeepLearning/dataset/processed/v1_real_ssl_pseudo_from_mixed_noaug/all/M_M0063_s000_orig.wav,/nas/home/pcallandrone/DeepLearning/dataset/processed/v1_real_ssl_pseudo_from_mixed_noaug/all/H_M0063_s000_orig.wav,/nas/home/pcallandrone/DeepLearning/dataset/processed/v1_real_ssl_pseudo_from_mixed_noaug/all/L_M0063_s000_orig.wav,,,
M0063_s001_orig,M0063,1,/nas/home/pcallandrone/DeepLearning/dataset/processed/M1_segmented_only/M_M0063_s001_orig.wav,/nas/home/pcallandrone/DeepLearning/outputs/checkpoints/EXP_H_FULL_TO_TORABI_FOLD2_MIXED_REPLAY005_NOAUG/finetune_fold1_best.pt,EXP_H_FULL_TO_TORABI_FOLD2_MIXED_REPLAY005_NOAUG,4000,8000,teacher_generated_not_ground_truth,False,True,True,7.305517655567214,8.636509946702049,5.047886450405273,-0.48605662033306635,1.0,-0.8691231368424104,1.0,-0.48605662033306635,-0.8691231368424104,0.48605662033306635,0.8691231368424104,0.48605662033306635,0.3709306550769045,0.8691231368424104,5.047886450405273,-6.114992072938794,0.869123136085138,-1.2183724801412128,0.24462497411215328,-6.114992072938794,-1.2183724801412128,0.9999999871393672,0.0,0.869123136085138,0.10880094595744438,0.060749952790380896,0.06965949436035393,-1.1886874586364717,1.1886874586364717,0.43199714564481967,0.568001683807826,0.04712801642073861,0.04712801642073861,0.7572265863418579,0.4399031400680542,0.471646785736084,False,mix_corr<0.95;mix_nmse_db>-10.0,/nas/home/pcallandrone/DeepLearning/dataset/processed/v1_real_ssl_pseudo_from_mixed_noaug/all/M_M0063_s001_orig.wav,/nas/home/pcallandrone/DeepLearning/dataset/processed/v1_real_ssl_pseudo_from_mixed_noaug/all/H_M0063_s001_orig.wav,/nas/home/pcallandrone/DeepLearning/dataset/processed/v1_real_ssl_pseudo_from_mixed_noaug/all/L_M0063_s001_orig.wav,,,
M0063_s004_orig,M0063,4,/nas/home/pcallandrone/DeepLearning/dataset/processed/M1_segmented_only/M_M0063_s004_orig.wav,/nas/home/pcallandrone/DeepLearning/outputs/checkpoints/EXP_H_FULL_TO_TORABI_FOLD2_MIXED_REPLAY005_NOAUG/finetune_fold1_best.pt,EXP_H_FULL_TO_TORABI_FOLD2_MIXED_REPLAY005_NOAUG,4000,8000,teacher_generated_not_ground_truth,False,True,True,5.431295346055183,7.3490341974612825,2.8760298876343255,-0.6426087980174209,1.0,-0.8948458655837185,1.0,-0.6426087980174209,-0.8948458655837185,0.6426087980174209,0.8948458655837185,0.6426087980174209,-3.497596890721417,0.8948458655837185,2.8760298876343255,-7.0059975803451335,0.894845865310287,-0.9650342087871776,0.1992508771614624,-7.0059975803451335,-0.9650342087871776,0.9999999639750248,0.0,0.894845865310287,0.11898060187479716,0.0809087839751561,0.06352295677319508,2.1012993833695357,2.1012993833695357,0.618654126116263,0.3813449288298648,0.07338448922450272,0.07338448922450272,0.8749098777770996,0.6114218235015869,0.4935635030269623,False,mix_corr<0.95;mix_nmse_db>-10.0,/nas/home/pcallandrone/DeepLearning/dataset/processed/v1_real_ssl_pseudo_from_mixed_noaug/all/M_M0063_s004_orig.wav,/nas/home/pcallandrone/DeepLearning/dataset/processed/v1_real_ssl_pseudo_from_mixed_noaug/all/H_M0063_s004_orig.wav,/nas/home/pcallandrone/DeepLearning/dataset/processed/v1_real_ssl_pseudo_from_mixed_noaug/all/L_M0063_s004_orig.wav,,,
M0063_s005_orig,M0063,5,/nas/home/pcallandrone/DeepLearning/dataset/processed/M1_segmented_only/M_M0063_s005_orig.wav,/nas/home/pcallandrone/DeepLearning/outputs/checkpoints/EXP_H_FULL_TO_TORABI_FOLD2_MIXED_REPLAY005_NOAUG/finetune_fold1_best.pt,EXP_H_FULL_TO_TORABI_FOLD2_MIXED_REPLAY005_NOAUG,4000,8000,teacher_generated_not_ground_truth,False,True,True,4.87758778387078,6.882050943059429,2.1172642136708477,-0.6907076508282907,1.0,-0.8813684820208848,1.0,-0.6907076508282907,-0.8813684820208848,0.6907076508282907,0.8813684820208848,0.6907076508282907,-4.2141488423724285,0.8813684820208848,2.1172642136708477,-6.513260494293229,0.8813684822881969,-1.0968494231020958,0.22318959831446725,-6.513260494293229,-1.0968494231020958,1.0000000369108608,0.0,0.8813684822881969,0.14722069972318658,0.08688417344889098,0.09002424938175466,-0.3083767002133233,0.3083767002133233,0.48225555681387006,0.5177438043405523,0.07564389876262524,0.07564389876262524,0.949999988079071,0.5437265634536743,0.7277231216430664,False,mix_corr<0.95;mix_nmse_db>-10.0,/nas/home/pcallandrone/DeepLearning/dataset/processed/v1_real_ssl_pseudo_from_mixed_noaug/all/M_M0063_s005_orig.wav,/nas/home/pcallandrone/DeepLearning/dataset/processed/v1_real_ssl_pseudo_from_mixed_noaug/all/H_M0063_s005_orig.wav,/nas/home/pcallandrone/DeepLearning/dataset/processed/v1_real_ssl_pseudo_from_mixed_noaug/all/L_M0063_s005_orig.wav,,,
M0063_s006_orig,M0063,6,/nas/home/pcallandrone/DeepLearning/dataset/processed/M1_segmented_only/M_M0063_s006_orig.wav,/nas/home/pcallandrone/DeepLearning/outputs/checkpoints/EXP_H_FULL_TO_TORABI_FOLD2_MIXED_REPLAY005_NOAUG/finetune_fold1_best.pt,EXP_H_FULL_TO_TORABI_FOLD2_MIXED_REPLAY005_NOAUG,4000,8000,teacher_generated_not_ground_truth,False,True,True,5.665178352133847,7.532135869493349,3.1978513730833673,-0.6169995315507427,1.0,-0.8916152066447284,1.0,-0.6169995315507427,-0.8916152066447284,0.6169995315507427,0.8916152066447284,0.6169995315507427,-2.9128315463793326,0.8916152066447284,3.1978513730833673,-6.881988491098471,0.891615206480037,-0.9964503753533127,0.20502232343325058,-6.881988491098471,-0.9964503753533127,1.0000000394551585,0.0,0.891615206480037,0.13308970808144674,0.0772697945724987,0.08355611525114283,-0.6793696523008763,0.6793696523008763,0.46097153739939273,0.5390276905343088,0.0874411456421384,0.0874411456421384,0.949999988079071,0.5318245887756348,0.6653426289558411,False,mix_corr<0.95;mix_nmse_db>-10.0,/nas/home/pcallandrone/DeepLearning/dataset/processed/v1_real_ssl_pseudo_from_mixed_noaug/all/M_M0063_s006_orig.wav,/nas/home/pcallandrone/DeepLearning/dataset/processed/v1_real_ssl_pseudo_from_mixed_noaug/all/H_M0063_s006_orig.wav,/nas/home/pcallandrone/DeepLearning/dataset/processed/v1_real_ssl_pseudo_from_mixed_noaug/all/L_M0063_s006_orig.wav,,,
M0063_s007_orig,M0063,7,/nas/home/pcallandrone/DeepLearning/dataset/processed/M1_segmented_only/M_M0063_s007_orig.wav,/nas/home/pcallandrone/DeepLearning/outputs/checkpoints/EXP_H_FULL_TO_TORABI_FOLD2_MIXED_REPLAY005_NOAUG/finetune_fold1_best.pt,EXP_H_FULL_TO_TORABI_FOLD2_MIXED_REPLAY005_NOAUG,4000,8000,teacher_generated_not_ground_truth,False,True,True,6.057811205843083,7.823157342430878,3.5235912600094648,-0.6235006924122947,1.0,-0.9354413797099554,1.0,-0.6235006924122947,-0.9354413797099554,0.6235006924122947,0.9354413797099554,0.6235006924122947,-3.5259683306527685,0.9354413797099554,3.5235912600094648,-9.032657328893261,0.9354413788948583,-0.5796679147195445,0.12494942649804325,-9.032657328893261,-0.5796679147195445,0.9999999807239385,0.0,0.9354413788948583,0.12759335271450542,0.07925799101610961,0.07735382814499553,0.2112249727991649,0.2112249727991649,0.5121562729931968,0.48784291170880395,0.16151358642551444,0.16151358642551444,0.949999988079071,0.577816903591156,0.5876184105873108,False,mix_corr<0.95;mix_nmse_db>-10.0,/nas/home/pcallandrone/DeepLearning/dataset/processed/v1_real_ssl_pseudo_from_mixed_noaug/all/M_M0063_s007_orig.wav,/nas/home/pcallandrone/DeepLearning/dataset/processed/v1_real_ssl_pseudo_from_mixed_noaug/all/H_M0063_s007_orig.wav,/nas/home/pcallandrone/DeepLearning/dataset/processed/v1_real_ssl_pseudo_from_mixed_noaug/all/L_M0063_s007_orig.wav,,,
M0063_s023_orig,M0063,23,/nas/home/pcallandrone/DeepLearning/dataset/processed/M1_segmented_only/M_M0063_s023_orig.wav,/nas/home/pcallandrone/DeepLearning/outputs/checkpoints/EXP_H_FULL_TO_TORABI_FOLD2_MIXED_REPLAY005_NOAUG/finetune_fold1_best.pt,EXP_H_FULL_TO_TORABI_FOLD2_MIXED_REPLAY005_NOAUG,4000,8000,teacher_generated_not_ground_truth,False,True,True,6.34684405057021,8.02557827318386,3.848782328277804,-0.6020190041147315,1.0,-0.9376687014651547,1.0,-0.6020190041147315,-0.9376687014651547,0.6020190041147315,0.9376687014651547,0.6020190041147315,-2.9669324750033548,0.9376687014651547,3.848782328277804,-9.180142981780552,0.9376687009180692,-0.5590110136186625,0.12077740711822677,-9.180142981780552,-0.5590110136186625,0.9999999868144421,0.0,0.9376687009180692,0.11158471120347711,0.0761938605283212,0.060319981864812536,2.0291755263505444,2.0291755263505444,0.6147284424638313,0.3852704986644463,0.1635483749690764,0.1635483749690764,0.5707632899284363,0.42106154561042786,0.481514573097229,False,mix_corr<0.95;mix_nmse_db>-10.0,/nas/home/pcallandrone/DeepLearning/dataset/processed/v1_real_ssl_pseudo_from_mixed_noaug/all/M_M0063_s023_orig.wav,/nas/home/pcallandrone/DeepLearning/dataset/processed/v1_real_ssl_pseudo_from_mixed_noaug/all/H_M0063_s023_orig.wav,/nas/home/pcallandrone/DeepLearning/dataset/processed/v1_real_ssl_pseudo_from_mixed_noaug/all/L_M0063_s023_orig.wav,,,
M0063_s026_orig,M0063,26,/nas/home/pcallandrone/DeepLearning/dataset/processed/M1_segmented_only/M_M0063_s026_orig.wav,/nas/home/pcallandrone/DeepLearning/outputs/checkpoints/EXP_H_FULL_TO_TORABI_FOLD2_MIXED_REPLAY005_NOAUG/finetune_fold1_best.pt,EXP_H_FULL_TO_TORABI_FOLD2_MIXED_REPLAY005_NOAUG,4000,8000,teacher_generated_not_ground_truth,False,True,True,7.5979512151438815,8.806965007135908,5.166207877661108,-0.5040561964433673,1.0,-0.9136702831219871,1.0,-0.5040561964433673,-0.9136702831219871,0.5040561964433673,0.9136702831219871,0.5040561964433673,-0.11732961564211294,0.9136702831219871,5.166207877661108,-7.819725728715493,0.9136702834831687,-0.7842088346514668,0.1652066128357641,-7.819725728715493,-0.7842088346514668,0.9999999627751829,0.0,0.9136702834831687,0.10102820483141828,0.06408748541016102,0.06009928103458836,0.5580790998736362,0.5580790998736362,0.5320807917677896,0.4679179127510015,0.10403036332511945,0.10403036332511945,0.5707632899284363,0.3895125985145569,0.5955769419670105,False,mix_corr<0.95;mix_nmse_db>-10.0,/nas/home/pcallandrone/DeepLearning/dataset/processed/v1_real_ssl_pseudo_from_mixed_noaug/all/M_M0063_s026_orig.wav,/nas/home/pcallandrone/DeepLearning/dataset/processed/v1_real_ssl_pseudo_from_mixed_noaug/all/H_M0063_s026_orig.wav,/nas/home/pcallandrone/DeepLearning/dataset/processed/v1_real_ssl_pseudo_from_mixed_noaug/all/L_M0063_s026_orig.wav,,,
M0066_s003_orig,M0066,3,/nas/home/pcallandrone/DeepLearning/dataset/processed/M1_segmented_only/M_M0066_s003_orig.wav,/nas/home/pcallandrone/DeepLearning/outputs/checkpoints/EXP_H_FULL_TO_TORABI_FOLD2_MIXED_REPLAY005_NOAUG/finetune_fold1_best.pt,EXP_H_FULL_TO_TORABI_FOLD2_MIXED_REPLAY005_NOAUG,4000,8000,teacher_generated_not_ground_truth,False,True,True,10.30044200917745,10.12855861406915,7.03210111533282,-0.4210070080171747,1.0,-0.9460076632387306,1.0,-0.4210070080171747,-0.9460076632387306,0.4210070080171747,0.9460076632387306,0.4210070080171747,2.547126150874771,0.9460076632387306,7.03210111533282,-9.785233293868805,0.9460076629634603,-0.48210614234111215,0.10506950122215963,-9.785233293868805,-0.48210614234111215,1.0000000034785457,0.0,0.9460076629634603,0.07977563244897114,0.055827592876189346,0.03829558094238769,3.2740048119381844,3.2740048119381844,0.6800193326599846,0.31997848549722835,0.2601132377695387,0.2601132377695387,0.7390738129615784,0.5572370886802673,0.32699054479599,False,mix_corr<0.95;mix_nmse_db>-10.0,/nas/home/pcallandrone/DeepLearning/dataset/processed/v1_real_ssl_pseudo_from_mixed_noaug/all/M_M0066_s003_orig.wav,/nas/home/pcallandrone/DeepLearning/dataset/processed/v1_real_ssl_pseudo_from_mixed_noaug/all/H_M0066_s003_orig.wav,/nas/home/pcallandrone/DeepLearning/dataset/processed/v1_real_ssl_pseudo_from_mixed_noaug/all/L_M0066_s003_orig.wav,,,
M0066_s010_orig,M0066,10,/nas/home/pcallandrone/DeepLearning/dataset/processed/M1_segmented_only/M_M0066_s010_orig.wav,/nas/home/pcallandrone/DeepLearning/outputs/checkpoints/EXP_H_FULL_TO_TORABI_FOLD2_MIXED_REPLAY005_NOAUG/finetune_fold1_best.pt,EXP_H_FULL_TO_TORABI_FOLD2_MIXED_REPLAY005_NOAUG,4000,8000,teacher_generated_not_ground_truth,False,True,True,9.383473400547146,9.72363627234741,6.458487255698215,-0.44742494702147273,1.0,-0.941119527601984,1.0,-0.44742494702147273,-0.941119527601984,0.44742494702147273,0.941119527601984,0.44742494702147273,1.6590300201831967,0.941119527601984,6.458487255698215,-9.419764371609851,0.9411195276261342,-0.5271034933313152,0.1142940343840972,-9.419764371609851,-0.5271034933313152,0.9999999937942207,0.0,0.9411195276261342,0.08609842434111845,0.059272980845711726,0.04206426571037941,2.9788691280499027,2.9788691280499027,0.665055202363924,0.3349429046642159,0.2572945746340009,0.2572945746340009,0.6920167803764343,0.5146554112434387,0.34294283390045166,False,mix_corr<0.95;mix_nmse_db>-10.0,/nas/home/pcallandrone/DeepLearning/dataset/processed/v1_real_ssl_pseudo_from_mixed_noaug/all/M_M0066_s010_orig.wav,/nas/home/pcallandrone/DeepLearning/dataset/processed/v1_real_ssl_pseudo_from_mixed_noaug/all/H_M0066_s010_orig.wav,/nas/home/pcallandrone/DeepLearning/dataset/processed/v1_real_ssl_pseudo_from_mixed_noaug/all/L_M0066_s010_orig.wav,,,
M0066_s011_orig,M0066,11,/nas/home/pcallandrone/DeepLearning/dataset/processed/M1_segmented_only/M_M0066_s011_orig.wav,/nas/home/pcallandrone/DeepLearning/outputs/checkpoints/EXP_H_FULL_TO_TORABI_FOLD2_MIXED_REPLAY005_NOAUG/finetune_fold1_best.pt,EXP_H_FULL_TO_TORABI_FOLD2_MIXED_REPLAY005_NOAUG,4000,8000,teacher_generated_not_ground_truth,False,True,True,8.1091405440652,9.089748274849855,5.485876742763455,-0.5050763560454243,1.0,-0.9498413290703346,1.0,-0.5050763560454243,-0.9498413290703346,0.5050763560454243,0.9498413290703346,0.5050763560454243,-0.15880735238650676,0.9498413290703346,5.485876742763455,-10.096547108239626,0.949841329229067,-0.4469783033809991,0.09780144898882423,-10.096547108239626,-0.4469783033809991,1.000000013726191,0.0,0.949841329229067,0.09130043776991283,0.06686025354416052,0.04037127883472827,4.381910249255376,4.381910249255376,0.7328177423467741,0.26718061834757023,0.2631121717729809,0.2631121717729809,0.6864806413650513,0.5307630300521851,0.35338160395622253,False,mix_corr<0.95,/nas/home/pcallandrone/DeepLearning/dataset/processed/v1_real_ssl_pseudo_from_mixed_noaug/all/M_M0066_s011_orig.wav,/nas/home/pcallandrone/DeepLearning/dataset/processed/v1_real_ssl_pseudo_from_mixed_noaug/all/H_M0066_s011_orig.wav,/nas/home/pcallandrone/DeepLearning/dataset/processed/v1_real_ssl_pseudo_from_mixed_noaug/all/L_M0066_s011_orig.wav,,,
M0066_s012_orig,M0066,12,/nas/home/pcallandrone/DeepLearning/dataset/processed/M1_segmented_only/M_M0066_s012_orig.wav,/nas/home/pcallandrone/DeepLearning/outputs/checkpoints/EXP_H_FULL_TO_TORABI_FOLD2_MIXED_REPLAY005_NOAUG/finetune_fold1_best.pt,EXP_H_FULL_TO_TORABI_FOLD2_MIXED_REPLAY005_NOAUG,4000,8000,teacher_generated_not_ground_truth,False,True,True,7.4974849850739975,8.749156046875115,4.969736540700862,-0.5345258856422491,1.0,-0.9472305692392746,1.0,-0.5345258856422491,-0.9472305692392746,0.5345258856422491,0.9472305692392746,0.5345258856422491,-1.0615209174662399,0.9472305692392746,4.969736540700862,-9.882002169354527,0.9472305697585143,-0.47088568898995986,0.10275424748475374,-9.882002169354527,-0.47088568898995986,1.0000000296355263,0.0,0.9472305697585143,0.10413789360533077,0.07032900887575186,0.05353665570539799,2.3696651724654987,2.3696651724654987,0.6331216079867887,0.3668771119891253,0.25470689318821327,0.25470689318821327,0.7551285624504089,0.5033141374588013,0.6537389159202576,False,mix_corr<0.95;mix_nmse_db>-10.0,/nas/home/pcallandrone/DeepLearning/dataset/processed/v1_real_ssl_pseudo_from_mixed_noaug/all/M_M0066_s012_orig.wav,/nas/home/pcallandrone/DeepLearning/dataset/processed/v1_real_ssl_pseudo_from_mixed_noaug/all/H_M0066_s012_orig.wav,/nas/home/pcallandrone/DeepLearning/dataset/processed/v1_real_ssl_pseudo_from_mixed_noaug/all/L_M0066_s012_orig.wav,,,
M0066_s013_orig,M0066,13,/nas/home/pcallandrone/DeepLearning/dataset/processed/M1_segmented_only/M_M0066_s013_orig.wav,/nas/home/pcallandrone/DeepLearning/outputs/checkpoints/EXP_H_FULL_TO_TORABI_FOLD2_MIXED_REPLAY005_NOAUG/finetune_fold1_best.pt,EXP_H_FULL_TO_TORABI_FOLD2_MIXED_REPLAY005_NOAUG,4000,8000,teacher_generated_not_ground_truth,False,True,True,9.08858745024146,9.584963903467965,6.35084353990672,-0.4370396467729936,1.0,-0.907952644775353,1.0,-0.4370396467729936,-0.907952644775353,0.4370396467729936,0.907952644775353,0.4370396467729936,1.8850041047996766,0.907952644775353,6.35084353990672,-7.554210963356944,0.9079526451183911,-0.8387350881656239,0.17562199394714714,-7.554210963356944,-0.8387350881656239,1.0000000086659007,0.0,0.9079526451183911,0.0950801497210107,0.056129350840426355,0.055995222169407444,0.020780946731262503,0.020780946731262503,0.5011954478475019,0.4988029613103861,0.1855912075118781,0.1855912075118781,0.7551285624504089,0.44489702582359314,0.506649374961853,False,mix_corr<0.95;mix_nmse_db>-10.0,/nas/home/pcallandrone/DeepLearning/dataset/processed/v1_real_ssl_pseudo_from_mixed_noaug/all/M_M0066_s013_orig.wav,/nas/home/pcallandrone/DeepLearning/dataset/processed/v1_real_ssl_pseudo_from_mixed_noaug/all/H_M0066_s013_orig.wav,/nas/home/pcallandrone/DeepLearning/dataset/processed/v1_real_ssl_pseudo_from_mixed_noaug/all/L_M0066_s013_orig.wav,,,
M0066_s014_orig,M0066,14,/nas/home/pcallandrone/DeepLearning/dataset/processed/M1_segmented_only/M_M0066_s014_orig.wav,/nas/home/pcallandrone/DeepLearning/outputs/checkpoints/EXP_H_FULL_TO_TORABI_FOLD2_MIXED_REPLAY005_NOAUG/finetune_fold1_best.pt,EXP_H_FULL_TO_TORABI_FOLD2_MIXED_REPLAY005_NOAUG,4000,8000,teacher_generated_not_ground_truth,False,True,True,6.316517800620974,8.00477724365849,3.907433413995655,-0.5810698285764307,1.0,-0.9111714232463123,1.0,-0.5810698285764307,-0.9111714232463123,0.5810698285764307,0.9111714232463123,0.5810698285764307,-2.208998746684516,0.9111714232463123,3.907433413995655,-7.701476503247764,0.9111714225164769,-0.8079975784372326,0.16976663860720426,-7.701476503247764,-0.8079975784372326,1.0000000039077186,0.0,0.9111714225164769,0.11693954527789516,0.07506994360293205,0.0638027009453823,1.4125405119482957,1.4125405119482957,0.5806024552348997,0.41939651450545545,0.17193861174486263,0.17193861174486263,0.7927742004394531,0.524228572845459,0.5473982691764832,False,mix_corr<0.95;mix_nmse_db>-10.0,/nas/home/pcallandrone/DeepLearning/dataset/processed/v1_real_ssl_pseudo_from_mixed_noaug/all/M_M0066_s014_orig.wav,/nas/home/pcallandrone/DeepLearning/dataset/processed/v1_real_ssl_pseudo_from_mixed_noaug/all/H_M0066_s014_orig.wav,/nas/home/pcallandrone/DeepLearning/dataset/processed/v1_real_ssl_pseudo_from_mixed_noaug/all/L_M0066_s014_orig.wav,,,
M0066_s015_orig,M0066,15,/nas/home/pcallandrone/DeepLearning/dataset/processed/M1_segmented_only/M_M0066_s015_orig.wav,/nas/home/pcallandrone/DeepLearning/outputs/checkpoints/EXP_H_FULL_TO_TORABI_FOLD2_MIXED_REPLAY005_NOAUG/finetune_fold1_best.pt,EXP_H_FULL_TO_TORABI_FOLD2_MIXED_REPLAY005_NOAUG,4000,8000,teacher_generated_not_ground_truth,False,True,True,8.090817338614347,9.079923964849602,5.624530456166531,-0.47098601018298797,1.0,-0.8999837587783432,1.0,-0.47098601018298797,-0.8999837587783432,0.47098601018298797,0.8999837587783432,0.47098601018298797,0.8345976071240513,0.8999837587783432,5.624530456166531,-7.211795826737019,0.8999837587167578,-0.9153056714600781,0.19002923382200815,-7.211795826737019,-0.9153056714600781,1.000000003684371,0.0,0.8999837587167578,0.10536846681999189,0.059991203922240756,0.06413032988925937,-0.5795179274132857,0.5795179274132857,0.466689073467794,0.5333096297934894,0.16649309306326351,0.16649309306326351,0.7927742004394531,0.46815985441207886,0.6376338005065918,False,mix_corr<0.95;mix_nmse_db>-10.0,/nas/home/pcallandrone/DeepLearning/dataset/processed/v1_real_ssl_pseudo_from_mixed_noaug/all/M_M0066_s015_orig.wav,/nas/home/pcallandrone/DeepLearning/dataset/processed/v1_real_ssl_pseudo_from_mixed_noaug/all/H_M0066_s015_orig.wav,/nas/home/pcallandrone/DeepLearning/dataset/processed/v1_real_ssl_pseudo_from_mixed_noaug/all/L_M0066_s015_orig.wav,,,
M0066_s016_orig,M0066,16,/nas/home/pcallandrone/DeepLearning/dataset/processed/M1_segmented_only/M_M0066_s016_orig.wav,/nas/home/pcallandrone/DeepLearning/outputs/checkpoints/EXP_H_FULL_TO_TORABI_FOLD2_MIXED_REPLAY005_NOAUG/finetune_fold1_best.pt,EXP_H_FULL_TO_TORABI_FOLD2_MIXED_REPLAY005_NOAUG,4000,8000,teacher_generated_not_ground_truth,False,True,True,6.9656962933121305,8.429645351503513,4.637400404426683,-0.5253942248350925,1.0,-0.8960978460112901,1.0,-0.5253942248350925,-0.8960978460112901,0.5253942248350925,0.8960978460112901,0.5253942248350925,-0.6942913190757581,0.8960978460112901,4.637400404426683,-7.055147040422154,0.896097845866797,-0.9528908534104901,0.19700865042612015,-7.055147040422154,-0.9528908534104901,1.000000046717997,0.0,0.896097845866797,0.10966129059808154,0.06746304245255628,0.06239339215619646,0.6785465094518142,0.6785465094518142,0.5389803728546589,0.46101844290158317,0.144000563342665,0.144000563342665,0.7927742004394531,0.4863871932029724,0.4445611536502838,False,mix_corr<0.95;mix_nmse_db>-10.0,/nas/home/pcallandrone/DeepLearning/dataset/processed/v1_real_ssl_pseudo_from_mixed_noaug/all/M_M0066_s016_orig.wav,/nas/home/pcallandrone/DeepLearning/dataset/processed/v1_real_ssl_pseudo_from_mixed_noaug/all/H_M0066_s016_orig.wav,/nas/home/pcallandrone/DeepLearning/dataset/processed/v1_real_ssl_pseudo_from_mixed_noaug/all/L_M0066_s016_orig.wav,,,
M0066_s017_orig,M0066,17,/nas/home/pcallandrone/DeepLearning/dataset/processed/M1_segmented_only/M_M0066_s017_orig.wav,/nas/home/pcallandrone/DeepLearning/outputs/checkpoints/EXP_H_FULL_TO_TORABI_FOLD2_MIXED_REPLAY005_NOAUG/finetune_fold1_best.pt,EXP_H_FULL_TO_TORABI_FOLD2_MIXED_REPLAY005_NOAUG,4000,8000,teacher_generated_not_ground_truth,False,True,True,5.47808699702192,7.386289249655058,2.7541681781715788,-0.6875326608860565,1.0,-0.9440648279778381,1.0,-0.6875326608860565,-0.9440648279778381,0.6875326608860565,0.9440648279778381,0.6875326608860565,-5.333845557540586,0.9440648279778381,2.7541681781715788,-9.636042762334405,0.9440648275300264,-0.4999632282114179,0.10874160123698856,-9.636042762334405,-0.4999632282114179,0.999999996746373,0.0,0.9440648275300264,0.11656290427362036,0.08896895282211065,0.04842107157007286,5.284081652657715,5.284081652657715,0.7714823774065235,0.228516647942657,0.2146473738848076,0.2146473738848076,0.7927742004394531,0.5980100035667419,0.567964494228363,False,mix_corr<0.95;mix_nmse_db>-10.0,/nas/home/pcallandrone/DeepLearning/dataset/processed/v1_real_ssl_pseudo_from_mixed_noaug/all/M_M0066_s017_orig.wav,/nas/home/pcallandrone/DeepLearning/dataset/processed/v1_real_ssl_pseudo_from_mixed_noaug/all/H_M0066_s017_orig.wav,/nas/home/pcallandrone/DeepLearning/dataset/processed/v1_real_ssl_pseudo_from_mixed_noaug/all/L_M0066_s017_orig.wav,,,
M0066_s018_orig,M0066,18,/nas/home/pcallandrone/DeepLearning/dataset/processed/M1_segmented_only/M_M0066_s018_orig.wav,/nas/home/pcallandrone/DeepLearning/outputs/checkpoints/EXP_H_FULL_TO_TORABI_FOLD2_MIXED_REPLAY005_NOAUG/finetune_fold1_best.pt,EXP_H_FULL_TO_TORABI_FOLD2_MIXED_REPLAY005_NOAUG,4000,8000,teacher_generated_not_ground_truth,False,True,True,6.767462211679689,8.304258394252098,4.301697703384615,-0.5709882896458703,1.0,-0.9369409514876615,1.0,-0.5709882896458703,-0.9369409514876615,0.5709882896458703,0.9369409514876615,0.5709882896458703,-2.0921153742580363,0.9369409514876615,4.301697703384615,-9.131362085634235,0.9369409518493074,-0.5657548686207002,0.12214165250136606,-9.131362085634235,-0.5657548686207002,0.9999999879843764,0.0,0.9369409518493074,0.10063866382868263,0.0739291570725103,0.044517382629157366,4.405722642522527,4.405722642522527,0.7338901339049312,0.26610852333152885,0.21934266574731132,0.21934266574731132,0.7861308455467224,0.5717079043388367,0.5601036548614502,False,mix_corr<0.95;mix_nmse_db>-10.0,/nas/home/pcallandrone/DeepLearning/dataset/processed/v1_real_ssl_pseudo_from_mixed_noaug/all/M_M0066_s018_orig.wav,/nas/home/pcallandrone/DeepLearning/dataset/processed/v1_real_ssl_pseudo_from_mixed_noaug/all/H_M0066_s018_orig.wav,/nas/home/pcallandrone/DeepLearning/dataset/processed/v1_real_ssl_pseudo_from_mixed_noaug/all/L_M0066_s018_orig.wav,,,
M0066_s020_orig,M0066,20,/nas/home/pcallandrone/DeepLearning/dataset/processed/M1_segmented_only/M_M0066_s020_orig.wav,/nas/home/pcallandrone/DeepLearning/outputs/checkpoints/EXP_H_FULL_TO_TORABI_FOLD2_MIXED_REPLAY005_NOAUG/finetune_fold1_best.pt,EXP_H_FULL_TO_TORABI_FOLD2_MIXED_REPLAY005_NOAUG,4000,8000,teacher_generated_not_ground_truth,False,True,True,6.741102412615363,8.287309251058396,4.323655541836751,-0.5607169490691006,1.0,-0.9224154720287576,1.0,-0.5607169490691006,-0.9224154720287576,0.5607169490691006,0.9224154720287576,0.5607169490691006,-1.7303734452770816,0.9224154720287576,4.323655541836751,-8.263776220288028,0.922415471417361,-0.7014681043205047,0.14914969787520369,-8.263776220288028,-0.7014681043205047,1.0000000383295196,0.0,0.922415471417361,0.10774906883472396,0.07249107789436066,0.054209809925512685,2.5241334588865234,2.5241334588865234,0.641343434619644,0.35865534492600976,0.21434180356450064,0.21434180356450064,0.9267483353614807,0.6596279740333557,0.4363574683666229,False,mix_corr<0.95;mix_nmse_db>-10.0,/nas/home/pcallandrone/DeepLearning/dataset/processed/v1_real_ssl_pseudo_from_mixed_noaug/all/M_M0066_s020_orig.wav,/nas/home/pcallandrone/DeepLearning/dataset/processed/v1_real_ssl_pseudo_from_mixed_noaug/all/H_M0066_s020_orig.wav,/nas/home/pcallandrone/DeepLearning/dataset/processed/v1_real_ssl_pseudo_from_mixed_noaug/all/L_M0066_s020_orig.wav,,,
M0066_s021_orig,M0066,21,/nas/home/pcallandrone/DeepLearning/dataset/processed/M1_segmented_only/M_M0066_s021_orig.wav,/nas/home/pcallandrone/DeepLearning/outputs/checkpoints/EXP_H_FULL_TO_TORABI_FOLD2_MIXED_REPLAY005_NOAUG/finetune_fold1_best.pt,EXP_H_FULL_TO_TORABI_FOLD2_MIXED_REPLAY005_NOAUG,4000,8000,teacher_generated_not_ground_truth,False,True,True,6.197717394155097,7.9223176923188765,3.734475110432756,-0.5998538439513752,1.0,-0.9220814629161425,1.0,-0.5998538439513752,-0.9220814629161425,0.5998538439513752,0.9220814629161425,0.5998538439513752,-2.7727712772320006,0.9220814629161425,3.734475110432756,-8.24587419081752,0.9220814627167584,-0.7046132122638715,0.14976577593596785,-8.24587419081752,-0.7046132122638715,0.9999999519189859,0.0,0.9220814627167584,0.11827885575952617,0.07663155286835163,0.0622804109484418,1.8011231338094922,1.8011231338094922,0.6022194277977073,0.397779546693214,0.22455622047195706,0.22455622047195706,0.9267483353614807,0.6239946484565735,0.5256941318511963,False,mix_corr<0.95;mix_nmse_db>-10.0,/nas/home/pcallandrone/DeepLearning/dataset/processed/v1_real_ssl_pseudo_from_mixed_noaug/all/M_M0066_s021_orig.wav,/nas/home/pcallandrone/DeepLearning/dataset/processed/v1_real_ssl_pseudo_from_mixed_noaug/all/H_M0066_s021_orig.wav,/nas/home/pcallandrone/DeepLearning/dataset/processed/v1_real_ssl_pseudo_from_mixed_noaug/all/L_M0066_s021_orig.wav,,,
M0066_s022_orig,M0066,22,/nas/home/pcallandrone/DeepLearning/dataset/processed/M1_segmented_only/M_M0066_s022_orig.wav,/nas/home/pcallandrone/DeepLearning/outputs/checkpoints/EXP_H_FULL_TO_TORABI_FOLD2_MIXED_REPLAY005_NOAUG/finetune_fold1_best.pt,EXP_H_FULL_TO_TORABI_FOLD2_MIXED_REPLAY005_NOAUG,4000,8000,teacher_generated_not_ground_truth,False,True,True,5.08764218877025,7.065165600092734,2.1875806475338853,-0.7350504765406191,1.0,-0.9455755811136187,1.0,-0.7350504765406191,-0.9455755811136187,0.7350504765406191,0.9455755811136187,0.7350504765406191,-6.535408712296855,0.9455755811136187,2.1875806475338853,-9.751580913484016,0.9455755808700733,-0.4860744662646776,0.10588682070984183,-9.751580913484016,-0.4860744662646776,0.9999999705298378,0.0,0.9455755808700733,0.12799119629692746,0.09510013099029282,0.05387849263873623,4.93531356379108,4.93531356379108,0.7570170498634239,0.2429821131019372,0.2634957688028096,0.2634957688028096,0.9500000476837158,0.7335297465324402,0.37790560722351074,False,mix_corr<0.95;mix_nmse_db>-10.0,/nas/home/pcallandrone/DeepLearning/dataset/processed/v1_real_ssl_pseudo_from_mixed_noaug/all/M_M0066_s022_orig.wav,/nas/home/pcallandrone/DeepLearning/dataset/processed/v1_real_ssl_pseudo_from_mixed_noaug/all/H_M0066_s022_orig.wav,/nas/home/pcallandrone/DeepLearning/dataset/processed/v1_real_ssl_pseudo_from_mixed_noaug/all/L_M0066_s022_orig.wav,,,
M0066_s023_orig,M0066,23,/nas/home/pcallandrone/DeepLearning/dataset/processed/M1_segmented_only/M_M0066_s023_orig.wav,/nas/home/pcallandrone/DeepLearning/outputs/checkpoints/EXP_H_FULL_TO_TORABI_FOLD2_MIXED_REPLAY005_NOAUG/finetune_fold1_best.pt,EXP_H_FULL_TO_TORABI_FOLD2_MIXED_REPLAY005_NOAUG,4000,8000,teacher_generated_not_ground_truth,False,True,True,6.197642180557844,7.922264987352871,3.663132395264622,-0.6180544434108853,1.0,-0.9422875399242479,1.0,-0.6180544434108853,-0.9422875399242479,0.6180544434108853,0.9422875399242479,0.6180544434108853,-3.4564509374849757,0.9422875399242479,3.663132395264622,-9.504168888015789,0.9422875398266176,-0.5163305269958419,0.11209419209473057,-9.504168888015789,-0.5163305269958419,0.9999999904673956,0.0,0.9422875398266176,0.11378612849342994,0.08148800216966669,0.05278845683878578,3.7710940781742917,3.7710940781742917,0.7043966111460325,0.29560232806274606,0.2404984522801508,0.2404984522801508,0.9500000476837158,0.7165387272834778,0.3524231016635895,False,mix_corr<0.95;mix_nmse_db>-10.0,/nas/home/pcallandrone/DeepLearning/dataset/processed/v1_real_ssl_pseudo_from_mixed_noaug/all/M_M0066_s023_orig.wav,/nas/home/pcallandrone/DeepLearning/dataset/processed/v1_real_ssl_pseudo_from_mixed_noaug/all/H_M0066_s023_orig.wav,/nas/home/pcallandrone/DeepLearning/dataset/processed/v1_real_ssl_pseudo_from_mixed_noaug/all/L_M0066_s023_orig.wav,,,
M0066_s024_orig,M0066,24,/nas/home/pcallandrone/DeepLearning/dataset/processed/M1_segmented_only/M_M0066_s024_orig.wav,/nas/home/pcallandrone/DeepLearning/outputs/checkpoints/EXP_H_FULL_TO_TORABI_FOLD2_MIXED_REPLAY005_NOAUG/finetune_fold1_best.pt,EXP_H_FULL_TO_TORABI_FOLD2_MIXED_REPLAY005_NOAUG,4000,8000,teacher_generated_not_ground_truth,False,True,True,5.089071038168838,7.066385132174492,2.2157325889981703,-0.7274994428780005,1.0,-0.9389000088435869,1.0,-0.7274994428780005,-0.9389000088435869,0.7274994428780005,0.9389000088435869,0.7274994428780005,-6.159168861551912,0.9389000088435869,2.2157325889981703,-9.264034406385942,0.9389000088627755,-0.5476130190526568,0.11846677321763366,-9.264034406385942,-0.5476130190526568,1.0000000240944065,0.0,0.9389000088627755,0.13357927500702027,0.09389440919011656,0.06222632955741861,3.573310977243918,3.573310977243918,0.69482670558357,0.3051725062879256,0.2602655944522291,0.2602655944522291,0.9500000476837158,0.6989201903343201,0.5366395115852356,False,mix_corr<0.95;mix_nmse_db>-10.0,/nas/home/pcallandrone/DeepLearning/dataset/processed/v1_real_ssl_pseudo_from_mixed_noaug/all/M_M0066_s024_orig.wav,/nas/home/pcallandrone/DeepLearning/dataset/processed/v1_real_ssl_pseudo_from_mixed_noaug/all/H_M0066_s024_orig.wav,/nas/home/pcallandrone/DeepLearning/dataset/processed/v1_real_ssl_pseudo_from_mixed_noaug/all/L_M0066_s024_orig.wav,,,
M0066_s025_orig,M0066,25,/nas/home/pcallandrone/DeepLearning/dataset/processed/M1_segmented_only/M_M0066_s025_orig.wav,/nas/home/pcallandrone/DeepLearning/outputs/checkpoints/EXP_H_FULL_TO_TORABI_FOLD2_MIXED_REPLAY005_NOAUG/finetune_fold1_best.pt,EXP_H_FULL_TO_TORABI_FOLD2_MIXED_REPLAY005_NOAUG,4000,8000,teacher_generated_not_ground_truth,False,True,True,6.860283820330241,8.363420834988043,4.4594574974415435,-0.5494039219859972,1.0,-0.9180466306080611,1.0,-0.5494039219859972,-0.9180466306080611,0.5494039219859972,0.9180466306080611,0.5494039219859972,-1.4019600171708393,0.9180466306080611,4.4594574974415435,-8.035740277761422,0.9180466310411519,-0.7427047718308024,0.1571903830359441,-8.035740277761422,-0.7427047718308024,1.0000000276091472,0.0,0.9180466310411519,0.11216428119017205,0.07026238038772879,0.062014885786085855,1.0845382156995413,1.0845382156995413,0.5621079643093342,0.4378908970832167,0.20891406314636413,0.20891406314636413,0.9500000476837158,0.6365283727645874,0.5178184509277344,False,mix_corr<0.95;mix_nmse_db>-10.0,/nas/home/pcallandrone/DeepLearning/dataset/processed/v1_real_ssl_pseudo_from_mixed_noaug/all/M_M0066_s025_orig.wav,/nas/home/pcallandrone/DeepLearning/dataset/processed/v1_real_ssl_pseudo_from_mixed_noaug/all/H_M0066_s025_orig.wav,/nas/home/pcallandrone/DeepLearning/dataset/processed/v1_real_ssl_pseudo_from_mixed_noaug/all/L_M0066_s025_orig.wav,,,
M0066_s026_orig,M0066,26,/nas/home/pcallandrone/DeepLearning/dataset/processed/M1_segmented_only/M_M0066_s026_orig.wav,/nas/home/pcallandrone/DeepLearning/outputs/checkpoints/EXP_H_FULL_TO_TORABI_FOLD2_MIXED_REPLAY005_NOAUG/finetune_fold1_best.pt,EXP_H_FULL_TO_TORABI_FOLD2_MIXED_REPLAY005_NOAUG,4000,8000,teacher_generated_not_ground_truth,False,True,True,6.317748801790421,8.005623540532891,3.871569162864703,-0.5902867057727474,1.0,-0.9218102976658901,1.0,-0.5902867057727474,-0.9218102976658901,0.5902867057727474,0.9218102976658901,0.5902867057727474,-2.520936492353721,0.9218102976658901,3.871569162864703,-8.231399234275429,0.9218102974446213,-0.7071679698120698,0.15026577534035318,-8.231399234275429,-0.7071679698120698,0.9999999590552312,0.0,0.9218102974446213,0.11616174585401857,0.07594565816359021,0.06079305504789638,1.9329796304733058,1.9329796304733058,0.6094693731411561,0.3905295701727644,0.21685339738032605,0.21685339738032605,0.9118008017539978,0.5566617846488953,0.5079309940338135,False,mix_corr<0.95;mix_nmse_db>-10.0,/nas/home/pcallandrone/DeepLearning/dataset/processed/v1_real_ssl_pseudo_from_mixed_noaug/all/M_M0066_s026_orig.wav,/nas/home/pcallandrone/DeepLearning/dataset/processed/v1_real_ssl_pseudo_from_mixed_noaug/all/H_M0066_s026_orig.wav,/nas/home/pcallandrone/DeepLearning/dataset/processed/v1_real_ssl_pseudo_from_mixed_noaug/all/L_M0066_s026_orig.wav,,,
M0068_s011_orig,M0068,11,/nas/home/pcallandrone/DeepLearning/dataset/processed/M1_segmented_only/M_M0068_s011_orig.wav,/nas/home/pcallandrone/DeepLearning/outputs/checkpoints/EXP_H_FULL_TO_TORABI_FOLD2_MIXED_REPLAY005_NOAUG/finetune_fold1_best.pt,EXP_H_FULL_TO_TORABI_FOLD2_MIXED_REPLAY005_NOAUG,4000,8000,teacher_generated_not_ground_truth,False,True,True,17.253522512585384,12.368777748645613,10.095755750391612,-0.29495213219860666,1.0,-0.9430610356390804,1.0,-0.29495213219860666,-0.9430610356390804,0.29495213219860666,0.9430610356390804,0.29495213219860666,7.153673853939813,0.9430610356390804,10.095755750391612,-9.561039967181992,0.9430610357670416,-0.5092028960990331,0.11063588221407579,-9.561039967181992,-0.5092028960990331,1.0000000270258491,0.0,0.9430610357670416,0.06428780741134998,0.03908031527407793,0.039269969033041564,-0.04205000279746962,0.04205000279746962,0.497577805079679,0.5024189369668115,0.19752812849492646,0.19752812849492646,0.8429411053657532,0.5917128324508667,0.5123756527900696,False,mix_corr<0.95;mix_nmse_db>-10.0,/nas/home/pcallandrone/DeepLearning/dataset/processed/v1_real_ssl_pseudo_from_mixed_noaug/all/M_M0068_s011_orig.wav,/nas/home/pcallandrone/DeepLearning/dataset/processed/v1_real_ssl_pseudo_from_mixed_noaug/all/H_M0068_s011_orig.wav,/nas/home/pcallandrone/DeepLearning/dataset/processed/v1_real_ssl_pseudo_from_mixed_noaug/all/L_M0068_s011_orig.wav,,,
M0069_s000_orig,M0069,0,/nas/home/pcallandrone/DeepLearning/dataset/processed/M1_segmented_only/M_M0069_s000_orig.wav,/nas/home/pcallandrone/DeepLearning/outputs/checkpoints/EXP_H_FULL_TO_TORABI_FOLD2_MIXED_REPLAY005_NOAUG/finetune_fold1_best.pt,EXP_H_FULL_TO_TORABI_FOLD2_MIXED_REPLAY005_NOAUG,4000,8000,teacher_generated_not_ground_truth,False,True,True,162.56380144121218,22.11023846396385,21.41139271908759,-0.08366018356894965,1.0,-0.9842282221689183,1.0,-0.08366018356894965,-0.9842282221689183,0.08366018356894965,0.9842282221689183,0.08366018356894965,20.653840469849808,0.9842282221689183,21.41139271908759,-15.045277426621757,0.9842282184103991,-0.13807873484545075,0.03129480554460153,-15.045277426621757,-0.13807873484545075,0.9999999740515513,0.0,0.9842282184103991,0.017108785116251687,0.01099544072893657,0.008643529972960966,2.090429989841908,2.090429989841908,0.6180324843717518,0.3819163961963248,0.46275392293569917,0.46275392293569917,0.08894225209951401,0.05594105273485184,0.0896855965256691,False,"gain_gamma_not_in_[0.1,10.0]",/nas/home/pcallandrone/DeepLearning/dataset/processed/v1_real_ssl_pseudo_from_mixed_noaug/all/M_M0069_s000_orig.wav,/nas/home/pcallandrone/DeepLearning/dataset/processed/v1_real_ssl_pseudo_from_mixed_noaug/all/H_M0069_s000_orig.wav,/nas/home/pcallandrone/DeepLearning/dataset/processed/v1_real_ssl_pseudo_from_mixed_noaug/all/L_M0069_s000_orig.wav,,,
M0069_s005_orig,M0069,5,/nas/home/pcallandrone/DeepLearning/dataset/processed/M1_segmented_only/M_M0069_s005_orig.wav,/nas/home/pcallandrone/DeepLearning/outputs/checkpoints/EXP_H_FULL_TO_TORABI_FOLD2_MIXED_REPLAY005_NOAUG/finetune_fold1_best.pt,EXP_H_FULL_TO_TORABI_FOLD2_MIXED_REPLAY005_NOAUG,4000,8000,teacher_generated_not_ground_truth,False,True,True,250.2391085709841,23.9835518429139,23.421709090177217,-0.06675259093346002,1.0,-0.9898387875931923,1.0,-0.06675259093346002,-0.9898387875931923,0.06675259093346002,0.9898387875931923,0.06675259093346002,22.822321151208016,0.9898387875931923,23.421709090177217,-16.942365949676194,0.9898387816336507,-0.0887062236782213,0.020219173783446967,-16.942365949676194,-0.0887062236782213,1.0000000050497935,0.0,0.9898387816336507,0.014091173253749896,0.009079324353260795,0.0065801760362435395,2.796320380796815,2.796320380796815,0.6555770958710099,0.3443433767426745,0.5760947520358439,0.5760947520358439,0.10890775918960571,0.05342954769730568,0.077735036611557,False,"gain_gamma_not_in_[0.1,10.0]",/nas/home/pcallandrone/DeepLearning/dataset/processed/v1_real_ssl_pseudo_from_mixed_noaug/all/M_M0069_s005_orig.wav,/nas/home/pcallandrone/DeepLearning/dataset/processed/v1_real_ssl_pseudo_from_mixed_noaug/all/H_M0069_s005_orig.wav,/nas/home/pcallandrone/DeepLearning/dataset/processed/v1_real_ssl_pseudo_from_mixed_noaug/all/L_M0069_s005_orig.wav,,,
M0069_s006_orig,M0069,6,/nas/home/pcallandrone/DeepLearning/dataset/processed/M1_segmented_only/M_M0069_s006_orig.wav,/nas/home/pcallandrone/DeepLearning/outputs/checkpoints/EXP_H_FULL_TO_TORABI_FOLD2_MIXED_REPLAY005_NOAUG/finetune_fold1_best.pt,EXP_H_FULL_TO_TORABI_FOLD2_MIXED_REPLAY005_NOAUG,4000,8000,teacher_generated_not_ground_truth,False,True,True,264.06950054809346,24.21718244037057,23.669038812763652,-0.06508482946482855,1.0,-0.9929861720813588,1.0,-0.06508482946482855,-0.9929861720813588,0.06508482946482855,0.9929861720813588,0.06508482946482855,23.08501107549983,0.9929861720813588,23.669038812763652,-18.545406272916246,0.9929861657031664,-0.061132649089907586,0.013978461437801931,-18.545406272916246,-0.061132649089907586,0.9999999860661704,0.0,0.9929861657031664,0.013718496299763053,0.008715659658220536,0.006360320209319142,2.7364256451082096,2.7364256451082096,0.6524527564083678,0.34746135241655934,0.623920334513674,0.623920334513674,0.10890775918960571,0.05173366144299507,0.06824551522731781,False,"gain_gamma_not_in_[0.1,10.0]",/nas/home/pcallandrone/DeepLearning/dataset/processed/v1_real_ssl_pseudo_from_mixed_noaug/all/M_M0069_s006_orig.wav,/nas/home/pcallandrone/DeepLearning/dataset/processed/v1_real_ssl_pseudo_from_mixed_noaug/all/H_M0069_s006_orig.wav,/nas/home/pcallandrone/DeepLearning/dataset/processed/v1_real_ssl_pseudo_from_mixed_noaug/all/L_M0069_s006_orig.wav,,,
M0069_s007_orig,M0069,7,/nas/home/pcallandrone/DeepLearning/dataset/processed/M1_segmented_only/M_M0069_s007_orig.wav,/nas/home/pcallandrone/DeepLearning/outputs/checkpoints/EXP_H_FULL_TO_TORABI_FOLD2_MIXED_REPLAY005_NOAUG/finetune_fold1_best.pt,EXP_H_FULL_TO_TORABI_FOLD2_MIXED_REPLAY005_NOAUG,4000,8000,teacher_generated_not_ground_truth,False,True,True,262.36902790960363,24.189125662148573,23.63793148220352,-0.06546856408619936,1.0,-0.995269389825506,1.0,-0.06546856408619936,-0.995269389825506,0.06546856408619936,0.995269389825506,0.06546856408619936,23.050237993235825,0.995269389825506,23.63793148220352,-20.250813330228542,0.9952693836623605,-0.041184828162048506,0.00943884092700983,-20.250813330228542,-0.041184828162048506,0.9999999854889801,0.0,0.9952693836623605,0.013858551342695532,0.008773986234386048,0.0069630826499325876,2.0079079706758867,2.0079079706758867,0.6135197445809717,0.3864005597636223,0.5303325096564602,0.5303325096564602,0.07478489726781845,0.051017727702856064,0.06882187724113464,False,"gain_gamma_not_in_[0.1,10.0]",/nas/home/pcallandrone/DeepLearning/dataset/processed/v1_real_ssl_pseudo_from_mixed_noaug/all/M_M0069_s007_orig.wav,/nas/home/pcallandrone/DeepLearning/dataset/processed/v1_real_ssl_pseudo_from_mixed_noaug/all/H_M0069_s007_orig.wav,/nas/home/pcallandrone/DeepLearning/dataset/processed/v1_real_ssl_pseudo_from_mixed_noaug/all/L_M0069_s007_orig.wav,,,
M0069_s008_orig,M0069,8,/nas/home/pcallandrone/DeepLearning/dataset/processed/M1_segmented_only/M_M0069_s008_orig.wav,/nas/home/pcallandrone/DeepLearning/outputs/checkpoints/EXP_H_FULL_TO_TORABI_FOLD2_MIXED_REPLAY005_NOAUG/finetune_fold1_best.pt,EXP_H_FULL_TO_TORABI_FOLD2_MIXED_REPLAY005_NOAUG,4000,8000,teacher_generated_not_ground_truth,False,True,True,243.94721273851886,23.87295860369186,23.303434171247616,-0.06769770228844747,1.0,-0.9902761606459737,1.0,-0.06769770228844747,-0.9902761606459737,0.06769770228844747,0.9902761606459737,0.06769770228844747,22.695234870991676,0.9902761606459737,23.303434171247616,-17.13248910941183,0.9902761550200547,-0.0848690964276746,0.01935312443714141,-17.13248910941183,-0.0848690964276746,0.9999999733764322,0.0,0.9902761550200547,0.014221123189029409,0.00905216206219716,0.007687830907659637,1.418969960950193,1.418969960950193,0.5809223137959196,0.4190067915615065,0.41169203154922274,0.41169203154922274,0.08530213683843613,0.04841025546193123,0.09089812636375427,False,"gain_gamma_not_in_[0.1,10.0]",/nas/home/pcallandrone/DeepLearning/dataset/processed/v1_real_ssl_pseudo_from_mixed_noaug/all/M_M0069_s008_orig.wav,/nas/home/pcallandrone/DeepLearning/dataset/processed/v1_real_ssl_pseudo_from_mixed_noaug/all/H_M0069_s008_orig.wav,/nas/home/pcallandrone/DeepLearning/dataset/processed/v1_real_ssl_pseudo_from_mixed_noaug/all/L_M0069_s008_orig.wav,,,
M0069_s009_orig,M0069,9,/nas/home/pcallandrone/DeepLearning/dataset/processed/M1_segmented_only/M_M0069_s009_orig.wav,/nas/home/pcallandrone/DeepLearning/outputs/checkpoints/EXP_H_FULL_TO_TORABI_FOLD2_MIXED_REPLAY005_NOAUG/finetune_fold1_best.pt,EXP_H_FULL_TO_TORABI_FOLD2_MIXED_REPLAY005_NOAUG,4000,8000,teacher_generated_not_ground_truth,False,True,True,293.6314674872437,24.678025956029067,24.158276553260436,-0.061615084767147006,1.0,-0.9945192283097737,1.0,-0.061615084767147006,-0.9945192283097737,0.061615084767147006,0.9945192283097737,0.061615084767147006,23.606349946067603,0.9945192283097737,24.158276553260436,-19.61320103573226,0.9945192216948782,-0.047733767228949904,0.01093150345621381,-19.61320103573226,-0.047733767228949904,1.0000000145140193,0.0,0.9945192216948782,0.01325807400540889,0.008148903882700696,0.0077074928838525856,0.4837212570777627,0.4837212570777627,0.527774532796576,0.4721459886343672,0.38261845694647556,0.38261845694647556,0.08530213683843613,0.04810616374015808,0.08098439872264862,False,"gain_gamma_not_in_[0.1,10.0]",/nas/home/pcallandrone/DeepLearning/dataset/processed/v1_real_ssl_pseudo_from_mixed_noaug/all/M_M0069_s009_orig.wav,/nas/home/pcallandrone/DeepLearning/dataset/processed/v1_real_ssl_pseudo_from_mixed_noaug/all/H_M0069_s009_orig.wav,/nas/home/pcallandrone/DeepLearning/dataset/processed/v1_real_ssl_pseudo_from_mixed_noaug/all/L_M0069_s009_orig.wav,,,
M0069_s010_orig,M0069,10,/nas/home/pcallandrone/DeepLearning/dataset/processed/M1_segmented_only/M_M0069_s010_orig.wav,/nas/home/pcallandrone/DeepLearning/outputs/checkpoints/EXP_H_FULL_TO_TORABI_FOLD2_MIXED_REPLAY005_NOAUG/finetune_fold1_best.pt,EXP_H_FULL_TO_TORABI_FOLD2_MIXED_REPLAY005_NOAUG,4000,8000,teacher_generated_not_ground_truth,False,True,True,269.6755997316117,24.308416532333595,23.768091801455068,-0.0641135257510648,1.0,-0.9893854535038656,1.0,-0.0641135257510648,-0.9893854535038656,0.0641135257510648,0.9893854535038656,0.0641135257510648,23.193220246372515,0.9893854535038656,23.768091801455068,-16.75379631326952,0.9893854472416823,-0.09268444339395418,0.02111642375637004,-16.75379631326952,-0.09268444339395418,0.9999999640137699,0.0,0.9893854472416823,0.013851497899657287,0.00845172538494441,0.008152000000227047,0.31362412841645404,0.31362412841645404,0.518008246760872,0.48191923522227337,0.3624407396167594,0.3624407396167594,0.08530213683843613,0.04990658164024353,0.08439017087221146,False,"gain_gamma_not_in_[0.1,10.0]",/nas/home/pcallandrone/DeepLearning/dataset/processed/v1_real_ssl_pseudo_from_mixed_noaug/all/M_M0069_s010_orig.wav,/nas/home/pcallandrone/DeepLearning/dataset/processed/v1_real_ssl_pseudo_from_mixed_noaug/all/H_M0069_s010_orig.wav,/nas/home/pcallandrone/DeepLearning/dataset/processed/v1_real_ssl_pseudo_from_mixed_noaug/all/L_M0069_s010_orig.wav,,,
M0069_s011_orig,M0069,11,/nas/home/pcallandrone/DeepLearning/dataset/processed/M1_segmented_only/M_M0069_s011_orig.wav,/nas/home/pcallandrone/DeepLearning/outputs/checkpoints/EXP_H_FULL_TO_TORABI_FOLD2_MIXED_REPLAY005_NOAUG/finetune_fold1_best.pt,EXP_H_FULL_TO_TORABI_FOLD2_MIXED_REPLAY005_NOAUG,4000,8000,teacher_generated_not_ground_truth,False,True,True,327.2359731721765,25.148610397774732,24.662047341786234,-0.057530477469001085,1.0,-0.9840441855265516,1.0,-0.057530477469001085,-0.9840441855265516,0.057530477469001085,0.9840441855265516,0.057530477469001085,24.148207695017796,0.9840441855265516,24.662047341786234,-14.995297046211306,0.9840441779889533,-0.13969863542551905,0.031657039300527975,-14.995297046211306,-0.13969863542551905,0.9999999896743198,0.0,0.9840441779889533,0.01232165268067348,0.007447139797848735,0.007052760282228448,0.47260767472582976,0.47260767472582976,0.5271285620074302,0.47277639118470577,0.3982437616460548,0.3982437616460548,0.08530213683843613,0.04792383685708046,0.08276068419218063,False,"gain_gamma_not_in_[0.1,10.0]",/nas/home/pcallandrone/DeepLearning/dataset/processed/v1_real_ssl_pseudo_from_mixed_noaug/all/M_M0069_s011_orig.wav,/nas/home/pcallandrone/DeepLearning/dataset/processed/v1_real_ssl_pseudo_from_mixed_noaug/all/H_M0069_s011_orig.wav,/nas/home/pcallandrone/DeepLearning/dataset/processed/v1_real_ssl_pseudo_from_mixed_noaug/all/L_M0069_s011_orig.wav,,,
M0069_s012_orig,M0069,12,/nas/home/pcallandrone/DeepLearning/dataset/processed/M1_segmented_only/M_M0069_s012_orig.wav,/nas/home/pcallandrone/DeepLearning/outputs/checkpoints/EXP_H_FULL_TO_TORABI_FOLD2_MIXED_REPLAY005_NOAUG/finetune_fold1_best.pt,EXP_H_FULL_TO_TORABI_FOLD2_MIXED_REPLAY005_NOAUG,4000,8000,teacher_generated_not_ground_truth,False,True,True,333.4478249287095,25.230278888725604,24.75089993899789,-0.05663569098602641,1.0,-0.9787041518925779,1.0,-0.05663569098602641,-0.9787041518925779,0.05663569098602641,0.9787041518925779,0.05663569098602641,24.24550189651257,0.9787041518925779,24.75089993899789,-13.753242063640807,0.9787041429083136,-0.18695679813947097,0.04213818190884922,-13.753242063640807,-0.18695679813947097,0.9999999606513842,0.0,0.9787041429083136,0.011547590448377804,0.007351933914789645,0.0059646814807306206,1.8162867536955076,1.8162867536955076,0.602988874658582,0.3968995659567526,0.43463073437135274,0.43463073437135274,0.06896672397851944,0.04922233521938324,0.0755952000617981,False,"gain_gamma_not_in_[0.1,10.0]",/nas/home/pcallandrone/DeepLearning/dataset/processed/v1_real_ssl_pseudo_from_mixed_noaug/all/M_M0069_s012_orig.wav,/nas/home/pcallandrone/DeepLearning/dataset/processed/v1_real_ssl_pseudo_from_mixed_noaug/all/H_M0069_s012_orig.wav,/nas/home/pcallandrone/DeepLearning/dataset/processed/v1_real_ssl_pseudo_from_mixed_noaug/all/L_M0069_s012_orig.wav,,,
M0069_s013_orig,M0069,13,/nas/home/pcallandrone/DeepLearning/dataset/processed/M1_segmented_only/M_M0069_s013_orig.wav,/nas/home/pcallandrone/DeepLearning/outputs/checkpoints/EXP_H_FULL_TO_TORABI_FOLD2_MIXED_REPLAY005_NOAUG/finetune_fold1_best.pt,EXP_H_FULL_TO_TORABI_FOLD2_MIXED_REPLAY005_NOAUG,4000,8000,teacher_generated_not_ground_truth,False,True,True,298.42067461525835,24.74828907809634,24.235418418918357,-0.06074541352906712,1.0,-0.989238952912738,1.0,-0.06074541352906712,-0.989238952912738,0.06074541352906712,0.989238952912738,0.06074541352906712,23.691818116661082,0.989238952912738,24.235418418918357,-16.694585374745976,0.9892389437039313,-0.09396832789867435,0.02140629285019622,-16.694585374745976,-0.09396832789867435,0.9999999773453397,0.0,0.9892389437039313,0.011349296978144002,0.007959570732524388,0.004028289425234072,5.91537960346637,5.91537960346637,0.7959953289483394,0.20387903009737843,0.7250560297202306,0.7250560297202306,0.06896672397851944,0.05259175971150398,0.015774987637996674,False,"gain_gamma_not_in_[0.1,10.0]",/nas/home/pcallandrone/DeepLearning/dataset/processed/v1_real_ssl_pseudo_from_mixed_noaug/all/M_M0069_s013_orig.wav,/nas/home/pcallandrone/DeepLearning/dataset/processed/v1_real_ssl_pseudo_from_mixed_noaug/all/H_M0069_s013_orig.wav,/nas/home/pcallandrone/DeepLearning/dataset/processed/v1_real_ssl_pseudo_from_mixed_noaug/all/L_M0069_s013_orig.wav,,,
M0069_s014_orig,M0069,14,/nas/home/pcallandrone/DeepLearning/dataset/processed/M1_segmented_only/M_M0069_s014_orig.wav,/nas/home/pcallandrone/DeepLearning/outputs/checkpoints/EXP_H_FULL_TO_TORABI_FOLD2_MIXED_REPLAY005_NOAUG/finetune_fold1_best.pt,EXP_H_FULL_TO_TORABI_FOLD2_MIXED_REPLAY005_NOAUG,4000,8000,teacher_generated_not_ground_truth,False,True,True,360.4757607791675,25.568760670754926,25.105572046586154,-0.05468560771518935,1.0,-0.9843950108227679,1.0,-0.05468560771518935,-0.9843950108227679,0.05468560771518935,0.9843950108227679,0.05468560771518935,24.617917000182,0.9843950108227679,25.105572046586154,-15.09108421596684,0.9843950011255396,-0.13660055935446708,0.030966461251517804,-15.09108421596684,-0.13660055935446708,0.9999999925762643,0.0,0.9843950011255396,0.011040905422637439,0.007074905043545037,0.005943273329849695,1.5138982297555723,1.5138982297555723,0.5862064574366652,0.41367642841418895,0.3896510942487305,0.3896510942487305,0.07188082486391068,0.04193199798464775,0.09152549505233765,False,"gain_gamma_not_in_[0.1,10.0]",/nas/home/pcallandrone/DeepLearning/dataset/processed/v1_real_ssl_pseudo_from_mixed_noaug/all/M_M0069_s014_orig.wav,/nas/home/pcallandrone/DeepLearning/dataset/processed/v1_real_ssl_pseudo_from_mixed_noaug/all/H_M0069_s014_orig.wav,/nas/home/pcallandrone/DeepLearning/dataset/processed/v1_real_ssl_pseudo_from_mixed_noaug/all/L_M0069_s014_orig.wav,,,
M0069_s015_orig,M0069,15,/nas/home/pcallandrone/DeepLearning/dataset/processed/M1_segmented_only/M_M0069_s015_orig.wav,/nas/home/pcallandrone/DeepLearning/outputs/checkpoints/EXP_H_FULL_TO_TORABI_FOLD2_MIXED_REPLAY005_NOAUG/finetune_fold1_best.pt,EXP_H_FULL_TO_TORABI_FOLD2_MIXED_REPLAY005_NOAUG,4000,8000,teacher_generated_not_ground_truth,False,True,True,365.79091425932074,25.632329139997587,25.176940505661044,-0.05371417076019618,1.0,-0.9748842788737621,1.0,-0.05371417076019618,-0.9748842788737621,0.05371417076019618,0.9748842788737621,0.05371417076019618,24.698460755265717,0.9748842788737621,25.176940505661044,-13.045127020886797,0.9748842691135499,-0.22092062143147473,0.049600642016658814,-13.045127020886797,-0.22092062143147473,0.9999999819322597,0.0,0.9748842691135499,0.011230154560808,0.0070300205527741595,0.0062837439339225665,0.974762314547981,0.974762314547981,0.5558149330591242,0.4440726020357175,0.3505597026734252,0.3505597026734252,0.07188082486391068,0.0408363938331604,0.09962356090545654,False,"gain_gamma_not_in_[0.1,10.0]",/nas/home/pcallandrone/DeepLearning/dataset/processed/v1_real_ssl_pseudo_from_mixed_noaug/all/M_M0069_s015_orig.wav,/nas/home/pcallandrone/DeepLearning/dataset/processed/v1_real_ssl_pseudo_from_mixed_noaug/all/H_M0069_s015_orig.wav,/nas/home/pcallandrone/DeepLearning/dataset/processed/v1_real_ssl_pseudo_from_mixed_noaug/all/L_M0069_s015_orig.wav,,,
M0069_s016_orig,M0069,16,/nas/home/pcallandrone/DeepLearning/dataset/processed/M1_segmented_only/M_M0069_s016_orig.wav,/nas/home/pcallandrone/DeepLearning/outputs/checkpoints/EXP_H_FULL_TO_TORABI_FOLD2_MIXED_REPLAY005_NOAUG/finetune_fold1_best.pt,EXP_H_FULL_TO_TORABI_FOLD2_MIXED_REPLAY005_NOAUG,4000,8000,teacher_generated_not_ground_truth,False,True,True,435.2321154658787,26.38720934151088,25.96426077079185,-0.04982858967286114,1.0,-0.9901726143060439,1.0,-0.04982858967286114,-0.9901726143060439,0.04982858967286114,0.9901726143060439,0.04982858967286114,25.52092369038002,0.9901726143060439,25.96426077079185,-17.0867127900048,0.9901726036603778,-0.08577418498261755,0.019558192710587567,-17.0867127900048,-0.08577418498261755,1.0000000016145638,0.0,0.9901726036603778,0.0106002323337583,0.0065954116964763105,0.005772157086788212,1.1580753677078421,1.1580753677078421,0.5661982410543072,0.43367159680107553,0.4382620109496922,0.4382620109496922,0.07188082486391068,0.04244882985949516,0.08133696764707565,False,"gain_gamma_not_in_[0.1,10.0]",/nas/home/pcallandrone/DeepLearning/dataset/processed/v1_real_ssl_pseudo_from_mixed_noaug/all/M_M0069_s016_orig.wav,/nas/home/pcallandrone/DeepLearning/dataset/processed/v1_real_ssl_pseudo_from_mixed_noaug/all/H_M0069_s016_orig.wav,/nas/home/pcallandrone/DeepLearning/dataset/processed/v1_real_ssl_pseudo_from_mixed_noaug/all/L_M0069_s016_orig.wav,,,
M0069_s017_orig,M0069,17,/nas/home/pcallandrone/DeepLearning/dataset/processed/M1_segmented_only/M_M0069_s017_orig.wav,/nas/home/pcallandrone/DeepLearning/outputs/checkpoints/EXP_H_FULL_TO_TORABI_FOLD2_MIXED_REPLAY005_NOAUG/finetune_fold1_best.pt,EXP_H_FULL_TO_TORABI_FOLD2_MIXED_REPLAY005_NOAUG,4000,8000,teacher_generated_not_ground_truth,False,True,True,441.4576209378797,26.44889018499725,26.029154171089665,-0.04943938922249646,1.0,-0.9898064286961268,1.0,-0.04943938922249646,-0.9898064286961268,0.04943938922249646,0.9898064286961268,0.04943938922249646,25.589382922822036,0.9898064286961268,26.029154171089665,-16.928628396940546,0.9898064181614405,-0.08898649936815989,0.020283232100556714,-16.928628396940546,-0.08898649936815989,0.9999999872375918,0.0,0.9898064181614405,0.010549131193495712,0.006611627932687025,0.005754507664765444,1.2060046587524136,1.2060046587524136,0.5689064517825623,0.4309634042484042,0.4233976441924486,0.4233976441924486,0.07188082486391068,0.0389619916677475,0.07844088226556778,False,"gain_gamma_not_in_[0.1,10.0]",/nas/home/pcallandrone/DeepLearning/dataset/processed/v1_real_ssl_pseudo_from_mixed_noaug/all/M_M0069_s017_orig.wav,/nas/home/pcallandrone/DeepLearning/dataset/processed/v1_real_ssl_pseudo_from_mixed_noaug/all/H_M0069_s017_orig.wav,/nas/home/pcallandrone/DeepLearning/dataset/processed/v1_real_ssl_pseudo_from_mixed_noaug/all/L_M0069_s017_orig.wav,,,
M0069_s018_orig,M0069,18,/nas/home/pcallandrone/DeepLearning/dataset/processed/M1_segmented_only/M_M0069_s018_orig.wav,/nas/home/pcallandrone/DeepLearning/outputs/checkpoints/EXP_H_FULL_TO_TORABI_FOLD2_MIXED_REPLAY005_NOAUG/finetune_fold1_best.pt,EXP_H_FULL_TO_TORABI_FOLD2_MIXED_REPLAY005_NOAUG,4000,8000,teacher_generated_not_ground_truth,False,True,True,455.0017772627641,26.58013093039319,26.168892292619365,-0.0483997694877482,1.0,-0.9847102134404988,1.0,-0.0483997694877482,-0.9847102134404988,0.0483997694877482,0.9847102134404988,0.0483997694877482,25.738745290254336,0.9847102134404988,26.168892292619365,-15.179014930125279,0.9847102021338652,-0.13381840454038418,0.030345794116290004,-15.179014930125279,-0.13381840454038418,1.0000000041183499,0.0,0.9847102021338652,0.010271095147132741,0.006476833013994148,0.005202446870892313,1.9031009290104102,1.9031009290104102,0.6077432189600193,0.392111905615514,0.49412790168392845,0.49412790168392845,0.05445638298988342,0.03773486614227295,0.04448463395237923,False,"gain_gamma_not_in_[0.1,10.0]",/nas/home/pcallandrone/DeepLearning/dataset/processed/v1_real_ssl_pseudo_from_mixed_noaug/all/M_M0069_s018_orig.wav,/nas/home/pcallandrone/DeepLearning/dataset/processed/v1_real_ssl_pseudo_from_mixed_noaug/all/H_M0069_s018_orig.wav,/nas/home/pcallandrone/DeepLearning/dataset/processed/v1_real_ssl_pseudo_from_mixed_noaug/all/L_M0069_s018_orig.wav,,,
M0069_s019_orig,M0069,19,/nas/home/pcallandrone/DeepLearning/dataset/processed/M1_segmented_only/M_M0069_s019_orig.wav,/nas/home/pcallandrone/DeepLearning/outputs/checkpoints/EXP_H_FULL_TO_TORABI_FOLD2_MIXED_REPLAY005_NOAUG/finetune_fold1_best.pt,EXP_H_FULL_TO_TORABI_FOLD2_MIXED_REPLAY005_NOAUG,4000,8000,teacher_generated_not_ground_truth,False,True,True,487.52991085847793,26.880012656187482,26.47909627441374,-0.047176795707077855,1.0,-0.9947280874616611,1.0,-0.047176795707077855,-0.9947280874616611,0.047176795707077855,0.9947280874616611,0.047176795707077855,26.059878425687437,0.9947280874616611,26.47909627441374,-19.781481372489353,0.9947280756556107,-0.04590763465588079,0.010516031122686101,-19.781481372489353,-0.04590763465588079,0.9999999598836876,0.0,0.9947280756556107,0.010126819919735183,0.006122524714457245,0.005215504208633185,1.3926849340262129,1.3926849340262129,0.5793997990302161,0.42044563380297784,0.5763648862567653,0.5763648862567653,0.06206955015659332,0.04025214910507202,0.03709680959582329,False,"gain_gamma_not_in_[0.1,10.0]",/nas/home/pcallandrone/DeepLearning/dataset/processed/v1_real_ssl_pseudo_from_mixed_noaug/all/M_M0069_s019_orig.wav,/nas/home/pcallandrone/DeepLearning/dataset/processed/v1_real_ssl_pseudo_from_mixed_noaug/all/H_M0069_s019_orig.wav,/nas/home/pcallandrone/DeepLearning/dataset/processed/v1_real_ssl_pseudo_from_mixed_noaug/all/L_M0069_s019_orig.wav,,,
M0069_s020_orig,M0069,20,/nas/home/pcallandrone/DeepLearning/dataset/processed/M1_segmented_only/M_M0069_s020_orig.wav,/nas/home/pcallandrone/DeepLearning/outputs/checkpoints/EXP_H_FULL_TO_TORABI_FOLD2_MIXED_REPLAY005_NOAUG/finetune_fold1_best.pt,EXP_H_FULL_TO_TORABI_FOLD2_MIXED_REPLAY005_NOAUG,4000,8000,teacher_generated_not_ground_truth,False,True,True,376.4255144298855,25.75679052588821,25.302101825664952,-0.05366895088926852,1.0,-0.988200154492433,1.0,-0.05366895088926852,-0.988200154492433,0.05366895088926852,0.988200154492433,0.05366895088926852,24.823633547614676,0.988200154492433,25.302101825664952,-16.296636015230963,0.9882001454335794,-0.10309379366571185,0.023460453258493073,-16.296636015230963,-0.10309379366571185,1.0000000137450524,0.0,0.9882001454335794,0.01137939552071936,0.007086752057868675,0.005824755133253593,1.7033913141315566,1.7033913141315566,0.5967461729069796,0.4031350055561242,0.5126577617266833,0.5126577617266833,0.06678866595029831,0.039235781878232956,0.046123605221509933,False,"gain_gamma_not_in_[0.1,10.0]",/nas/home/pcallandrone/DeepLearning/dataset/processed/v1_real_ssl_pseudo_from_mixed_noaug/all/M_M0069_s020_orig.wav,/nas/home/pcallandrone/DeepLearning/dataset/processed/v1_real_ssl_pseudo_from_mixed_noaug/all/H_M0069_s020_orig.wav,/nas/home/pcallandrone/DeepLearning/dataset/processed/v1_real_ssl_pseudo_from_mixed_noaug/all/L_M0069_s020_orig.wav,,,
M0069_s021_orig,M0069,21,/nas/home/pcallandrone/DeepLearning/dataset/processed/M1_segmented_only/M_M0069_s021_orig.wav,/nas/home/pcallandrone/DeepLearning/outputs/checkpoints/EXP_H_FULL_TO_TORABI_FOLD2_MIXED_REPLAY005_NOAUG/finetune_fold1_best.pt,EXP_H_FULL_TO_TORABI_FOLD2_MIXED_REPLAY005_NOAUG,4000,8000,teacher_generated_not_ground_truth,False,True,True,378.30591672019096,25.778431337295284,25.32491175223983,-0.053525896067027685,1.0,-0.9881589000970081,1.0,-0.053525896067027685,-0.9881589000970081,0.053525896067027685,0.9881589000970081,0.053525896067027685,24.847766344992557,0.9881589000970081,25.32491175223983,-16.28156884348496,0.9881588906008857,-0.103456095857659,0.023541987005652285,-16.28156884348496,-0.103456095857659,1.0000000099203905,0.0,0.9881588906008857,0.01120260339049555,0.006979564207853227,0.005661398587663783,1.8180914926641998,1.8180914926641998,0.6030809522664555,0.39679524820289197,0.528914203706622,0.528914203706622,0.06678866595029831,0.03918418288230896,0.04465635493397713,False,"gain_gamma_not_in_[0.1,10.0]",/nas/home/pcallandrone/DeepLearning/dataset/processed/v1_real_ssl_pseudo_from_mixed_noaug/all/M_M0069_s021_orig.wav,/nas/home/pcallandrone/DeepLearning/dataset/processed/v1_real_ssl_pseudo_from_mixed_noaug/all/H_M0069_s021_orig.wav,/nas/home/pcallandrone/DeepLearning/dataset/processed/v1_real_ssl_pseudo_from_mixed_noaug/all/L_M0069_s021_orig.wav,,,
M0069_s022_orig,M0069,22,/nas/home/pcallandrone/DeepLearning/dataset/processed/M1_segmented_only/M_M0069_s022_orig.wav,/nas/home/pcallandrone/DeepLearning/outputs/checkpoints/EXP_H_FULL_TO_TORABI_FOLD2_MIXED_REPLAY005_NOAUG/finetune_fold1_best.pt,EXP_H_FULL_TO_TORABI_FOLD2_MIXED_REPLAY005_NOAUG,4000,8000,teacher_generated_not_ground_truth,False,True,True,331.62662497991425,25.206493910509387,24.72661695029334,-0.0566879402806767,1.0,-0.9768743062295758,1.0,-0.0566879402806767,-0.9768743062295758,0.0566879402806767,0.9768743062295758,0.0566879402806767,24.22081918522141,0.9768743062295758,24.72661695029334,-13.399261941016459,0.9768742972365634,-0.20320984136002435,0.04571658757763042,-13.399261941016459,-0.20320984136002435,0.9999999995936526,0.0,0.9768742972365634,0.011229671340720476,0.007490035167202544,0.0055136925726484935,2.6608261869360583,2.6608261869360583,0.648476451323632,0.35140795701755,0.409925615870255,0.409925615870255,0.06678866595029831,0.039625391364097595,0.07095647603273392,False,"gain_gamma_not_in_[0.1,10.0]",/nas/home/pcallandrone/DeepLearning/dataset/processed/v1_real_ssl_pseudo_from_mixed_noaug/all/M_M0069_s022_orig.wav,/nas/home/pcallandrone/DeepLearning/dataset/processed/v1_real_ssl_pseudo_from_mixed_noaug/all/H_M0069_s022_orig.wav,/nas/home/pcallandrone/DeepLearning/dataset/processed/v1_real_ssl_pseudo_from_mixed_noaug/all/L_M0069_s022_orig.wav,,,
M0069_s023_orig,M0069,23,/nas/home/pcallandrone/DeepLearning/dataset/processed/M1_segmented_only/M_M0069_s023_orig.wav,/nas/home/pcallandrone/DeepLearning/outputs/checkpoints/EXP_H_FULL_TO_TORABI_FOLD2_MIXED_REPLAY005_NOAUG/finetune_fold1_best.pt,EXP_H_FULL_TO_TORABI_FOLD2_MIXED_REPLAY005_NOAUG,4000,8000,teacher_generated_not_ground_truth,False,True,True,279.9279040638171,24.47046192417252,23.94401344629797,-0.062379245700813386,1.0,-0.9823278616681528,1.0,-0.062379245700813386,-0.9823278616681528,0.062379245700813386,0.9823278616681528,0.062379245700813386,23.385568860610164,0.9823278616681528,23.94401344629797,-14.555354416783455,0.9823278536437797,-0.1548594810056268,0.03503196984271499,-14.555354416783455,-0.1548594810056268,1.000000008533052,0.0,0.9823278536437797,0.011747837913705038,0.008357126408944081,0.00436437361738181,5.642700990073406,5.642700990073406,0.7856253871158845,0.21426212608303333,0.6074623570719118,0.6074623570719118,0.06678866595029831,0.042726222425699234,0.057866036891937256,False,"gain_gamma_not_in_[0.1,10.0]",/nas/home/pcallandrone/DeepLearning/dataset/processed/v1_real_ssl_pseudo_from_mixed_noaug/all/M_M0069_s023_orig.wav,/nas/home/pcallandrone/DeepLearning/dataset/processed/v1_real_ssl_pseudo_from_mixed_noaug/all/H_M0069_s023_orig.wav,/nas/home/pcallandrone/DeepLearning/dataset/processed/v1_real_ssl_pseudo_from_mixed_noaug/all/L_M0069_s023_orig.wav,,,
M0069_s024_orig,M0069,24,/nas/home/pcallandrone/DeepLearning/dataset/processed/M1_segmented_only/M_M0069_s024_orig.wav,/nas/home/pcallandrone/DeepLearning/outputs/checkpoints/EXP_H_FULL_TO_TORABI_FOLD2_MIXED_REPLAY005_NOAUG/finetune_fold1_best.pt,EXP_H_FULL_TO_TORABI_FOLD2_MIXED_REPLAY005_NOAUG,4000,8000,teacher_generated_not_ground_truth,False,True,True,299.7027000058559,24.766906554994065,24.254373984272824,-0.06070322192321277,1.0,-0.9907174105330948,1.0,-0.06070322192321277,-0.9907174105330948,0.06070322192321277,0.9907174105330948,0.06070322192321277,23.711159141558817,0.9907174105330948,24.254373984272824,-17.333212762519473,0.9907173999907367,-0.08099680641452987,0.018479010989828612,-17.333212762519473,-0.08099680641452987,0.9999999921353272,0.0,0.9907173999907367,0.010572755416582895,0.008153487664798814,0.00310592449459328,8.383050494713853,8.383050494713853,0.8731644593519978,0.1267041969580353,0.6638242816751369,0.6638242816751369,0.05445638298988342,0.04532593488693237,0.013089695945382118,False,"gain_gamma_not_in_[0.1,10.0]",/nas/home/pcallandrone/DeepLearning/dataset/processed/v1_real_ssl_pseudo_from_mixed_noaug/all/M_M0069_s024_orig.wav,/nas/home/pcallandrone/DeepLearning/dataset/processed/v1_real_ssl_pseudo_from_mixed_noaug/all/H_M0069_s024_orig.wav,/nas/home/pcallandrone/DeepLearning/dataset/processed/v1_real_ssl_pseudo_from_mixed_noaug/all/L_M0069_s024_orig.wav,,,
M0069_s025_orig,M0069,25,/nas/home/pcallandrone/DeepLearning/dataset/processed/M1_segmented_only/M_M0069_s025_orig.wav,/nas/home/pcallandrone/DeepLearning/outputs/checkpoints/EXP_H_FULL_TO_TORABI_FOLD2_MIXED_REPLAY005_NOAUG/finetune_fold1_best.pt,EXP_H_FULL_TO_TORABI_FOLD2_MIXED_REPLAY005_NOAUG,4000,8000,teacher_generated_not_ground_truth,False,True,True,330.9031084701888,25.19700846897264,24.716808887930732,-0.056723557833468635,1.0,-0.9763867372179817,1.0,-0.056723557833468635,-0.9763867372179817,0.056723557833468635,0.9763867372179817,0.056723557833468635,24.210716635799518,0.9763867372179817,24.716808887930732,-13.309720885740592,0.9763867276740695,-0.20754499144010197,0.046668937274531704,-13.309720885740592,-0.20754499144010197,0.9999999979455438,0.0,0.9763867276740695,0.01097604166172819,0.00754186720226378,0.004830793308240575,3.86920850035061,3.86920850035061,0.7089912317330073,0.2908841209019974,0.47560644875276176,0.47560644875276176,0.056624412536621094,0.04060367867350578,0.07129193097352982,False,"gain_gamma_not_in_[0.1,10.0]",/nas/home/pcallandrone/DeepLearning/dataset/processed/v1_real_ssl_pseudo_from_mixed_noaug/all/M_M0069_s025_orig.wav,/nas/home/pcallandrone/DeepLearning/dataset/processed/v1_real_ssl_pseudo_from_mixed_noaug/all/H_M0069_s025_orig.wav,/nas/home/pcallandrone/DeepLearning/dataset/processed/v1_real_ssl_pseudo_from_mixed_noaug/all/L_M0069_s025_orig.wav,,,
M0069_s026_orig,M0069,26,/nas/home/pcallandrone/DeepLearning/dataset/processed/M1_segmented_only/M_M0069_s026_orig.wav,/nas/home/pcallandrone/DeepLearning/outputs/checkpoints/EXP_H_FULL_TO_TORABI_FOLD2_MIXED_REPLAY005_NOAUG/finetune_fold1_best.pt,EXP_H_FULL_TO_TORABI_FOLD2_MIXED_REPLAY005_NOAUG,4000,8000,teacher_generated_not_ground_truth,False,True,True,427.1504268125119,26.305808446501132,25.881067601963828,-0.050027933192265436,1.0,-0.9846608182195584,1.0,-0.050027933192265436,-0.9846608182195584,0.050027933192265436,0.9846608182195584,0.050027933192265436,25.43607673876888,0.9846608182195584,25.881067601963828,-15.165115265757784,0.9846608066678627,-0.13425385228194434,0.030443071902319537,-15.165115265757784,-0.13425385228194434,0.9999999914511,0.0,0.9846608066678627,0.010225312432761995,0.006634128417420055,0.004861265308810665,2.7006910025970483,2.7006910025970483,0.6505446230578965,0.3493075650610828,0.5232779058609697,0.5232779058609697,0.056624412536621094,0.03807302936911583,0.05575093999505043,False,"gain_gamma_not_in_[0.1,10.0]",/nas/home/pcallandrone/DeepLearning/dataset/processed/v1_real_ssl_pseudo_from_mixed_noaug/all/M_M0069_s026_orig.wav,/nas/home/pcallandrone/DeepLearning/dataset/processed/v1_real_ssl_pseudo_from_mixed_noaug/all/H_M0069_s026_orig.wav,/nas/home/pcallandrone/DeepLearning/dataset/processed/v1_real_ssl_pseudo_from_mixed_noaug/all/L_M0069_s026_orig.wav,,,
M0071_s023_orig,M0071,23,/nas/home/pcallandrone/DeepLearning/dataset/processed/M1_segmented_only/M_M0071_s023_orig.wav,/nas/home/pcallandrone/DeepLearning/outputs/checkpoints/EXP_H_FULL_TO_TORABI_FOLD2_MIXED_REPLAY005_NOAUG/finetune_fold1_best.pt,EXP_H_FULL_TO_TORABI_FOLD2_MIXED_REPLAY005_NOAUG,4000,8000,teacher_generated_not_ground_truth,False,True,True,10.643702982138485,10.270927468434552,7.225936347783546,-0.4133129521363785,1.0,-0.9496774416282046,1.0,-0.4133129521363785,-0.9496774416282046,0.4133129521363785,0.9496774416282046,0.4133129521363785,2.8224395798936315,0.9496774416282046,7.225936347783546,-10.082745230329444,0.9496774416645455,-0.4484769986853492,0.09811275638280496,-10.082745230329444,-0.4484769986853492,1.0000000249076617,0.0,0.9496774416645455,0.07797292078115281,0.054101702550081815,0.039363219778475095,2.762406345792023,2.762406345792023,0.653862527994039,0.34613523810155566,0.23638781888716598,0.23638781888716598,0.804659903049469,0.5676600933074951,0.44222456216812134,False,mix_corr<0.95,/nas/home/pcallandrone/DeepLearning/dataset/processed/v1_real_ssl_pseudo_from_mixed_noaug/all/M_M0071_s023_orig.wav,/nas/home/pcallandrone/DeepLearning/dataset/processed/v1_real_ssl_pseudo_from_mixed_noaug/all/H_M0071_s023_orig.wav,/nas/home/pcallandrone/DeepLearning/dataset/processed/v1_real_ssl_pseudo_from_mixed_noaug/all/L_M0071_s023_orig.wav,,,
M0072_s017_orig,M0072,17,/nas/home/pcallandrone/DeepLearning/dataset/processed/M1_segmented_only/M_M0072_s017_orig.wav,/nas/home/pcallandrone/DeepLearning/outputs/checkpoints/EXP_H_FULL_TO_TORABI_FOLD2_MIXED_REPLAY005_NOAUG/finetune_fold1_best.pt,EXP_H_FULL_TO_TORABI_FOLD2_MIXED_REPLAY005_NOAUG,4000,8000,teacher_generated_not_ground_truth,False,True,True,14.1185055373463,11.497887284981214,8.933327986543597,-0.3385343251888648,1.0,-0.9468244648150759,1.0,-0.3385343251888648,-0.9468244648150759,0.3385343251888648,0.9468244648150759,0.3385343251888648,5.4728974671173,0.9468244648150759,8.933327986543597,-9.849613317895953,0.9468244641249586,-0.47460961368389837,0.10352343365750344,-9.849613317895953,-0.47460961368389837,0.9999999984465181,0.0,0.9468244641249586,0.07234567225615565,0.04584970472360096,0.042906326071432764,0.5763042842242564,0.5763042842242564,0.5331247936781672,0.46687267028361384,0.19035071715615795,0.19035071715615795,0.8361043930053711,0.6105929613113403,0.25206300616264343,False,mix_corr<0.95;mix_nmse_db>-10.0,/nas/home/pcallandrone/DeepLearning/dataset/processed/v1_real_ssl_pseudo_from_mixed_noaug/all/M_M0072_s017_orig.wav,/nas/home/pcallandrone/DeepLearning/dataset/processed/v1_real_ssl_pseudo_from_mixed_noaug/all/H_M0072_s017_orig.wav,/nas/home/pcallandrone/DeepLearning/dataset/processed/v1_real_ssl_pseudo_from_mixed_noaug/all/L_M0072_s017_orig.wav,,,
M0073_s018_orig,M0073,18,/nas/home/pcallandrone/DeepLearning/dataset/processed/M1_segmented_only/M_M0073_s018_orig.wav,/nas/home/pcallandrone/DeepLearning/outputs/checkpoints/EXP_H_FULL_TO_TORABI_FOLD2_MIXED_REPLAY005_NOAUG/finetune_fold1_best.pt,EXP_H_FULL_TO_TORABI_FOLD2_MIXED_REPLAY005_NOAUG,4000,8000,teacher_generated_not_ground_truth,False,True,True,8.396049292272656,9.240749796125037,5.732552434078844,-0.48790301144593506,1.0,-0.9439766344736944,1.0,-0.48790301144593506,-0.9439766344736944,0.48790301144593506,0.9439766344736944,0.48790301144593506,0.3765175196112572,0.9439766344736944,5.732552434078844,-9.629397622854045,0.9439766340834472,-0.5007749074495841,0.10890811410952426,-9.629397622854045,-0.5007749074495841,1.0000000243935179,0.0,0.9439766340834472,0.11314985720730998,0.06086399533170558,0.07760412876783349,-2.110487400110806,2.110487400110806,0.3808459040422652,0.6191530678742707,0.17802595490307108,0.17802595490307108,0.7602996230125427,0.3538002073764801,0.6674489378929138,False,mix_corr<0.95;mix_nmse_db>-10.0,/nas/home/pcallandrone/DeepLearning/dataset/processed/v1_real_ssl_pseudo_from_mixed_noaug/all/M_M0073_s018_orig.wav,/nas/home/pcallandrone/DeepLearning/dataset/processed/v1_real_ssl_pseudo_from_mixed_noaug/all/H_M0073_s018_orig.wav,/nas/home/pcallandrone/DeepLearning/dataset/processed/v1_real_ssl_pseudo_from_mixed_noaug/all/L_M0073_s018_orig.wav,,,
M0073_s025_orig,M0073,25,/nas/home/pcallandrone/DeepLearning/dataset/processed/M1_segmented_only/M_M0073_s025_orig.wav,/nas/home/pcallandrone/DeepLearning/outputs/checkpoints/EXP_H_FULL_TO_TORABI_FOLD2_MIXED_REPLAY005_NOAUG/finetune_fold1_best.pt,EXP_H_FULL_TO_TORABI_FOLD2_MIXED_REPLAY005_NOAUG,4000,8000,teacher_generated_not_ground_truth,False,True,True,7.92714500811906,8.991168026427417,5.488871178968001,-0.47867151753573134,1.0,-0.9004948915585086,1.0,-0.47867151753573134,-0.9004948915585086,0.47867151753573134,0.9004948915585086,0.47867151753573134,0.6106225027916043,0.9004948915585086,5.488871178968001,-7.2328791522756175,0.9004948912555866,-0.9103741571106165,0.18910895064990868,-7.2328791522756175,-0.9103741571106165,0.9999999914794587,0.0,0.9004948912555866,0.12002476617556776,0.05841851080234106,0.08501335264551207,-3.258733237152125,3.258733237152125,0.3207445105368371,0.6792545496137625,0.10487304890227521,0.10487304890227521,0.7540750503540039,0.3939247727394104,0.6077668070793152,False,mix_corr<0.95;mix_nmse_db>-10.0,/nas/home/pcallandrone/DeepLearning/dataset/processed/v1_real_ssl_pseudo_from_mixed_noaug/all/M_M0073_s025_orig.wav,/nas/home/pcallandrone/DeepLearning/dataset/processed/v1_real_ssl_pseudo_from_mixed_noaug/all/H_M0073_s025_orig.wav,/nas/home/pcallandrone/DeepLearning/dataset/processed/v1_real_ssl_pseudo_from_mixed_noaug/all/L_M0073_s025_orig.wav,,,
M0073_s026_orig,M0073,26,/nas/home/pcallandrone/DeepLearning/dataset/processed/M1_segmented_only/M_M0073_s026_orig.wav,/nas/home/pcallandrone/DeepLearning/outputs/checkpoints/EXP_H_FULL_TO_TORABI_FOLD2_MIXED_REPLAY005_NOAUG/finetune_fold1_best.pt,EXP_H_FULL_TO_TORABI_FOLD2_MIXED_REPLAY005_NOAUG,4000,8000,teacher_generated_not_ground_truth,False,True,True,6.85738105321058,8.361582831548306,4.407127423143714,-0.5615989029170555,1.0,-0.9327875941090572,1.0,-0.5615989029170555,-0.9327875941090572,0.5615989029170555,0.9327875941090572,0.5615989029170555,-1.8037215864818144,0.9327875941090572,4.407127423143714,-8.863664288740704,0.932787593916028,-0.6043442235274602,0.12990730438490475,-8.863664288740704,-0.6043442235274602,1.0000000119421366,0.0,0.932787593916028,0.09959990308521843,0.07020044083003879,0.04527108912456389,3.8103779304482464,3.8103779304482464,0.70627631486743,0.29372225197162843,0.2602043929804298,0.2602043929804298,0.7154293060302734,0.5111748576164246,0.46533507108688354,False,mix_corr<0.95;mix_nmse_db>-10.0,/nas/home/pcallandrone/DeepLearning/dataset/processed/v1_real_ssl_pseudo_from_mixed_noaug/all/M_M0073_s026_orig.wav,/nas/home/pcallandrone/DeepLearning/dataset/processed/v1_real_ssl_pseudo_from_mixed_noaug/all/H_M0073_s026_orig.wav,/nas/home/pcallandrone/DeepLearning/dataset/processed/v1_real_ssl_pseudo_from_mixed_noaug/all/L_M0073_s026_orig.wav,,,
M0075_s017_orig,M0075,17,/nas/home/pcallandrone/DeepLearning/dataset/processed/M1_segmented_only/M_M0075_s017_orig.wav,/nas/home/pcallandrone/DeepLearning/outputs/checkpoints/EXP_H_FULL_TO_TORABI_FOLD2_MIXED_REPLAY005_NOAUG/finetune_fold1_best.pt,EXP_H_FULL_TO_TORABI_FOLD2_MIXED_REPLAY005_NOAUG,4000,8000,teacher_generated_not_ground_truth,False,True,True,8.732971123043221,9.411620240971292,5.983816183263717,-0.4748426213471087,1.0,-0.9456722295228517,1.0,-0.4748426213471087,-0.9456722295228517,0.4748426213471087,0.9456722295228517,0.4748426213471087,0.7902260278926271,0.9456722295228517,5.983816183263717,-9.759084371460226,0.9456722294265361,-0.4851871047363979,0.1057040342872832,-9.759084371460226,-0.4851871047363979,1.0000000275717553,0.0,0.9456722294265361,0.11057659224270555,0.06038543029307213,0.07485035241831878,-1.8652336828412361,1.8652336828412361,0.3942486677976474,0.6057502510026842,0.18648310051587647,0.18648310051587647,0.825524091720581,0.507562518119812,0.4653272032737732,False,mix_corr<0.95;mix_nmse_db>-10.0,/nas/home/pcallandrone/DeepLearning/dataset/processed/v1_real_ssl_pseudo_from_mixed_noaug/all/M_M0075_s017_orig.wav,/nas/home/pcallandrone/DeepLearning/dataset/processed/v1_real_ssl_pseudo_from_mixed_noaug/all/H_M0075_s017_orig.wav,/nas/home/pcallandrone/DeepLearning/dataset/processed/v1_real_ssl_pseudo_from_mixed_noaug/all/L_M0075_s017_orig.wav,,,
M0075_s020_orig,M0075,20,/nas/home/pcallandrone/DeepLearning/dataset/processed/M1_segmented_only/M_M0075_s020_orig.wav,/nas/home/pcallandrone/DeepLearning/outputs/checkpoints/EXP_H_FULL_TO_TORABI_FOLD2_MIXED_REPLAY005_NOAUG/finetune_fold1_best.pt,EXP_H_FULL_TO_TORABI_FOLD2_MIXED_REPLAY005_NOAUG,4000,8000,teacher_generated_not_ground_truth,False,True,True,7.230924507524607,8.591938274256442,4.7440447374225885,-0.5450035597223967,1.0,-0.9410261690214088,1.0,-0.5450035597223967,-0.9410261690214088,0.5450035597223967,0.9410261690214088,0.5450035597223967,-1.3568928328744376,0.9410261690214088,4.7440447374225885,-9.413092681961126,0.9410261688438911,-0.5279659271565184,0.11446974933458376,-9.413092681961126,-0.5279659271565184,1.0000000495401242,0.0,0.9410261688438911,0.1073883135207558,0.0706710476933969,0.054273148440039956,2.293130271545175,2.293130271545175,0.6290187079513017,0.3709800325999396,0.2962034834149628,0.2962034834149628,0.7190645337104797,0.4941386878490448,0.6038668155670166,False,mix_corr<0.95;mix_nmse_db>-10.0,/nas/home/pcallandrone/DeepLearning/dataset/processed/v1_real_ssl_pseudo_from_mixed_noaug/all/M_M0075_s020_orig.wav,/nas/home/pcallandrone/DeepLearning/dataset/processed/v1_real_ssl_pseudo_from_mixed_noaug/all/H_M0075_s020_orig.wav,/nas/home/pcallandrone/DeepLearning/dataset/processed/v1_real_ssl_pseudo_from_mixed_noaug/all/L_M0075_s020_orig.wav,,,
M0075_s025_orig,M0075,25,/nas/home/pcallandrone/DeepLearning/dataset/processed/M1_segmented_only/M_M0075_s025_orig.wav,/nas/home/pcallandrone/DeepLearning/outputs/checkpoints/EXP_H_FULL_TO_TORABI_FOLD2_MIXED_REPLAY005_NOAUG/finetune_fold1_best.pt,EXP_H_FULL_TO_TORABI_FOLD2_MIXED_REPLAY005_NOAUG,4000,8000,teacher_generated_not_ground_truth,False,True,True,6.628964490200242,8.214456926106221,4.159323299383804,-0.5801051537237556,1.0,-0.9364249172998665,1.0,-0.5801051537237556,-0.9364249172998665,0.5801051537237556,0.9364249172998665,0.5801051537237556,-2.3468002472351737,0.9364249172998665,4.159323299383804,-9.097124033934108,0.9364249171597306,-0.5705408514975621,0.12310837438715277,-9.097124033934108,-0.5705408514975621,1.000000046831681,0.0,0.9364249171597306,0.13582409420478453,0.070593148779779,0.09288819840877002,-2.3839597168125017,2.3839597168125017,0.3661131175650085,0.6338861477685845,0.1956196801854235,0.1956196801854235,0.949999988079071,0.5541092157363892,0.6586286425590515,False,mix_corr<0.95;mix_nmse_db>-10.0,/nas/home/pcallandrone/DeepLearning/dataset/processed/v1_real_ssl_pseudo_from_mixed_noaug/all/M_M0075_s025_orig.wav,/nas/home/pcallandrone/DeepLearning/dataset/processed/v1_real_ssl_pseudo_from_mixed_noaug/all/H_M0075_s025_orig.wav,/nas/home/pcallandrone/DeepLearning/dataset/processed/v1_real_ssl_pseudo_from_mixed_noaug/all/L_M0075_s025_orig.wav,,,
M0075_s026_orig,M0075,26,/nas/home/pcallandrone/DeepLearning/dataset/processed/M1_segmented_only/M_M0075_s026_orig.wav,/nas/home/pcallandrone/DeepLearning/outputs/checkpoints/EXP_H_FULL_TO_TORABI_FOLD2_MIXED_REPLAY005_NOAUG/finetune_fold1_best.pt,EXP_H_FULL_TO_TORABI_FOLD2_MIXED_REPLAY005_NOAUG,4000,8000,teacher_generated_not_ground_truth,False,True,True,6.779316676108699,8.311859211899167,4.279705406632958,-0.5786382055228555,1.0,-0.9470926233334336,1.0,-0.5786382055228555,-0.9470926233334336,0.5786382055228555,0.9470926233334336,0.5786382055228555,-2.3757770013128683,0.9470926233334336,4.279705406632958,-9.870971618409069,0.9470926234443904,-0.4721507639918607,0.10301556247333651,-9.870971618409069,-0.4721507639918607,1.0000000152809005,0.0,0.9470926234443904,0.13172156241120644,0.07070727427821938,0.08977143961993218,-2.073481880429181,2.073481880429181,0.38285726572730994,0.617141968484434,0.19730431528167328,0.19730431528167328,0.949999988079071,0.5656280517578125,0.6187039017677307,False,mix_corr<0.95;mix_nmse_db>-10.0,/nas/home/pcallandrone/DeepLearning/dataset/processed/v1_real_ssl_pseudo_from_mixed_noaug/all/M_M0075_s026_orig.wav,/nas/home/pcallandrone/DeepLearning/dataset/processed/v1_real_ssl_pseudo_from_mixed_noaug/all/H_M0075_s026_orig.wav,/nas/home/pcallandrone/DeepLearning/dataset/processed/v1_real_ssl_pseudo_from_mixed_noaug/all/L_M0075_s026_orig.wav,,,
M0076_s007_orig,M0076,7,/nas/home/pcallandrone/DeepLearning/dataset/processed/M1_segmented_only/M_M0076_s007_orig.wav,/nas/home/pcallandrone/DeepLearning/outputs/checkpoints/EXP_H_FULL_TO_TORABI_FOLD2_MIXED_REPLAY005_NOAUG/finetune_fold1_best.pt,EXP_H_FULL_TO_TORABI_FOLD2_MIXED_REPLAY005_NOAUG,4000,8000,teacher_generated_not_ground_truth,False,True,True,45.623081527754636,16.59184615559272,15.310800858929587,-0.15681998627724694,1.0,-0.9139933020185358,1.0,-0.15681998627724694,-0.9139933020185358,0.15681998627724694,0.9139933020185358,0.15681998627724694,13.858740495697177,0.9139933020185358,15.310800858929587,-7.83527317509021,0.9139933021410247,-0.781133529180347,0.16461624179920792,-7.83527317509021,-0.781133529180347,1.0000000139660392,0.0,0.9139933021410247,0.03677104224527249,0.02386737576300208,0.019841888711094446,1.6044332233534484,1.6044332233534484,0.5913161649068047,0.4086734547811218,0.17546722407556983,0.17546722407556983,0.27117297053337097,0.18096871674060822,0.36998048424720764,False,mix_corr<0.95;mix_nmse_db>-10.0,/nas/home/pcallandrone/DeepLearning/dataset/processed/v1_real_ssl_pseudo_from_mixed_noaug/all/M_M0076_s007_orig.wav,/nas/home/pcallandrone/DeepLearning/dataset/processed/v1_real_ssl_pseudo_from_mixed_noaug/all/H_M0076_s007_orig.wav,/nas/home/pcallandrone/DeepLearning/dataset/processed/v1_real_ssl_pseudo_from_mixed_noaug/all/L_M0076_s007_orig.wav,,,
M0076_s018_orig,M0076,18,/nas/home/pcallandrone/DeepLearning/dataset/processed/M1_segmented_only/M_M0076_s018_orig.wav,/nas/home/pcallandrone/DeepLearning/outputs/checkpoints/EXP_H_FULL_TO_TORABI_FOLD2_MIXED_REPLAY005_NOAUG/finetune_fold1_best.pt,EXP_H_FULL_TO_TORABI_FOLD2_MIXED_REPLAY005_NOAUG,4000,8000,teacher_generated_not_ground_truth,False,True,True,45.44339149008736,16.57470735785417,15.254377968114404,-0.1627290412088849,1.0,-0.9422923455122699,1.0,-0.1627290412088849,-0.9422923455122699,0.1627290412088849,0.9422923455122699,0.1627290412088849,13.732392283583913,0.9422923455122699,15.254377968114404,-9.504519833634799,0.9422923451125461,-0.5162824079745864,0.1120851343291226,-9.504519833634799,-0.5162824079745864,1.0000000104371225,0.0,0.9422923451125461,0.03521023606066864,0.024642988946029572,0.016649609275340916,3.4057867214094473,3.4057867214094473,0.6865792883409443,0.31340940579045445,0.2636295380620728,0.2636295380620728,0.25168004631996155,0.1916620135307312,0.19456297159194946,False,mix_corr<0.95;mix_nmse_db>-10.0,/nas/home/pcallandrone/DeepLearning/dataset/processed/v1_real_ssl_pseudo_from_mixed_noaug/all/M_M0076_s018_orig.wav,/nas/home/pcallandrone/DeepLearning/dataset/processed/v1_real_ssl_pseudo_from_mixed_noaug/all/H_M0076_s018_orig.wav,/nas/home/pcallandrone/DeepLearning/dataset/processed/v1_real_ssl_pseudo_from_mixed_noaug/all/L_M0076_s018_orig.wav,,,
M0076_s019_orig,M0076,19,/nas/home/pcallandrone/DeepLearning/dataset/processed/M1_segmented_only/M_M0076_s019_orig.wav,/nas/home/pcallandrone/DeepLearning/outputs/checkpoints/EXP_H_FULL_TO_TORABI_FOLD2_MIXED_REPLAY005_NOAUG/finetune_fold1_best.pt,EXP_H_FULL_TO_TORABI_FOLD2_MIXED_REPLAY005_NOAUG,4000,8000,teacher_generated_not_ground_truth,False,True,True,16.346541074245852,12.134258700673154,9.778162029290565,-0.30753930734762,1.0,-0.9480015591998577,1.0,-0.30753930734762,-0.9480015591998577,0.30753930734762,0.9480015591998577,0.30753930734762,6.681564324995525,0.9480015591998577,9.778162029290565,-9.944203781290089,0.9480015589316304,-0.4638179872733656,0.10129304385420163,-9.944203781290089,-0.4638179872733656,0.9999999791907556,0.0,0.9480015589316304,0.07812976971532666,0.0436605150674835,0.05731404141579466,-2.363443567172718,2.363443567172718,0.36720969449280016,0.6327883791517381,0.05890723766782008,0.05890723766782008,0.5102630853652954,0.439100056886673,0.4014049172401428,False,mix_corr<0.95;mix_nmse_db>-10.0,/nas/home/pcallandrone/DeepLearning/dataset/processed/v1_real_ssl_pseudo_from_mixed_noaug/all/M_M0076_s019_orig.wav,/nas/home/pcallandrone/DeepLearning/dataset/processed/v1_real_ssl_pseudo_from_mixed_noaug/all/H_M0076_s019_orig.wav,/nas/home/pcallandrone/DeepLearning/dataset/processed/v1_real_ssl_pseudo_from_mixed_noaug/all/L_M0076_s019_orig.wav,,,
M0077_s000_orig,M0077,0,/nas/home/pcallandrone/DeepLearning/dataset/processed/M1_segmented_only/M_M0077_s000_orig.wav,/nas/home/pcallandrone/DeepLearning/outputs/checkpoints/EXP_H_FULL_TO_TORABI_FOLD2_MIXED_REPLAY005_NOAUG/finetune_fold1_best.pt,EXP_H_FULL_TO_TORABI_FOLD2_MIXED_REPLAY005_NOAUG,4000,8000,teacher_generated_not_ground_truth,False,True,True,10.77208114379105,10.322996161995512,7.313243077722892,-0.407052230098987,1.0,-0.9447404819198432,1.0,-0.407052230098987,-0.9447404819198432,0.407052230098987,0.9447404819198432,0.407052230098987,3.0132696871680063,0.9447404819198432,7.313243077722892,-9.687312498264134,0.9447404814239229,-0.49374906111644845,0.1074654224301744,-9.687312498264134,-0.49374906111644845,1.000000028624113,0.0,0.9447404814239229,0.08714154514091274,0.05282142776076596,0.05280137781293963,0.003297614283474697,0.003297614283474697,0.5001889292250985,0.49980927804937186,0.21504149924476498,0.21504149924476498,0.7351765632629395,0.42289790511131287,0.2767336964607239,False,mix_corr<0.95;mix_nmse_db>-10.0,/nas/home/pcallandrone/DeepLearning/dataset/processed/v1_real_ssl_pseudo_from_mixed_noaug/all/M_M0077_s000_orig.wav,/nas/home/pcallandrone/DeepLearning/dataset/processed/v1_real_ssl_pseudo_from_mixed_noaug/all/H_M0077_s000_orig.wav,/nas/home/pcallandrone/DeepLearning/dataset/processed/v1_real_ssl_pseudo_from_mixed_noaug/all/L_M0077_s000_orig.wav,,,
M0077_s003_orig,M0077,3,/nas/home/pcallandrone/DeepLearning/dataset/processed/M1_segmented_only/M_M0077_s003_orig.wav,/nas/home/pcallandrone/DeepLearning/outputs/checkpoints/EXP_H_FULL_TO_TORABI_FOLD2_MIXED_REPLAY005_NOAUG/finetune_fold1_best.pt,EXP_H_FULL_TO_TORABI_FOLD2_MIXED_REPLAY005_NOAUG,4000,8000,teacher_generated_not_ground_truth,False,True,True,12.549120618795753,10.986132936429222,8.235935803718238,-0.3668114531425839,1.0,-0.9467602761834648,1.0,-0.3668114531425839,-0.9467602761834648,0.3668114531425839,0.9467602761834648,0.3668114531425839,4.431944206628444,0.9467602761834648,8.235935803718238,-9.844517300614639,0.9467602759071553,-0.47519846048815284,0.10364497949061928,-9.844517300614639,-0.47519846048815284,0.999999995846126,0.0,0.9467602759071553,0.07260425484072394,0.0474305522019545,0.03546722556307207,2.524619278524254,2.524619278524254,0.6413681196088284,0.3586290294319402,0.36185989327238777,0.36185989327238777,0.6129647493362427,0.43941208720207214,0.5397394895553589,False,mix_corr<0.95;mix_nmse_db>-10.0,/nas/home/pcallandrone/DeepLearning/dataset/processed/v1_real_ssl_pseudo_from_mixed_noaug/all/M_M0077_s003_orig.wav,/nas/home/pcallandrone/DeepLearning/dataset/processed/v1_real_ssl_pseudo_from_mixed_noaug/all/H_M0077_s003_orig.wav,/nas/home/pcallandrone/DeepLearning/dataset/processed/v1_real_ssl_pseudo_from_mixed_noaug/all/L_M0077_s003_orig.wav,,,
M0077_s024_orig,M0077,24,/nas/home/pcallandrone/DeepLearning/dataset/processed/M1_segmented_only/M_M0077_s024_orig.wav,/nas/home/pcallandrone/DeepLearning/outputs/checkpoints/EXP_H_FULL_TO_TORABI_FOLD2_MIXED_REPLAY005_NOAUG/finetune_fold1_best.pt,EXP_H_FULL_TO_TORABI_FOLD2_MIXED_REPLAY005_NOAUG,4000,8000,teacher_generated_not_ground_truth,False,True,True,14.438551715414347,11.595236327385859,9.080003890832609,-0.3304650316152928,1.0,-0.9399961429556011,1.0,-0.3304650316152928,-0.9399961429556011,0.3304650316152928,0.9399961429556011,0.3304650316152928,5.732671681141461,0.9399961429556011,9.080003890832609,-9.340199789542993,0.9399961445735029,-0.5374778417174079,0.11640724770704426,-9.340199789542993,-0.5374778417174079,1.0000000447239688,0.0,0.9399961445735029,0.07211087018183857,0.04148359777153684,0.042871330505839196,-0.285810946694303,0.285810946694303,0.48355197609291456,0.5164452140105223,0.29121852255642644,0.29121852255642644,0.7351646423339844,0.30328309535980225,0.7129685282707214,False,mix_corr<0.95;mix_nmse_db>-10.0,/nas/home/pcallandrone/DeepLearning/dataset/processed/v1_real_ssl_pseudo_from_mixed_noaug/all/M_M0077_s024_orig.wav,/nas/home/pcallandrone/DeepLearning/dataset/processed/v1_real_ssl_pseudo_from_mixed_noaug/all/H_M0077_s024_orig.wav,/nas/home/pcallandrone/DeepLearning/dataset/processed/v1_real_ssl_pseudo_from_mixed_noaug/all/L_M0077_s024_orig.wav,,,
M0077_s025_orig,M0077,25,/nas/home/pcallandrone/DeepLearning/dataset/processed/M1_segmented_only/M_M0077_s025_orig.wav,/nas/home/pcallandrone/DeepLearning/outputs/checkpoints/EXP_H_FULL_TO_TORABI_FOLD2_MIXED_REPLAY005_NOAUG/finetune_fold1_best.pt,EXP_H_FULL_TO_TORABI_FOLD2_MIXED_REPLAY005_NOAUG,4000,8000,teacher_generated_not_ground_truth,False,True,True,16.186368848847533,12.091494327075875,9.754347276088831,-0.3035049936422998,1.0,-0.933004041684474,1.0,-0.3035049936422998,-0.933004041684474,0.3035049936422998,0.933004041684474,0.3035049936422998,6.733698675903082,0.933004041684474,9.754347276088831,-8.877186358875372,0.9330040417290348,-0.602328165351627,0.12950345770585886,-8.877186358875372,-0.602328165351627,0.9999999692333984,0.0,0.9330040417290348,0.07786385019606333,0.038412902664157894,0.053689624531965054,-2.9082648205742263,2.9082648205742263,0.33857382958039195,0.6614238758611097,0.2229269751841647,0.2229269751841647,0.7351646423339844,0.31656885147094727,0.5923393964767456,False,mix_corr<0.95;mix_nmse_db>-10.0,/nas/home/pcallandrone/DeepLearning/dataset/processed/v1_real_ssl_pseudo_from_mixed_noaug/all/M_M0077_s025_orig.wav,/nas/home/pcallandrone/DeepLearning/dataset/processed/v1_real_ssl_pseudo_from_mixed_noaug/all/H_M0077_s025_orig.wav,/nas/home/pcallandrone/DeepLearning/dataset/processed/v1_real_ssl_pseudo_from_mixed_noaug/all/L_M0077_s025_orig.wav,,,
M0078_s013_orig,M0078,13,/nas/home/pcallandrone/DeepLearning/dataset/processed/M1_segmented_only/M_M0078_s013_orig.wav,/nas/home/pcallandrone/DeepLearning/outputs/checkpoints/EXP_H_FULL_TO_TORABI_FOLD2_MIXED_REPLAY005_NOAUG/finetune_fold1_best.pt,EXP_H_FULL_TO_TORABI_FOLD2_MIXED_REPLAY005_NOAUG,4000,8000,teacher_generated_not_ground_truth,False,True,True,17.353400947593887,12.393846012035574,10.118441620374858,-0.29567031325526444,1.0,-0.9478294284818249,1.0,-0.29567031325526444,-0.9478294284818249,0.29567031325526444,0.9478294284818249,0.29567031325526444,7.159687011118214,0.9478294284818249,10.118441620374858,-9.930234844749908,0.9478294284508212,-0.4653956227769863,0.10161937407063477,-9.930234844749908,-0.4653956227769863,1.0000000418882478,0.0,0.9478294284508212,0.07123802102737363,0.03859418930060154,0.047580358370214244,-1.8181157217494992,1.8181157217494992,0.39684198469301607,0.6031553510643876,0.21939607306076278,0.21939607306076278,0.5182662010192871,0.2511295676231384,0.5866351127624512,False,mix_corr<0.95;mix_nmse_db>-10.0,/nas/home/pcallandrone/DeepLearning/dataset/processed/v1_real_ssl_pseudo_from_mixed_noaug/all/M_M0078_s013_orig.wav,/nas/home/pcallandrone/DeepLearning/dataset/processed/v1_real_ssl_pseudo_from_mixed_noaug/all/H_M0078_s013_orig.wav,/nas/home/pcallandrone/DeepLearning/dataset/processed/v1_real_ssl_pseudo_from_mixed_noaug/all/L_M0078_s013_orig.wav,,,
M0080_s007_orig,M0080,7,/nas/home/pcallandrone/DeepLearning/dataset/processed/M1_segmented_only/M_M0080_s007_orig.wav,/nas/home/pcallandrone/DeepLearning/outputs/checkpoints/EXP_H_FULL_TO_TORABI_FOLD2_MIXED_REPLAY005_NOAUG/finetune_fold1_best.pt,EXP_H_FULL_TO_TORABI_FOLD2_MIXED_REPLAY005_NOAUG,4000,8000,teacher_generated_not_ground_truth,False,True,True,33.995887097293334,15.314263782482623,13.760925418689489,-0.193961013447984,1.0,-0.945718348317758,1.0,-0.193961013447984,-0.945718348317758,0.193961013447984,0.945718348317758,0.193961013447984,11.917664158005884,0.945718348317758,13.760925418689489,-9.762669722262793,0.945718347682666,-0.4847611678330085,0.10561680553683828,-9.762669722262793,-0.4847611678330085,1.0000000200148729,0.0,0.945718347682666,0.0434952018308524,0.023154224316093385,0.027228668254343474,-1.407923285394689,1.407923285394689,0.4196525656114942,0.5803396067743527,0.3287467066063352,0.3287467066063352,0.22059746086597443,0.13671883940696716,0.17921218276023865,False,mix_corr<0.95;mix_nmse_db>-10.0,/nas/home/pcallandrone/DeepLearning/dataset/processed/v1_real_ssl_pseudo_from_mixed_noaug/all/M_M0080_s007_orig.wav,/nas/home/pcallandrone/DeepLearning/dataset/processed/v1_real_ssl_pseudo_from_mixed_noaug/all/H_M0080_s007_orig.wav,/nas/home/pcallandrone/DeepLearning/dataset/processed/v1_real_ssl_pseudo_from_mixed_noaug/all/L_M0080_s007_orig.wav,,,
M0080_s008_orig,M0080,8,/nas/home/pcallandrone/DeepLearning/dataset/processed/M1_segmented_only/M_M0080_s008_orig.wav,/nas/home/pcallandrone/DeepLearning/outputs/checkpoints/EXP_H_FULL_TO_TORABI_FOLD2_MIXED_REPLAY005_NOAUG/finetune_fold1_best.pt,EXP_H_FULL_TO_TORABI_FOLD2_MIXED_REPLAY005_NOAUG,4000,8000,teacher_generated_not_ground_truth,False,True,True,22.635402243054475,13.547882165421946,11.609627254051556,-0.2467423215199432,1.0,-0.9391300841094324,1.0,-0.2467423215199432,-0.9391300841094324,0.2467423215199432,0.9391300841094324,0.2467423215199432,9.210435171897863,0.9391300841094324,11.609627254051556,-9.279903566872843,0.9391300839814665,-0.5454827430974349,0.11803468444290405,-9.279903566872843,-0.5454827430974349,0.9999999930134523,0.0,0.9391300839814665,0.052135409842418635,0.029741536281139524,0.03034804800752346,-0.17534728834141475,0.17534728834141475,0.48990485636959535,0.5100896052223703,0.3277903469541774,0.3277903469541774,0.3639335334300995,0.23167595267295837,0.20062153041362762,False,mix_corr<0.95;mix_nmse_db>-10.0,/nas/home/pcallandrone/DeepLearning/dataset/processed/v1_real_ssl_pseudo_from_mixed_noaug/all/M_M0080_s008_orig.wav,/nas/home/pcallandrone/DeepLearning/dataset/processed/v1_real_ssl_pseudo_from_mixed_noaug/all/H_M0080_s008_orig.wav,/nas/home/pcallandrone/DeepLearning/dataset/processed/v1_real_ssl_pseudo_from_mixed_noaug/all/L_M0080_s008_orig.wav,,,
M0080_s009_orig,M0080,9,/nas/home/pcallandrone/DeepLearning/dataset/processed/M1_segmented_only/M_M0080_s009_orig.wav,/nas/home/pcallandrone/DeepLearning/outputs/checkpoints/EXP_H_FULL_TO_TORABI_FOLD2_MIXED_REPLAY005_NOAUG/finetune_fold1_best.pt,EXP_H_FULL_TO_TORABI_FOLD2_MIXED_REPLAY005_NOAUG,4000,8000,teacher_generated_not_ground_truth,False,True,True,25.52505448785385,14.069666778402015,12.24640781252921,-0.23103390617824915,1.0,-0.9462305235189616,1.0,-0.23103390617824915,-0.9462305235189616,0.23103390617824915,0.9462305235189616,0.23103390617824915,10.010148697093967,0.9462305235189616,12.24640781252921,-9.80269915659121,0.9462305233824831,-0.4800588323203857,0.10464779559010894,-9.80269915659121,-0.4800588323203857,0.9999999990602226,0.0,0.9462305233824831,0.0492499940103478,0.028198166004391196,0.028302440545802908,-0.03206047659909123,0.03206047659909123,0.49815133806714834,0.50184239695449,0.36060794470348273,0.36060794470348273,0.3639335334300995,0.23224033415317535,0.17984020709991455,False,mix_corr<0.95;mix_nmse_db>-10.0,/nas/home/pcallandrone/DeepLearning/dataset/processed/v1_real_ssl_pseudo_from_mixed_noaug/all/M_M0080_s009_orig.wav,/nas/home/pcallandrone/DeepLearning/dataset/processed/v1_real_ssl_pseudo_from_mixed_noaug/all/H_M0080_s009_orig.wav,/nas/home/pcallandrone/DeepLearning/dataset/processed/v1_real_ssl_pseudo_from_mixed_noaug/all/L_M0080_s009_orig.wav,,,
M0080_s017_orig,M0080,17,/nas/home/pcallandrone/DeepLearning/dataset/processed/M1_segmented_only/M_M0080_s017_orig.wav,/nas/home/pcallandrone/DeepLearning/outputs/checkpoints/EXP_H_FULL_TO_TORABI_FOLD2_MIXED_REPLAY005_NOAUG/finetune_fold1_best.pt,EXP_H_FULL_TO_TORABI_FOLD2_MIXED_REPLAY005_NOAUG,4000,8000,teacher_generated_not_ground_truth,False,True,True,12.438903814232829,10.947821095826079,8.254999576965233,-0.3547787780531485,1.0,-0.9177153042103536,1.0,-0.3547787780531485,-0.9177153042103536,0.3547787780531485,0.9177153042103536,0.3547787780531485,4.688483382262769,0.9177153042103536,8.254999576965233,-8.018968002733557,0.9177153043934267,-0.7458392152339278,0.15779861959393668,-8.018968002733557,-0.7458392152339278,1.000000034063577,0.0,0.9177153043934267,0.07144304773973713,0.043145892894041714,0.04027364809107224,0.5983698026891032,0.5983698026891032,0.5343890141405063,0.46560811522037115,0.23456173784493062,0.23456173784493062,0.8071942925453186,0.5326225757598877,0.3486007750034332,False,mix_corr<0.95;mix_nmse_db>-10.0,/nas/home/pcallandrone/DeepLearning/dataset/processed/v1_real_ssl_pseudo_from_mixed_noaug/all/M_M0080_s017_orig.wav,/nas/home/pcallandrone/DeepLearning/dataset/processed/v1_real_ssl_pseudo_from_mixed_noaug/all/H_M0080_s017_orig.wav,/nas/home/pcallandrone/DeepLearning/dataset/processed/v1_real_ssl_pseudo_from_mixed_noaug/all/L_M0080_s017_orig.wav,,,
M0081_s009_orig,M0081,9,/nas/home/pcallandrone/DeepLearning/dataset/processed/M1_segmented_only/M_M0081_s009_orig.wav,/nas/home/pcallandrone/DeepLearning/outputs/checkpoints/EXP_H_FULL_TO_TORABI_FOLD2_MIXED_REPLAY005_NOAUG/finetune_fold1_best.pt,EXP_H_FULL_TO_TORABI_FOLD2_MIXED_REPLAY005_NOAUG,4000,8000,teacher_generated_not_ground_truth,False,True,True,7.004048065176999,8.453491177611397,4.50867110958485,-0.5630332399165381,1.0,-0.9461667784493529,1.0,-0.5630332399165381,-0.9461667784493529,0.5630332399165381,0.9461667784493529,0.5630332399165381,-1.9112350192119485,0.9461667784493529,4.50867110958485,-9.797695763785297,0.9461667785167321,-0.48064598162786293,0.10476842704520947,-9.797695763785297,-0.48064598162786293,1.0000000303963044,0.0,0.9461667785167321,0.11583192416869471,0.0736256982976407,0.07031775635530317,0.39928843391640256,0.39928843391640256,0.5229682083169844,0.4770308269293555,0.15896992322477657,0.15896992322477657,0.7758143544197083,0.5314508676528931,0.47601333260536194,False,mix_corr<0.95;mix_nmse_db>-10.0,/nas/home/pcallandrone/DeepLearning/dataset/processed/v1_real_ssl_pseudo_from_mixed_noaug/all/M_M0081_s009_orig.wav,/nas/home/pcallandrone/DeepLearning/dataset/processed/v1_real_ssl_pseudo_from_mixed_noaug/all/H_M0081_s009_orig.wav,/nas/home/pcallandrone/DeepLearning/dataset/processed/v1_real_ssl_pseudo_from_mixed_noaug/all/L_M0081_s009_orig.wav,,,
M0081_s022_orig,M0081,22,/nas/home/pcallandrone/DeepLearning/dataset/processed/M1_segmented_only/M_M0081_s022_orig.wav,/nas/home/pcallandrone/DeepLearning/outputs/checkpoints/EXP_H_FULL_TO_TORABI_FOLD2_MIXED_REPLAY005_NOAUG/finetune_fold1_best.pt,EXP_H_FULL_TO_TORABI_FOLD2_MIXED_REPLAY005_NOAUG,4000,8000,teacher_generated_not_ground_truth,False,True,True,7.207884088016117,8.578077940171012,4.709735297449504,-0.5493970924755189,1.0,-0.944872545642575,1.0,-0.5493970924755189,-0.944872545642575,0.5493970924755189,0.944872545642575,0.5493970924755189,-1.5009972914434595,0.944872545642575,4.709735297449504,-9.697409172364564,0.9448725457168912,-0.49253471145831146,0.10721587216175248,-9.697409172364564,-0.49253471145831146,0.9999999667703974,0.0,0.9448725457168912,0.11500577086456458,0.07415959233165927,0.0655321684911913,1.0742558908220272,1.0742558908220272,0.5615251803054927,0.4384737986737568,0.2072250710602863,0.2072250710602863,0.8340743780136108,0.5736441016197205,0.5694332718849182,False,mix_corr<0.95;mix_nmse_db>-10.0,/nas/home/pcallandrone/DeepLearning/dataset/processed/v1_real_ssl_pseudo_from_mixed_noaug/all/M_M0081_s022_orig.wav,/nas/home/pcallandrone/DeepLearning/dataset/processed/v1_real_ssl_pseudo_from_mixed_noaug/all/H_M0081_s022_orig.wav,/nas/home/pcallandrone/DeepLearning/dataset/processed/v1_real_ssl_pseudo_from_mixed_noaug/all/L_M0081_s022_orig.wav,,,
M0081_s024_orig,M0081,24,/nas/home/pcallandrone/DeepLearning/dataset/processed/M1_segmented_only/M_M0081_s024_orig.wav,/nas/home/pcallandrone/DeepLearning/outputs/checkpoints/EXP_H_FULL_TO_TORABI_FOLD2_MIXED_REPLAY005_NOAUG/finetune_fold1_best.pt,EXP_H_FULL_TO_TORABI_FOLD2_MIXED_REPLAY005_NOAUG,4000,8000,teacher_generated_not_ground_truth,False,True,True,7.393191792696971,8.688319727239005,4.8715546942404435,-0.5411948849340986,1.0,-0.9482689692051983,1.0,-0.5411948849340986,-0.9482689692051983,0.5411948849340986,0.9482689692051983,0.5411948849340986,-1.2664840605319623,0.9482689692051983,4.8715546942404435,-9.965999491807677,0.9482689684674758,-0.46136928582695436,0.10078596323503297,-9.965999491807677,-0.46136928582695436,1.0000000534074491,0.0,0.9482689684674758,0.10992961897191882,0.07444899801337854,0.05633297727532522,2.421923043728543,2.421923043728543,0.6359121496074295,0.364086703086191,0.25638561812477445,0.25638561812477445,0.8340743780136108,0.5750142335891724,0.3416682183742523,False,mix_corr<0.95;mix_nmse_db>-10.0,/nas/home/pcallandrone/DeepLearning/dataset/processed/v1_real_ssl_pseudo_from_mixed_noaug/all/M_M0081_s024_orig.wav,/nas/home/pcallandrone/DeepLearning/dataset/processed/v1_real_ssl_pseudo_from_mixed_noaug/all/H_M0081_s024_orig.wav,/nas/home/pcallandrone/DeepLearning/dataset/processed/v1_real_ssl_pseudo_from_mixed_noaug/all/L_M0081_s024_orig.wav,,,
M0082_s005_orig,M0082,5,/nas/home/pcallandrone/DeepLearning/dataset/processed/M1_segmented_only/M_M0082_s005_orig.wav,/nas/home/pcallandrone/DeepLearning/outputs/checkpoints/EXP_H_FULL_TO_TORABI_FOLD2_MIXED_REPLAY005_NOAUG/finetune_fold1_best.pt,EXP_H_FULL_TO_TORABI_FOLD2_MIXED_REPLAY005_NOAUG,4000,8000,teacher_generated_not_ground_truth,False,True,True,7.60303367748834,8.809869141898915,5.095809405669547,-0.521250707209785,1.0,-0.9372106831096497,1.0,-0.521250707209785,-0.9372106831096497,0.521250707209785,0.9372106831096497,0.521250707209785,-0.6419019536753283,0.9372106831096497,5.095809405669547,-9.149373891478854,0.9372106834293124,-0.5632546866827118,0.12163613469474663,-9.149373891478854,-0.5632546866827118,0.9999999666551488,0.0,0.9372106834293124,0.12071780547240826,0.06767943559999166,0.07074909947052244,-0.38528375976977003,0.38528375976977003,0.4778353201861032,0.5221636366205905,0.3356427145156552,0.3356427145156552,0.949999988079071,0.5457602143287659,0.3279900848865509,False,mix_corr<0.95;mix_nmse_db>-10.0,/nas/home/pcallandrone/DeepLearning/dataset/processed/v1_real_ssl_pseudo_from_mixed_noaug/all/M_M0082_s005_orig.wav,/nas/home/pcallandrone/DeepLearning/dataset/processed/v1_real_ssl_pseudo_from_mixed_noaug/all/H_M0082_s005_orig.wav,/nas/home/pcallandrone/DeepLearning/dataset/processed/v1_real_ssl_pseudo_from_mixed_noaug/all/L_M0082_s005_orig.wav,,,
M0082_s006_orig,M0082,6,/nas/home/pcallandrone/DeepLearning/dataset/processed/M1_segmented_only/M_M0082_s006_orig.wav,/nas/home/pcallandrone/DeepLearning/outputs/checkpoints/EXP_H_FULL_TO_TORABI_FOLD2_MIXED_REPLAY005_NOAUG/finetune_fold1_best.pt,EXP_H_FULL_TO_TORABI_FOLD2_MIXED_REPLAY005_NOAUG,4000,8000,teacher_generated_not_ground_truth,False,True,True,8.07389341706207,9.070830120191394,5.466034436658889,-0.5046732324374531,1.0,-0.9469174350765471,1.0,-0.5046732324374531,-0.9469174350765471,0.5046732324374531,0.9469174350765471,0.5046732324374531,-0.1453049359435426,0.9469174350765471,5.466034436658889,-9.857005680915226,0.9469174352288777,-0.47375717442287657,0.10334737066589993,-9.857005680915226,-0.47375717442287657,0.9999999798714111,0.0,0.9469174352288777,0.1135373086754893,0.06563361640022482,0.0642464313482757,0.18554650483932156,0.18554650483932156,0.5106786856314927,0.48932012888623744,0.3703278363210473,0.3703278363210473,0.949999988079071,0.5646248459815979,0.3820933699607849,False,mix_corr<0.95;mix_nmse_db>-10.0,/nas/home/pcallandrone/DeepLearning/dataset/processed/v1_real_ssl_pseudo_from_mixed_noaug/all/M_M0082_s006_orig.wav,/nas/home/pcallandrone/DeepLearning/dataset/processed/v1_real_ssl_pseudo_from_mixed_noaug/all/H_M0082_s006_orig.wav,/nas/home/pcallandrone/DeepLearning/dataset/processed/v1_real_ssl_pseudo_from_mixed_noaug/all/L_M0082_s006_orig.wav,,,
M0082_s009_orig,M0082,9,/nas/home/pcallandrone/DeepLearning/dataset/processed/M1_segmented_only/M_M0082_s009_orig.wav,/nas/home/pcallandrone/DeepLearning/outputs/checkpoints/EXP_H_FULL_TO_TORABI_FOLD2_MIXED_REPLAY005_NOAUG/finetune_fold1_best.pt,EXP_H_FULL_TO_TORABI_FOLD2_MIXED_REPLAY005_NOAUG,4000,8000,teacher_generated_not_ground_truth,False,True,True,9.838688746135697,9.929372215752327,6.73623380138506,-0.43698820142751715,1.0,-0.9490335648960535,1.0,-0.43698820142751715,-0.9490335648960535,0.43698820142751715,0.9490335648960535,0.43698820142751715,2.025960902436212,0.9490335648960535,6.73623380138506,-10.02896424326929,0.9490335647805019,-0.4543679974060264,0.0993352926701376,-10.02896424326929,-0.4543679974060264,0.9999999916410329,0.0,0.9490335647805019,0.09995992199149423,0.05881379872349068,0.06666474891930509,-1.0883403362195567,1.0883403362195567,0.4376753630668335,0.5623233716327857,0.13979155428961446,0.13979155428961446,0.8320851922035217,0.5548681020736694,0.6945444345474243,False,mix_corr<0.95,/nas/home/pcallandrone/DeepLearning/dataset/processed/v1_real_ssl_pseudo_from_mixed_noaug/all/M_M0082_s009_orig.wav,/nas/home/pcallandrone/DeepLearning/dataset/processed/v1_real_ssl_pseudo_from_mixed_noaug/all/H_M0082_s009_orig.wav,/nas/home/pcallandrone/DeepLearning/dataset/processed/v1_real_ssl_pseudo_from_mixed_noaug/all/L_M0082_s009_orig.wav,,,
M0082_s015_orig,M0082,15,/nas/home/pcallandrone/DeepLearning/dataset/processed/M1_segmented_only/M_M0082_s015_orig.wav,/nas/home/pcallandrone/DeepLearning/outputs/checkpoints/EXP_H_FULL_TO_TORABI_FOLD2_MIXED_REPLAY005_NOAUG/finetune_fold1_best.pt,EXP_H_FULL_TO_TORABI_FOLD2_MIXED_REPLAY005_NOAUG,4000,8000,teacher_generated_not_ground_truth,False,True,True,10.588504709288225,10.248346341059605,7.215565218879089,-0.41025701499830103,1.0,-0.9415306094919864,1.0,-0.41025701499830103,-0.9415306094919864,0.41025701499830103,0.9415306094919864,0.41025701499830103,2.889951900359021,0.9415306094919864,7.215565218879089,-9.449271902508755,0.9415306092058343,-0.5233106681819499,0.11352011169169447,-9.449271902508755,-0.5233106681819499,1.0000000076131645,0.0,0.9415306092058343,0.10266224735978427,0.05413472975832133,0.06894359039000594,-2.100358467864287,2.100358467864287,0.38139590736549567,0.6186027911947095,0.22229470749245248,0.22229470749245248,0.7605413794517517,0.46609339118003845,0.5290510654449463,False,mix_corr<0.95;mix_nmse_db>-10.0,/nas/home/pcallandrone/DeepLearning/dataset/processed/v1_real_ssl_pseudo_from_mixed_noaug/all/M_M0082_s015_orig.wav,/nas/home/pcallandrone/DeepLearning/dataset/processed/v1_real_ssl_pseudo_from_mixed_noaug/all/H_M0082_s015_orig.wav,/nas/home/pcallandrone/DeepLearning/dataset/processed/v1_real_ssl_pseudo_from_mixed_noaug/all/L_M0082_s015_orig.wav,,,
M0092_s012_orig,M0092,12,/nas/home/pcallandrone/DeepLearning/dataset/processed/M1_segmented_only/M_M0092_s012_orig.wav,/nas/home/pcallandrone/DeepLearning/outputs/checkpoints/EXP_H_FULL_TO_TORABI_FOLD2_MIXED_REPLAY005_NOAUG/finetune_fold1_best.pt,EXP_H_FULL_TO_TORABI_FOLD2_MIXED_REPLAY005_NOAUG,4000,8000,teacher_generated_not_ground_truth,False,True,True,4.055639859132875,6.080593826823863,0.3962904497830371,-0.894578972674403,1.0,-0.9363392199839332,1.0,-0.894578972674403,-0.9363392199839332,0.894578972674403,0.9363392199839332,0.894578972674403,-8.682393513780408,0.9363392199839332,0.3962904497830371,-9.091466047443248,0.9363392203001656,-0.5713353018041653,0.12326886444054531,-9.091466047443248,-0.5713353018041653,0.9999999786898651,0.0,0.9363392203001656,0.1692148686509142,0.11140058873813831,0.10139022769088374,0.8178277537932311,0.8178277537932311,0.5469390798168144,0.45306047946194306,0.106861057805994,0.106861057805994,0.9319135546684265,0.6486577987670898,0.47089195251464844,False,mix_corr<0.95;mix_nmse_db>-10.0,/nas/home/pcallandrone/DeepLearning/dataset/processed/v1_real_ssl_pseudo_from_mixed_noaug/all/M_M0092_s012_orig.wav,/nas/home/pcallandrone/DeepLearning/dataset/processed/v1_real_ssl_pseudo_from_mixed_noaug/all/H_M0092_s012_orig.wav,/nas/home/pcallandrone/DeepLearning/dataset/processed/v1_real_ssl_pseudo_from_mixed_noaug/all/L_M0092_s012_orig.wav,,,
M0092_s013_orig,M0092,13,/nas/home/pcallandrone/DeepLearning/dataset/processed/M1_segmented_only/M_M0092_s013_orig.wav,/nas/home/pcallandrone/DeepLearning/outputs/checkpoints/EXP_H_FULL_TO_TORABI_FOLD2_MIXED_REPLAY005_NOAUG/finetune_fold1_best.pt,EXP_H_FULL_TO_TORABI_FOLD2_MIXED_REPLAY005_NOAUG,4000,8000,teacher_generated_not_ground_truth,False,True,True,3.7989362836833407,5.796620095650422,-0.1378322916354285,-0.9445954756676379,1.0,-0.9297244326820014,1.0,-0.9445954756676379,-0.9297244326820014,0.9445954756676379,0.9297244326820014,0.9445954756676379,-8.582798623585202,0.9297244326820014,-0.1378322916354285,-8.677003450961013,0.9297244327924723,-0.6329150633553555,0.13561247898406412,-8.677003450961013,-0.6329150633553555,1.0000000205564117,0.0,0.9297244327924723,0.17163892835990624,0.1174976851784062,0.09731595649448871,1.6369051016487313,1.6369051016487313,0.5931276826559992,0.4068718877189733,0.09570679781792454,0.09570679781792454,0.9319135546684265,0.6517168879508972,0.4411112070083618,False,mix_corr<0.95;mix_nmse_db>-10.0,/nas/home/pcallandrone/DeepLearning/dataset/processed/v1_real_ssl_pseudo_from_mixed_noaug/all/M_M0092_s013_orig.wav,/nas/home/pcallandrone/DeepLearning/dataset/processed/v1_real_ssl_pseudo_from_mixed_noaug/all/H_M0092_s013_orig.wav,/nas/home/pcallandrone/DeepLearning/dataset/processed/v1_real_ssl_pseudo_from_mixed_noaug/all/L_M0092_s013_orig.wav,,,
M0092_s023_orig,M0092,23,/nas/home/pcallandrone/DeepLearning/dataset/processed/M1_segmented_only/M_M0092_s023_orig.wav,/nas/home/pcallandrone/DeepLearning/outputs/checkpoints/EXP_H_FULL_TO_TORABI_FOLD2_MIXED_REPLAY005_NOAUG/finetune_fold1_best.pt,EXP_H_FULL_TO_TORABI_FOLD2_MIXED_REPLAY005_NOAUG,4000,8000,teacher_generated_not_ground_truth,False,True,True,3.876445904656187,5.884337278197176,0.03136369748914612,-0.9278738647856949,1.0,-0.9312303625627815,1.0,-0.9278738647856949,-0.9312303625627815,0.9278738647856949,0.9312303625627815,0.9278738647856949,-8.599639161464534,0.9312303625627815,0.03136369748914612,-8.767691849389273,0.9312303625771982,-0.6188573589509093,0.13281001173151477,-8.767691849389273,-0.6188573589509093,1.000000015220525,0.0,0.9312303625771982,0.1735301251140937,0.11707119178554433,0.10271464609596254,1.1363533074633105,1.1363533074633105,0.5650428554769285,0.43495673225347425,0.0772347931979539,0.0772347931979539,0.9048572778701782,0.6452675461769104,0.46055129170417786,False,mix_corr<0.95;mix_nmse_db>-10.0,/nas/home/pcallandrone/DeepLearning/dataset/processed/v1_real_ssl_pseudo_from_mixed_noaug/all/M_M0092_s023_orig.wav,/nas/home/pcallandrone/DeepLearning/dataset/processed/v1_real_ssl_pseudo_from_mixed_noaug/all/H_M0092_s023_orig.wav,/nas/home/pcallandrone/DeepLearning/dataset/processed/v1_real_ssl_pseudo_from_mixed_noaug/all/L_M0092_s023_orig.wav,,,
M0092_s024_orig,M0092,24,/nas/home/pcallandrone/DeepLearning/dataset/processed/M1_segmented_only/M_M0092_s024_orig.wav,/nas/home/pcallandrone/DeepLearning/outputs/checkpoints/EXP_H_FULL_TO_TORABI_FOLD2_MIXED_REPLAY005_NOAUG/finetune_fold1_best.pt,EXP_H_FULL_TO_TORABI_FOLD2_MIXED_REPLAY005_NOAUG,4000,8000,teacher_generated_not_ground_truth,False,True,True,4.074142203269416,6.1003618348039605,0.4802976614702225,-0.8761449262728139,1.0,-0.9259570495749123,1.0,-0.8761449262728139,-0.9259570495749123,0.8761449262728139,0.9259570495749123,0.8761449262728139,-7.965931493784597,0.9259570495749123,0.4802976614702225,-8.458696881355593,0.9259570498537755,-0.6681826793035439,0.14260354172681136,-8.458696881355593,-0.6681826793035439,0.9999999790911653,0.0,0.9259570498537755,0.15846660595010292,0.10752859143863161,0.0923007534993978,1.3263742084884544,1.3263742084884544,0.5757639569803201,0.42423554505726907,0.07298961932511985,0.07298961932511985,0.9048572778701782,0.6499953269958496,0.4343568980693817,False,mix_corr<0.95;mix_nmse_db>-10.0,/nas/home/pcallandrone/DeepLearning/dataset/processed/v1_real_ssl_pseudo_from_mixed_noaug/all/M_M0092_s024_orig.wav,/nas/home/pcallandrone/DeepLearning/dataset/processed/v1_real_ssl_pseudo_from_mixed_noaug/all/H_M0092_s024_orig.wav,/nas/home/pcallandrone/DeepLearning/dataset/processed/v1_real_ssl_pseudo_from_mixed_noaug/all/L_M0092_s024_orig.wav,,,
M0092_s025_orig,M0092,25,/nas/home/pcallandrone/DeepLearning/dataset/processed/M1_segmented_only/M_M0092_s025_orig.wav,/nas/home/pcallandrone/DeepLearning/outputs/checkpoints/EXP_H_FULL_TO_TORABI_FOLD2_MIXED_REPLAY005_NOAUG/finetune_fold1_best.pt,EXP_H_FULL_TO_TORABI_FOLD2_MIXED_REPLAY005_NOAUG,4000,8000,teacher_generated_not_ground_truth,False,True,True,3.68866039409869,5.668686726412178,-0.3909620517774451,-0.9709644373990851,1.0,-0.9282291742253919,1.0,-0.9709644373990851,-0.9282291742253919,0.9709644373990851,0.9282291742253919,0.9709644373990851,-8.56482193275867,0.9282291742253919,-0.3909620517774451,-8.588934077509208,0.9282291742410343,-0.6468955244364596,0.13839060000307093,-8.588934077509208,-0.6468955244364596,1.0000000051687306,0.0,0.9282291742410343,0.17154358707470743,0.11876007983216036,0.0926402740256399,2.1574129970922,2.1574129970922,0.6216979787399527,0.3783015804631857,0.12127789911677775,0.12127789911677775,0.9048572778701782,0.6552073955535889,0.49716639518737793,False,mix_corr<0.95;mix_nmse_db>-10.0,/nas/home/pcallandrone/DeepLearning/dataset/processed/v1_real_ssl_pseudo_from_mixed_noaug/all/M_M0092_s025_orig.wav,/nas/home/pcallandrone/DeepLearning/dataset/processed/v1_real_ssl_pseudo_from_mixed_noaug/all/H_M0092_s025_orig.wav,/nas/home/pcallandrone/DeepLearning/dataset/processed/v1_real_ssl_pseudo_from_mixed_noaug/all/L_M0092_s025_orig.wav,,,
M0092_s026_orig,M0092,26,/nas/home/pcallandrone/DeepLearning/dataset/processed/M1_segmented_only/M_M0092_s026_orig.wav,/nas/home/pcallandrone/DeepLearning/outputs/checkpoints/EXP_H_FULL_TO_TORABI_FOLD2_MIXED_REPLAY005_NOAUG/finetune_fold1_best.pt,EXP_H_FULL_TO_TORABI_FOLD2_MIXED_REPLAY005_NOAUG,4000,8000,teacher_generated_not_ground_truth,False,True,True,3.894652307930999,5.904686924355396,0.02993905018475123,-0.9373829996111441,1.0,-0.9406196041217384,1.0,-0.9373829996111441,-0.9406196041217384,0.9373829996111441,0.9406196041217384,0.9373829996111441,-9.237865181939222,0.9406196041217384,0.02993905018475123,-9.384164952260974,0.9406196038138822,-0.531719312405319,0.11523476082912452,-9.384164952260974,-0.531719312405319,1.000000004225118,0.0,0.9406196038138822,0.1647974260100625,0.1154147555538889,0.08665617231589029,2.4892366830452737,2.4892366830452737,0.6394935291745778,0.36050599074556766,0.1599166071440935,0.1599166071440935,0.8878218531608582,0.6426455974578857,0.45122963190078735,False,mix_corr<0.95;mix_nmse_db>-10.0,/nas/home/pcallandrone/DeepLearning/dataset/processed/v1_real_ssl_pseudo_from_mixed_noaug/all/M_M0092_s026_orig.wav,/nas/home/pcallandrone/DeepLearning/dataset/processed/v1_real_ssl_pseudo_from_mixed_noaug/all/H_M0092_s026_orig.wav,/nas/home/pcallandrone/DeepLearning/dataset/processed/v1_real_ssl_pseudo_from_mixed_noaug/all/L_M0092_s026_orig.wav,,,
M0094_s005_orig,M0094,5,/nas/home/pcallandrone/DeepLearning/dataset/processed/M1_segmented_only/M_M0094_s005_orig.wav,/nas/home/pcallandrone/DeepLearning/outputs/checkpoints/EXP_H_FULL_TO_TORABI_FOLD2_MIXED_REPLAY005_NOAUG/finetune_fold1_best.pt,EXP_H_FULL_TO_TORABI_FOLD2_MIXED_REPLAY005_NOAUG,4000,8000,teacher_generated_not_ground_truth,False,True,True,4.722969701738604,6.742151595487639,1.6050736797870284,-0.7863291078472121,1.0,-0.9459279474590018,1.0,-0.7863291078472121,-0.9459279474590018,0.7863291078472121,0.9459279474590018,0.7863291078472121,-7.662695643266508,0.9459279474590018,1.6050736797870284,-9.779003915887648,0.9459279477364431,-0.48283890962743153,0.10522031761485105,-9.779003915887648,-0.48283890962743153,1.000000023728599,0.0,0.9459279477364431,0.18091499230618405,0.08012514895779214,0.14426013492764783,-5.107549682887635,5.107549682887635,0.23576185238230873,0.7642377803896507,0.08890728337401563,0.08890728337401563,0.8125982284545898,1.1244103908538818,0.6117340922355652,False,mix_corr<0.95;mix_nmse_db>-10.0,/nas/home/pcallandrone/DeepLearning/dataset/processed/v1_real_ssl_pseudo_from_mixed_noaug/all/M_M0094_s005_orig.wav,/nas/home/pcallandrone/DeepLearning/dataset/processed/v1_real_ssl_pseudo_from_mixed_noaug/all/H_M0094_s005_orig.wav,/nas/home/pcallandrone/DeepLearning/dataset/processed/v1_real_ssl_pseudo_from_mixed_noaug/all/L_M0094_s005_orig.wav,,,
M0094_s006_orig,M0094,6,/nas/home/pcallandrone/DeepLearning/dataset/processed/M1_segmented_only/M_M0094_s006_orig.wav,/nas/home/pcallandrone/DeepLearning/outputs/checkpoints/EXP_H_FULL_TO_TORABI_FOLD2_MIXED_REPLAY005_NOAUG/finetune_fold1_best.pt,EXP_H_FULL_TO_TORABI_FOLD2_MIXED_REPLAY005_NOAUG,4000,8000,teacher_generated_not_ground_truth,False,True,True,4.584787340263635,6.61319196256438,1.351844927240429,-0.8129520853330111,1.0,-0.9498547776984844,1.0,-0.8129520853330111,-0.9498547776984844,0.8129520853330111,0.9498547776984844,0.8129520853330111,-8.370213451329626,0.9498547776984844,1.351844927240429,-10.09768170104762,0.9498547774267303,-0.44685547316735785,0.0977759017318916,-10.09768170104762,-0.44685547316735785,0.9999999803181331,0.0,0.9498547774267303,0.19200947520156522,0.08657164494464945,0.14835642721666673,-4.678613926133345,4.678613926133345,0.2540189887771824,0.7459806722890466,0.14632382550587503,0.14632382550587503,0.8125982284545898,1.0658090114593506,0.6062986254692078,False,mix_corr<0.95,/nas/home/pcallandrone/DeepLearning/dataset/processed/v1_real_ssl_pseudo_from_mixed_noaug/all/M_M0094_s006_orig.wav,/nas/home/pcallandrone/DeepLearning/dataset/processed/v1_real_ssl_pseudo_from_mixed_noaug/all/H_M0094_s006_orig.wav,/nas/home/pcallandrone/DeepLearning/dataset/processed/v1_real_ssl_pseudo_from_mixed_noaug/all/L_M0094_s006_orig.wav,,,
M0094_s025_orig,M0094,25,/nas/home/pcallandrone/DeepLearning/dataset/processed/M1_segmented_only/M_M0094_s025_orig.wav,/nas/home/pcallandrone/DeepLearning/outputs/checkpoints/EXP_H_FULL_TO_TORABI_FOLD2_MIXED_REPLAY005_NOAUG/finetune_fold1_best.pt,EXP_H_FULL_TO_TORABI_FOLD2_MIXED_REPLAY005_NOAUG,4000,8000,teacher_generated_not_ground_truth,False,True,True,24.413354785701383,13.876274625310085,12.006244329243092,-0.23757774706157825,1.0,-0.9464957804244054,1.0,-0.23757774706157825,-0.9464957804244054,0.23757774706157825,0.9464957804244054,0.23757774706157825,9.698919101726586,0.9464957804244054,12.006244329243092,-9.823584903548133,0.9464957787860133,-0.4776244434484916,0.10414573987387606,-9.823584903548133,-0.4776244434484916,0.9999999797210009,0.0,0.9464957787860133,0.05367907079334456,0.03377659940854032,0.030632177178623,0.8487611560312067,0.8487611560312067,0.5487010608730123,0.4512941295824189,0.24268079082629276,0.24268079082629276,0.48165199160575867,0.32850635051727295,0.42954161763191223,False,mix_corr<0.95;mix_nmse_db>-10.0,/nas/home/pcallandrone/DeepLearning/dataset/processed/v1_real_ssl_pseudo_from_mixed_noaug/all/M_M0094_s025_orig.wav,/nas/home/pcallandrone/DeepLearning/dataset/processed/v1_real_ssl_pseudo_from_mixed_noaug/all/H_M0094_s025_orig.wav,/nas/home/pcallandrone/DeepLearning/dataset/processed/v1_real_ssl_pseudo_from_mixed_noaug/all/L_M0094_s025_orig.wav,,,
M0095_s017_orig,M0095,17,/nas/home/pcallandrone/DeepLearning/dataset/processed/M1_segmented_only/M_M0095_s017_orig.wav,/nas/home/pcallandrone/DeepLearning/outputs/checkpoints/EXP_H_FULL_TO_TORABI_FOLD2_MIXED_REPLAY005_NOAUG/finetune_fold1_best.pt,EXP_H_FULL_TO_TORABI_FOLD2_MIXED_REPLAY005_NOAUG,4000,8000,teacher_generated_not_ground_truth,False,True,True,5.174380477748812,7.138583596939247,2.3773361157757846,-0.7073365177685822,1.0,-0.9300213728493008,1.0,-0.7073365177685822,-0.9300213728493008,0.7073365177685822,0.9300213728493008,0.7073365177685822,-5.480118022939253,0.9300213728493008,2.3773361157757846,-8.694724653276854,0.9300213731001821,-0.6301407621318332,0.13506024545868991,-8.694724653276854,-0.6301407621318332,0.9999999619855163,0.0,0.9300213731001821,0.14527779895602033,0.09108688016856122,0.08460736303936203,0.6409533529872404,0.6409533529872404,0.5368290683625887,0.4631702846074827,0.18165529046391127,0.18165529046391127,0.6848772764205933,0.41775625944137573,0.44785255193710327,False,mix_corr<0.95;mix_nmse_db>-10.0,/nas/home/pcallandrone/DeepLearning/dataset/processed/v1_real_ssl_pseudo_from_mixed_noaug/all/M_M0095_s017_orig.wav,/nas/home/pcallandrone/DeepLearning/dataset/processed/v1_real_ssl_pseudo_from_mixed_noaug/all/H_M0095_s017_orig.wav,/nas/home/pcallandrone/DeepLearning/dataset/processed/v1_real_ssl_pseudo_from_mixed_noaug/all/L_M0095_s017_orig.wav,,,
M0095_s018_orig,M0095,18,/nas/home/pcallandrone/DeepLearning/dataset/processed/M1_segmented_only/M_M0095_s018_orig.wav,/nas/home/pcallandrone/DeepLearning/outputs/checkpoints/EXP_H_FULL_TO_TORABI_FOLD2_MIXED_REPLAY005_NOAUG/finetune_fold1_best.pt,EXP_H_FULL_TO_TORABI_FOLD2_MIXED_REPLAY005_NOAUG,4000,8000,teacher_generated_not_ground_truth,False,True,True,6.057339039256296,7.822818825220383,3.4858047740296776,-0.6332127861519501,1.0,-0.9458885744174544,1.0,-0.6332127861519501,-0.9458885744174544,0.6332127861519501,0.9458885744174544,0.6332127861519501,-3.9201596778350756,0.9458885744174544,3.4858047740296776,-9.775930593750934,0.945888574747191,-0.48319987614868765,0.10529480402711448,-9.775930593750934,-0.48319987614868765,0.999999971003414,0.0,0.945888574747191,0.13567481558012698,0.08182367043548004,0.08083370992533996,0.10572891177448471,0.10572891177448471,0.5060855622710102,0.49391368182605133,0.24494904642025894,0.24494904642025894,0.5712996125221252,0.3135753273963928,0.40325266122817993,False,mix_corr<0.95;mix_nmse_db>-10.0,/nas/home/pcallandrone/DeepLearning/dataset/processed/v1_real_ssl_pseudo_from_mixed_noaug/all/M_M0095_s018_orig.wav,/nas/home/pcallandrone/DeepLearning/dataset/processed/v1_real_ssl_pseudo_from_mixed_noaug/all/H_M0095_s018_orig.wav,/nas/home/pcallandrone/DeepLearning/dataset/processed/v1_real_ssl_pseudo_from_mixed_noaug/all/L_M0095_s018_orig.wav,,,
M0095_s019_orig,M0095,19,/nas/home/pcallandrone/DeepLearning/dataset/processed/M1_segmented_only/M_M0095_s019_orig.wav,/nas/home/pcallandrone/DeepLearning/outputs/checkpoints/EXP_H_FULL_TO_TORABI_FOLD2_MIXED_REPLAY005_NOAUG/finetune_fold1_best.pt,EXP_H_FULL_TO_TORABI_FOLD2_MIXED_REPLAY005_NOAUG,4000,8000,teacher_generated_not_ground_truth,False,True,True,5.698680000706619,7.557742706202295,3.052148939616406,-0.6634048516296989,1.0,-0.9427274319574386,1.0,-0.6634048516296989,-0.9427274319574386,0.6634048516296989,0.9427274319574386,0.6634048516296989,-4.684551094877557,0.9427274319574386,3.052148939616406,-9.53641472956035,0.9427274322209082,-0.5122772156649902,0.11126498841448876,-9.53641472956035,-0.5122772156649902,1.0000000436565954,0.0,0.9427274322209082,0.14205349414620624,0.08526776598683285,0.08487455118905674,0.040147877083241613,0.040147877083241613,0.5023107340869601,0.4976885750329301,0.23902583602275748,0.23902583602275748,0.5712996125221252,0.31284332275390625,0.4080069363117218,False,mix_corr<0.95;mix_nmse_db>-10.0,/nas/home/pcallandrone/DeepLearning/dataset/processed/v1_real_ssl_pseudo_from_mixed_noaug/all/M_M0095_s019_orig.wav,/nas/home/pcallandrone/DeepLearning/dataset/processed/v1_real_ssl_pseudo_from_mixed_noaug/all/H_M0095_s019_orig.wav,/nas/home/pcallandrone/DeepLearning/dataset/processed/v1_real_ssl_pseudo_from_mixed_noaug/all/L_M0095_s019_orig.wav,,,
M0097_s000_orig,M0097,0,/nas/home/pcallandrone/DeepLearning/dataset/processed/M1_segmented_only/M_M0097_s000_orig.wav,/nas/home/pcallandrone/DeepLearning/outputs/checkpoints/EXP_H_FULL_TO_TORABI_FOLD2_MIXED_REPLAY005_NOAUG/finetune_fold1_best.pt,EXP_H_FULL_TO_TORABI_FOLD2_MIXED_REPLAY005_NOAUG,4000,8000,teacher_generated_not_ground_truth,False,True,True,15.517006808827562,11.908079506993822,9.491140242586754,-0.316079600586874,1.0,-0.9426571138717132,1.0,-0.316079600586874,-0.9426571138717132,0.316079600586874,0.9426571138717132,0.316079600586874,6.306014998377067,0.9426571138717132,9.491140242586754,-9.531242973934583,0.9426571133936382,-0.51292461921233,0.11139756621958133,-9.531242973934583,-0.51292461921233,1.0000000416935793,0.0,0.9426571133936382,0.08459196352538055,0.04050867643955058,0.06155236333226831,-3.633933580765558,3.633933580765558,0.3022203941869431,0.6977777640758549,0.18629744593052064,0.18629744593052064,0.71099454164505,0.337438702583313,0.52315354347229,False,mix_corr<0.95;mix_nmse_db>-10.0,/nas/home/pcallandrone/DeepLearning/dataset/processed/v1_real_ssl_pseudo_from_mixed_noaug/all/M_M0097_s000_orig.wav,/nas/home/pcallandrone/DeepLearning/dataset/processed/v1_real_ssl_pseudo_from_mixed_noaug/all/H_M0097_s000_orig.wav,/nas/home/pcallandrone/DeepLearning/dataset/processed/v1_real_ssl_pseudo_from_mixed_noaug/all/L_M0097_s000_orig.wav,,,
M0097_s001_orig,M0097,1,/nas/home/pcallandrone/DeepLearning/dataset/processed/M1_segmented_only/M_M0097_s001_orig.wav,/nas/home/pcallandrone/DeepLearning/outputs/checkpoints/EXP_H_FULL_TO_TORABI_FOLD2_MIXED_REPLAY005_NOAUG/finetune_fold1_best.pt,EXP_H_FULL_TO_TORABI_FOLD2_MIXED_REPLAY005_NOAUG,4000,8000,teacher_generated_not_ground_truth,False,True,True,16.477231335673547,12.168842391175085,9.82194679016748,-0.30624679413752554,1.0,-0.9487880145750511,1.0,-0.30624679413752554,-0.9487880145750511,0.30624679413752554,0.9487880145750511,0.30624679413752554,6.738877997798608,0.9487880145750511,9.82194679016748,-10.008637882205038,0.9487880145425706,-0.4566156524249205,0.09980130307621254,-10.008637882205038,-0.4566156524249205,1.00000002195963,0.0,0.9487880145425706,0.08061785986712956,0.0384989951499873,0.05806322548747508,-3.5690352702602883,3.5690352702602883,0.30538091712463455,0.6946170225153815,0.2230299614389851,0.2230299614389851,0.71099454164505,0.29309776425361633,0.5295710563659668,False,mix_corr<0.95,/nas/home/pcallandrone/DeepLearning/dataset/processed/v1_real_ssl_pseudo_from_mixed_noaug/all/M_M0097_s001_orig.wav,/nas/home/pcallandrone/DeepLearning/dataset/processed/v1_real_ssl_pseudo_from_mixed_noaug/all/H_M0097_s001_orig.wav,/nas/home/pcallandrone/DeepLearning/dataset/processed/v1_real_ssl_pseudo_from_mixed_noaug/all/L_M0097_s001_orig.wav,,,
M0097_s002_orig,M0097,2,/nas/home/pcallandrone/DeepLearning/dataset/processed/M1_segmented_only/M_M0097_s002_orig.wav,/nas/home/pcallandrone/DeepLearning/outputs/checkpoints/EXP_H_FULL_TO_TORABI_FOLD2_MIXED_REPLAY005_NOAUG/finetune_fold1_best.pt,EXP_H_FULL_TO_TORABI_FOLD2_MIXED_REPLAY005_NOAUG,4000,8000,teacher_generated_not_ground_truth,False,True,True,15.331396563082102,11.855817172819611,9.435375568130734,-0.3160565149674503,1.0,-0.93655629608124,1.0,-0.3160565149674503,-0.93655629608124,0.3160565149674503,0.93655629608124,0.3160565149674503,6.263786737669487,0.93655629608124,9.435375568130734,-9.1058134567233,0.9365562961147764,-0.5693209720328475,0.12286230373785757,-9.1058134567233,-0.5693209720328475,0.9999999854634309,0.0,0.9365562961147764,0.07286580013130436,0.042220684213843084,0.04194382977610743,0.05714369753803823,0.05714369753803823,0.5032879872289682,0.4967091894125085,0.31488086905359497,0.31488086905359497,0.6410579681396484,0.3995559811592102,0.46857544779777527,False,mix_corr<0.95;mix_nmse_db>-10.0,/nas/home/pcallandrone/DeepLearning/dataset/processed/v1_real_ssl_pseudo_from_mixed_noaug/all/M_M0097_s002_orig.wav,/nas/home/pcallandrone/DeepLearning/dataset/processed/v1_real_ssl_pseudo_from_mixed_noaug/all/H_M0097_s002_orig.wav,/nas/home/pcallandrone/DeepLearning/dataset/processed/v1_real_ssl_pseudo_from_mixed_noaug/all/L_M0097_s002_orig.wav,,,
M0097_s005_orig,M0097,5,/nas/home/pcallandrone/DeepLearning/dataset/processed/M1_segmented_only/M_M0097_s005_orig.wav,/nas/home/pcallandrone/DeepLearning/outputs/checkpoints/EXP_H_FULL_TO_TORABI_FOLD2_MIXED_REPLAY005_NOAUG/finetune_fold1_best.pt,EXP_H_FULL_TO_TORABI_FOLD2_MIXED_REPLAY005_NOAUG,4000,8000,teacher_generated_not_ground_truth,False,True,True,14.112827993496884,11.496140484040964,8.960759735432049,-0.33289429386920344,1.0,-0.933995087542648,1.0,-0.33289429386920344,-0.933995087542648,0.33289429386920344,0.933995087542648,0.33289429386920344,5.600095177757175,0.933995087542648,8.960759735432049,-8.9396837306879,0.9339950872173018,-0.5931072598928326,0.12765317671934062,-8.9396837306879,-0.5931072598928326,0.9999999941810364,0.0,0.9339950872173018,0.08634388500805554,0.04225923500293856,0.06076928347499452,-3.1552496934440626,3.1552496934440626,0.3259575794827607,0.6740405952862986,0.19953651816975,0.19953651816975,0.7343621850013733,0.36180031299591064,0.5805653929710388,False,mix_corr<0.95;mix_nmse_db>-10.0,/nas/home/pcallandrone/DeepLearning/dataset/processed/v1_real_ssl_pseudo_from_mixed_noaug/all/M_M0097_s005_orig.wav,/nas/home/pcallandrone/DeepLearning/dataset/processed/v1_real_ssl_pseudo_from_mixed_noaug/all/H_M0097_s005_orig.wav,/nas/home/pcallandrone/DeepLearning/dataset/processed/v1_real_ssl_pseudo_from_mixed_noaug/all/L_M0097_s005_orig.wav,,,
M0097_s006_orig,M0097,6,/nas/home/pcallandrone/DeepLearning/dataset/processed/M1_segmented_only/M_M0097_s006_orig.wav,/nas/home/pcallandrone/DeepLearning/outputs/checkpoints/EXP_H_FULL_TO_TORABI_FOLD2_MIXED_REPLAY005_NOAUG/finetune_fold1_best.pt,EXP_H_FULL_TO_TORABI_FOLD2_MIXED_REPLAY005_NOAUG,4000,8000,teacher_generated_not_ground_truth,False,True,True,14.955377484875587,11.747973794221329,9.28845475982574,-0.32198817966760834,1.0,-0.9381298159074509,1.0,-0.32198817966760834,-0.9381298159074509,0.32198817966760834,0.9381298159074509,0.32198817966760834,6.044649059776167,0.9381298159074509,9.28845475982574,-9.21135731123644,0.9381298160275912,-0.5547407746045881,0.1199124479254417,-9.21135731123644,-0.5547407746045881,1.0000000457711722,0.0,0.9381298160275912,0.08388536841922481,0.04104003237787321,0.058941079295691895,-3.1442077881596853,3.1442077881596853,0.3265163980807736,0.6734816633129811,0.2138620628081851,0.2138620628081851,0.7343621850013733,0.3674083650112152,0.5282762050628662,False,mix_corr<0.95;mix_nmse_db>-10.0,/nas/home/pcallandrone/DeepLearning/dataset/processed/v1_real_ssl_pseudo_from_mixed_noaug/all/M_M0097_s006_orig.wav,/nas/home/pcallandrone/DeepLearning/dataset/processed/v1_real_ssl_pseudo_from_mixed_noaug/all/H_M0097_s006_orig.wav,/nas/home/pcallandrone/DeepLearning/dataset/processed/v1_real_ssl_pseudo_from_mixed_noaug/all/L_M0097_s006_orig.wav,,,
M0097_s012_orig,M0097,12,/nas/home/pcallandrone/DeepLearning/dataset/processed/M1_segmented_only/M_M0097_s012_orig.wav,/nas/home/pcallandrone/DeepLearning/outputs/checkpoints/EXP_H_FULL_TO_TORABI_FOLD2_MIXED_REPLAY005_NOAUG/finetune_fold1_best.pt,EXP_H_FULL_TO_TORABI_FOLD2_MIXED_REPLAY005_NOAUG,4000,8000,teacher_generated_not_ground_truth,False,True,True,17.58228361932165,12.450752813669542,10.20448238885417,-0.2909799337655822,1.0,-0.9420793390753088,1.0,-0.2909799337655822,-0.9420793390753088,0.2909799337655822,0.9420793390753088,0.2909799337655822,7.309391995726965,0.9420793390753088,10.20448238885417,-9.48899523225477,0.9420793388778711,-0.5182498680865162,0.11248651885387487,-9.48899523225477,-0.5182498680865162,1.000000039907661,0.0,0.9420793388778711,0.0784475056317181,0.03742962292593543,0.057814854502034115,-3.7764797013210227,3.7764797013210227,0.29534387172946364,0.7046540201421317,0.16595471640272752,0.16595471640272752,0.5507785677909851,0.32267647981643677,0.3437076807022095,False,mix_corr<0.95;mix_nmse_db>-10.0,/nas/home/pcallandrone/DeepLearning/dataset/processed/v1_real_ssl_pseudo_from_mixed_noaug/all/M_M0097_s012_orig.wav,/nas/home/pcallandrone/DeepLearning/dataset/processed/v1_real_ssl_pseudo_from_mixed_noaug/all/H_M0097_s012_orig.wav,/nas/home/pcallandrone/DeepLearning/dataset/processed/v1_real_ssl_pseudo_from_mixed_noaug/all/L_M0097_s012_orig.wav,,,
M0097_s013_orig,M0097,13,/nas/home/pcallandrone/DeepLearning/dataset/processed/M1_segmented_only/M_M0097_s013_orig.wav,/nas/home/pcallandrone/DeepLearning/outputs/checkpoints/EXP_H_FULL_TO_TORABI_FOLD2_MIXED_REPLAY005_NOAUG/finetune_fold1_best.pt,EXP_H_FULL_TO_TORABI_FOLD2_MIXED_REPLAY005_NOAUG,4000,8000,teacher_generated_not_ground_truth,False,True,True,15.260869437576835,11.835792768158306,9.401919495738596,-0.3183205258409089,1.0,-0.9396387648543603,1.0,-0.3183205258409089,-0.9396387648543603,0.3183205258409089,0.9396387648543603,0.3183205258409089,6.197325747214436,0.9396387648543603,9.401919495738596,-9.315210289265355,0.9396387649389343,-0.540780918518294,0.11707899102550208,-9.315210289265355,-0.540780918518294,1.0000000397555275,0.0,0.9396387649389343,0.0791302352390232,0.041832260088204065,0.048399323763381824,-1.266559293944229,1.266559293944229,0.4276023361270418,0.5723952203444447,0.35464800995183615,0.35464800995183615,0.827610969543457,0.5084285736083984,0.4901362657546997,False,mix_corr<0.95;mix_nmse_db>-10.0,/nas/home/pcallandrone/DeepLearning/dataset/processed/v1_real_ssl_pseudo_from_mixed_noaug/all/M_M0097_s013_orig.wav,/nas/home/pcallandrone/DeepLearning/dataset/processed/v1_real_ssl_pseudo_from_mixed_noaug/all/H_M0097_s013_orig.wav,/nas/home/pcallandrone/DeepLearning/dataset/processed/v1_real_ssl_pseudo_from_mixed_noaug/all/L_M0097_s013_orig.wav,,,
M0097_s015_orig,M0097,15,/nas/home/pcallandrone/DeepLearning/dataset/processed/M1_segmented_only/M_M0097_s015_orig.wav,/nas/home/pcallandrone/DeepLearning/outputs/checkpoints/EXP_H_FULL_TO_TORABI_FOLD2_MIXED_REPLAY005_NOAUG/finetune_fold1_best.pt,EXP_H_FULL_TO_TORABI_FOLD2_MIXED_REPLAY005_NOAUG,4000,8000,teacher_generated_not_ground_truth,False,True,True,15.198529521806538,11.818015714014907,9.384353908683403,-0.31804525556647234,1.0,-0.9369295638122472,1.0,-0.31804525556647234,-0.9369295638122472,0.31804525556647234,0.9369295638122472,0.31804525556647234,6.188976221793161,0.9369295638122472,9.384353908683403,-9.130603409679642,0.9369295641035977,-0.5658600375669821,0.12216299148519387,-9.130603409679642,-0.5658600375669821,0.9999999911542446,0.0,0.9369295641035977,0.07676046200980999,0.040578786812846095,0.048398432752582744,-1.5306447941742558,1.5306447941742558,0.41278885114436453,0.5872086419970158,0.3012640317948304,0.3012640317948304,0.827610969543457,0.5177439451217651,0.6809062361717224,False,mix_corr<0.95;mix_nmse_db>-10.0,/nas/home/pcallandrone/DeepLearning/dataset/processed/v1_real_ssl_pseudo_from_mixed_noaug/all/M_M0097_s015_orig.wav,/nas/home/pcallandrone/DeepLearning/dataset/processed/v1_real_ssl_pseudo_from_mixed_noaug/all/H_M0097_s015_orig.wav,/nas/home/pcallandrone/DeepLearning/dataset/processed/v1_real_ssl_pseudo_from_mixed_noaug/all/L_M0097_s015_orig.wav,,,
M0097_s018_orig,M0097,18,/nas/home/pcallandrone/DeepLearning/dataset/processed/M1_segmented_only/M_M0097_s018_orig.wav,/nas/home/pcallandrone/DeepLearning/outputs/checkpoints/EXP_H_FULL_TO_TORABI_FOLD2_MIXED_REPLAY005_NOAUG/finetune_fold1_best.pt,EXP_H_FULL_TO_TORABI_FOLD2_MIXED_REPLAY005_NOAUG,4000,8000,teacher_generated_not_ground_truth,False,True,True,15.091141863411442,11.787221016852655,9.314628503456962,-0.3249978464912305,1.0,-0.9497562749928299,1.0,-0.3249978464912305,-0.9497562749928299,0.3249978464912305,0.9497562749928299,0.3249978464912305,6.008721665107014,0.9497562749928299,9.314628503456962,-10.089378449829411,0.9497562750123042,-0.4477560328830409,0.09796301773199491,-10.089378449829411,-0.4477560328830409,1.0000000129421176,0.0,0.9497562750123042,0.08534976721789528,0.04095622482071092,0.06031513287144768,-3.3621274117582267,3.3621274117582267,0.3155796444668577,0.6844184741850995,0.2541516855884582,0.2541516855884582,0.6323158740997314,0.3023938536643982,0.387454628944397,False,mix_corr<0.95,/nas/home/pcallandrone/DeepLearning/dataset/processed/v1_real_ssl_pseudo_from_mixed_noaug/all/M_M0097_s018_orig.wav,/nas/home/pcallandrone/DeepLearning/dataset/processed/v1_real_ssl_pseudo_from_mixed_noaug/all/H_M0097_s018_orig.wav,/nas/home/pcallandrone/DeepLearning/dataset/processed/v1_real_ssl_pseudo_from_mixed_noaug/all/L_M0097_s018_orig.wav,,,
M0097_s020_orig,M0097,20,/nas/home/pcallandrone/DeepLearning/dataset/processed/M1_segmented_only/M_M0097_s020_orig.wav,/nas/home/pcallandrone/DeepLearning/outputs/checkpoints/EXP_H_FULL_TO_TORABI_FOLD2_MIXED_REPLAY005_NOAUG/finetune_fold1_best.pt,EXP_H_FULL_TO_TORABI_FOLD2_MIXED_REPLAY005_NOAUG,4000,8000,teacher_generated_not_ground_truth,False,True,True,15.216824722253023,11.82324038146,9.363748861819401,-0.32299494348598023,1.0,-0.9492562095380506,1.0,-0.32299494348598023,-0.9492562095380506,0.32299494348598023,0.9492562095380506,0.32299494348598023,6.082771030740406,0.9492562095380506,9.363748861819401,-10.047481669031255,0.9492562091457784,-0.45233025393883214,0.09891264903381096,-10.047481669031255,-0.45233025393883214,0.9999999862944344,0.0,0.9492562091457784,0.08277837261274695,0.03896224214108465,0.05856649167834683,-3.5401053621973464,3.5401053621973464,0.306795786835621,0.6932021921867364,0.26872789227666005,0.26872789227666005,0.9500000476837158,0.2864033281803131,0.8475892543792725,False,mix_corr<0.95,/nas/home/pcallandrone/DeepLearning/dataset/processed/v1_real_ssl_pseudo_from_mixed_noaug/all/M_M0097_s020_orig.wav,/nas/home/pcallandrone/DeepLearning/dataset/processed/v1_real_ssl_pseudo_from_mixed_noaug/all/H_M0097_s020_orig.wav,/nas/home/pcallandrone/DeepLearning/dataset/processed/v1_real_ssl_pseudo_from_mixed_noaug/all/L_M0097_s020_orig.wav,,,
M0097_s021_orig,M0097,21,/nas/home/pcallandrone/DeepLearning/dataset/processed/M1_segmented_only/M_M0097_s021_orig.wav,/nas/home/pcallandrone/DeepLearning/outputs/checkpoints/EXP_H_FULL_TO_TORABI_FOLD2_MIXED_REPLAY005_NOAUG/finetune_fold1_best.pt,EXP_H_FULL_TO_TORABI_FOLD2_MIXED_REPLAY005_NOAUG,4000,8000,teacher_generated_not_ground_truth,False,True,True,14.44117081342773,11.596024049509406,9.077944659827843,-0.3310211414656873,1.0,-0.9413545974356997,1.0,-0.3310211414656873,-0.9413545974356997,0.3310211414656873,0.9413545974356997,0.3310211414656873,5.720709983349266,0.9413545974356997,9.077944659827843,-9.436611557322767,0.941354596690441,-0.5249344587767791,0.11385152291853029,-9.436611557322767,-0.5249344587767791,1.0000000277859016,0.0,0.941354596690441,0.08199071182745171,0.0425598802830242,0.054007110359991714,-2.0690108680325103,2.0690108680325103,0.3831000231288851,0.6168978618661906,0.26734787090203543,0.26734787090203543,0.9500000476837158,0.30889052152633667,0.8008773922920227,False,mix_corr<0.95;mix_nmse_db>-10.0,/nas/home/pcallandrone/DeepLearning/dataset/processed/v1_real_ssl_pseudo_from_mixed_noaug/all/M_M0097_s021_orig.wav,/nas/home/pcallandrone/DeepLearning/dataset/processed/v1_real_ssl_pseudo_from_mixed_noaug/all/H_M0097_s021_orig.wav,/nas/home/pcallandrone/DeepLearning/dataset/processed/v1_real_ssl_pseudo_from_mixed_noaug/all/L_M0097_s021_orig.wav,,,
M0097_s023_orig,M0097,23,/nas/home/pcallandrone/DeepLearning/dataset/processed/M1_segmented_only/M_M0097_s023_orig.wav,/nas/home/pcallandrone/DeepLearning/outputs/checkpoints/EXP_H_FULL_TO_TORABI_FOLD2_MIXED_REPLAY005_NOAUG/finetune_fold1_best.pt,EXP_H_FULL_TO_TORABI_FOLD2_MIXED_REPLAY005_NOAUG,4000,8000,teacher_generated_not_ground_truth,False,True,True,13.498018852524549,11.302700303798009,8.664481773381581,-0.34988953276686907,1.0,-0.9487576704177241,1.0,-0.34988953276686907,-0.9487576704177241,0.34988953276686907,0.9487576704177241,0.34988953276686907,5.06159066575782,0.9487576704177241,8.664481773381581,-10.006133003593426,0.948757670648302,-0.45689296714559935,0.09985888203867467,-10.006133003593426,-0.45689296714559935,0.9999999586183589,0.0,0.948757670648302,0.08478305873584374,0.0469235683887421,0.054298081664151045,-1.2678690987957424,1.2678690987957424,0.4275287347701593,0.5724693235248507,0.25909560668526355,0.25909560668526355,0.9500000476837158,0.4608269929885864,0.9052078723907471,False,mix_corr<0.95,/nas/home/pcallandrone/DeepLearning/dataset/processed/v1_real_ssl_pseudo_from_mixed_noaug/all/M_M0097_s023_orig.wav,/nas/home/pcallandrone/DeepLearning/dataset/processed/v1_real_ssl_pseudo_from_mixed_noaug/all/H_M0097_s023_orig.wav,/nas/home/pcallandrone/DeepLearning/dataset/processed/v1_real_ssl_pseudo_from_mixed_noaug/all/L_M0097_s023_orig.wav,,,
M0098_s004_orig,M0098,4,/nas/home/pcallandrone/DeepLearning/dataset/processed/M1_segmented_only/M_M0098_s004_orig.wav,/nas/home/pcallandrone/DeepLearning/outputs/checkpoints/EXP_H_FULL_TO_TORABI_FOLD2_MIXED_REPLAY005_NOAUG/finetune_fold1_best.pt,EXP_H_FULL_TO_TORABI_FOLD2_MIXED_REPLAY005_NOAUG,4000,8000,teacher_generated_not_ground_truth,False,True,True,5.629754930457551,7.504894899372266,2.947261687232464,-0.6743613539185467,1.0,-0.9467946648705045,1.0,-0.6743613539185467,-0.9467946648705045,0.6743613539185467,0.9467946648705045,0.6743613539185467,-5.050043345216149,0.9467946648705045,2.947261687232464,-9.84724670620047,0.9467946649539807,-0.47488382507968,0.10357986231256472,-9.84724670620047,-0.47488382507968,1.0000000082789697,0.0,0.9467946649539807,0.15635701870092075,0.08700599136543884,0.11118300328054716,-2.1297848242892163,2.1297848242892163,0.37979889775084785,0.6202006005361219,0.1025243654937673,0.1025243654937673,0.9236243367195129,0.5116104483604431,0.5382503271102905,False,mix_corr<0.95;mix_nmse_db>-10.0,/nas/home/pcallandrone/DeepLearning/dataset/processed/v1_real_ssl_pseudo_from_mixed_noaug/all/M_M0098_s004_orig.wav,/nas/home/pcallandrone/DeepLearning/dataset/processed/v1_real_ssl_pseudo_from_mixed_noaug/all/H_M0098_s004_orig.wav,/nas/home/pcallandrone/DeepLearning/dataset/processed/v1_real_ssl_pseudo_from_mixed_noaug/all/L_M0098_s004_orig.wav,,,
M0098_s008_orig,M0098,8,/nas/home/pcallandrone/DeepLearning/dataset/processed/M1_segmented_only/M_M0098_s008_orig.wav,/nas/home/pcallandrone/DeepLearning/outputs/checkpoints/EXP_H_FULL_TO_TORABI_FOLD2_MIXED_REPLAY005_NOAUG/finetune_fold1_best.pt,EXP_H_FULL_TO_TORABI_FOLD2_MIXED_REPLAY005_NOAUG,4000,8000,teacher_generated_not_ground_truth,False,True,True,6.124039336364403,7.870379716263429,3.5749959640474547,-0.6248192438576365,1.0,-0.9429838562774746,1.0,-0.6248192438576365,-0.9429838562774746,0.6248192438576365,0.9429838562774746,0.6248192438576365,-3.6512567099151783,0.9429838562774746,3.5749959640474547,-9.555329709858327,0.942983856709535,-0.5099149074163847,0.11078144585691936,-9.555329709858327,-0.5099149074163847,1.000000039666571,0.0,0.942983856709535,0.13948131530356403,0.08044188061171509,0.093105776621141,-1.2698882364722806,1.2698882364722806,0.42741549728000083,0.5725838422002087,0.14421397101039582,0.14421397101039582,0.7099305987358093,0.4069170653820038,0.6947442889213562,False,mix_corr<0.95;mix_nmse_db>-10.0,/nas/home/pcallandrone/DeepLearning/dataset/processed/v1_real_ssl_pseudo_from_mixed_noaug/all/M_M0098_s008_orig.wav,/nas/home/pcallandrone/DeepLearning/dataset/processed/v1_real_ssl_pseudo_from_mixed_noaug/all/H_M0098_s008_orig.wav,/nas/home/pcallandrone/DeepLearning/dataset/processed/v1_real_ssl_pseudo_from_mixed_noaug/all/L_M0098_s008_orig.wav,,,
M0098_s009_orig,M0098,9,/nas/home/pcallandrone/DeepLearning/dataset/processed/M1_segmented_only/M_M0098_s009_orig.wav,/nas/home/pcallandrone/DeepLearning/outputs/checkpoints/EXP_H_FULL_TO_TORABI_FOLD2_MIXED_REPLAY005_NOAUG/finetune_fold1_best.pt,EXP_H_FULL_TO_TORABI_FOLD2_MIXED_REPLAY005_NOAUG,4000,8000,teacher_generated_not_ground_truth,False,True,True,5.770639638431608,7.612239545846727,3.2551285644035444,-0.627284730451152,1.0,-0.9124754992737814,1.0,-0.627284730451152,-0.9124754992737814,0.627284730451152,0.9124754992737814,0.627284730451152,-3.359842230363437,0.9124754992737814,3.2551285644035444,-7.762744767907208,0.9124754989740789,-0.7955755760266735,0.16738846362422,-7.762744767907208,-0.7955755760266735,1.0000000384028902,0.0,0.9124754989740789,0.12981335162178786,0.07962800920407594,0.07371572103098233,0.6701148029459145,0.6701148029459145,0.5384980995025677,0.4615010512143776,0.19218131127608795,0.19218131127608795,0.7917587757110596,0.41783902049064636,0.5397284626960754,False,mix_corr<0.95;mix_nmse_db>-10.0,/nas/home/pcallandrone/DeepLearning/dataset/processed/v1_real_ssl_pseudo_from_mixed_noaug/all/M_M0098_s009_orig.wav,/nas/home/pcallandrone/DeepLearning/dataset/processed/v1_real_ssl_pseudo_from_mixed_noaug/all/H_M0098_s009_orig.wav,/nas/home/pcallandrone/DeepLearning/dataset/processed/v1_real_ssl_pseudo_from_mixed_noaug/all/L_M0098_s009_orig.wav,,,
M0098_s010_orig,M0098,10,/nas/home/pcallandrone/DeepLearning/dataset/processed/M1_segmented_only/M_M0098_s010_orig.wav,/nas/home/pcallandrone/DeepLearning/outputs/checkpoints/EXP_H_FULL_TO_TORABI_FOLD2_MIXED_REPLAY005_NOAUG/finetune_fold1_best.pt,EXP_H_FULL_TO_TORABI_FOLD2_MIXED_REPLAY005_NOAUG,4000,8000,teacher_generated_not_ground_truth,False,True,True,6.694983296296932,8.25749497802827,4.323829571362355,-0.5521540465735192,1.0,-0.9083470788902064,1.0,-0.5521540465735192,-0.9083470788902064,0.5521540465735192,0.9083470788902064,0.5521540465735192,-1.440532216688911,0.9083470788902064,4.323829571362355,-7.571963259059606,0.9083470791316536,-0.8349626572139489,0.1749055836765963,-7.571963259059606,-0.8349626572139489,0.9999999672852592,0.0,0.9083470791316536,0.12616534695083315,0.07047139227843185,0.08149592466636613,-1.26246079820362,1.26246079820362,0.42783401030073837,0.5721651282105287,0.13283811744987475,0.13283811744987475,0.7917587757110596,0.43744954466819763,0.5465503334999084,False,mix_corr<0.95;mix_nmse_db>-10.0,/nas/home/pcallandrone/DeepLearning/dataset/processed/v1_real_ssl_pseudo_from_mixed_noaug/all/M_M0098_s010_orig.wav,/nas/home/pcallandrone/DeepLearning/dataset/processed/v1_real_ssl_pseudo_from_mixed_noaug/all/H_M0098_s010_orig.wav,/nas/home/pcallandrone/DeepLearning/dataset/processed/v1_real_ssl_pseudo_from_mixed_noaug/all/L_M0098_s010_orig.wav,,,
M0098_s011_orig,M0098,11,/nas/home/pcallandrone/DeepLearning/dataset/processed/M1_segmented_only/M_M0098_s011_orig.wav,/nas/home/pcallandrone/DeepLearning/outputs/checkpoints/EXP_H_FULL_TO_TORABI_FOLD2_MIXED_REPLAY005_NOAUG/finetune_fold1_best.pt,EXP_H_FULL_TO_TORABI_FOLD2_MIXED_REPLAY005_NOAUG,4000,8000,teacher_generated_not_ground_truth,False,True,True,6.926520714457601,8.405151373599896,4.567929902551506,-0.5350864826573346,1.0,-0.9053584658195729,1.0,-0.5350864826573346,-0.9053584658195729,0.5350864826573346,0.9053584658195729,0.5350864826573346,-0.9739461223025269,0.9053584658195729,4.567929902551506,-7.439415341067103,0.9053584656961781,-0.8635885206102398,0.18032604843048033,-7.439415341067103,-0.8635885206102398,1.000000055181943,0.0,0.9053584656961781,0.12403008122453939,0.06784439643034804,0.0809769040987211,-1.5369437135055626,1.5369437135055626,0.41243799698104894,0.5875611069721316,0.1319038372018654,0.1319038372018654,0.7917587757110596,0.43088144063949585,0.5278542041778564,False,mix_corr<0.95;mix_nmse_db>-10.0,/nas/home/pcallandrone/DeepLearning/dataset/processed/v1_real_ssl_pseudo_from_mixed_noaug/all/M_M0098_s011_orig.wav,/nas/home/pcallandrone/DeepLearning/dataset/processed/v1_real_ssl_pseudo_from_mixed_noaug/all/H_M0098_s011_orig.wav,/nas/home/pcallandrone/DeepLearning/dataset/processed/v1_real_ssl_pseudo_from_mixed_noaug/all/L_M0098_s011_orig.wav,,,
M0098_s012_orig,M0098,12,/nas/home/pcallandrone/DeepLearning/dataset/processed/M1_segmented_only/M_M0098_s012_orig.wav,/nas/home/pcallandrone/DeepLearning/outputs/checkpoints/EXP_H_FULL_TO_TORABI_FOLD2_MIXED_REPLAY005_NOAUG/finetune_fold1_best.pt,EXP_H_FULL_TO_TORABI_FOLD2_MIXED_REPLAY005_NOAUG,4000,8000,teacher_generated_not_ground_truth,False,True,True,7.271976190812125,8.61652448292041,4.90082964248321,-0.5145915482711895,1.0,-0.9046992527232327,1.0,-0.5145915482711895,-0.9046992527232327,0.5145915482711895,0.9046992527232327,0.5145915482711895,-0.4105486068387954,0.9046992527232327,4.90082964248321,-7.410772817618417,0.9046992524513104,-0.8699142712620034,0.18151926244384103,-7.410772817618417,-0.8699142712620034,0.9999999492414982,0.0,0.9046992524513104,0.12092070536071042,0.06550144090532602,0.08011199454548577,-1.748933814956847,1.748933814956847,0.40066177966199595,0.5993372864899712,0.11999355206960159,0.11999355206960159,0.7917587757110596,0.4129359722137451,0.520305335521698,False,mix_corr<0.95;mix_nmse_db>-10.0,/nas/home/pcallandrone/DeepLearning/dataset/processed/v1_real_ssl_pseudo_from_mixed_noaug/all/M_M0098_s012_orig.wav,/nas/home/pcallandrone/DeepLearning/dataset/processed/v1_real_ssl_pseudo_from_mixed_noaug/all/H_M0098_s012_orig.wav,/nas/home/pcallandrone/DeepLearning/dataset/processed/v1_real_ssl_pseudo_from_mixed_noaug/all/L_M0098_s012_orig.wav,,,
M0098_s013_orig,M0098,13,/nas/home/pcallandrone/DeepLearning/dataset/processed/M1_segmented_only/M_M0098_s013_orig.wav,/nas/home/pcallandrone/DeepLearning/outputs/checkpoints/EXP_H_FULL_TO_TORABI_FOLD2_MIXED_REPLAY005_NOAUG/finetune_fold1_best.pt,EXP_H_FULL_TO_TORABI_FOLD2_MIXED_REPLAY005_NOAUG,4000,8000,teacher_generated_not_ground_truth,False,True,True,7.16051292886238,8.549441332290556,4.8709326057551685,-0.5034446156870662,1.0,-0.8820606252871575,1.0,-0.5034446156870662,-0.8820606252871575,0.5034446156870662,0.8820606252871575,0.5034446156870662,-0.09282858238101772,0.8820606252871575,4.8709326057551685,-6.537075679335205,0.8820606245325947,-1.0900304446216016,0.22196905447095575,-6.537075679335205,-1.0900304446216016,1.0000000049804034,0.0,0.8820606245325947,0.1180279526102391,0.06305019295994278,0.07634489862592848,-1.661872054513981,1.661872054513981,0.4054850404956265,0.594513939500088,0.10746513988566872,0.10746513988566872,0.6600894927978516,0.3557222783565521,0.5772804617881775,False,mix_corr<0.95;mix_nmse_db>-10.0,/nas/home/pcallandrone/DeepLearning/dataset/processed/v1_real_ssl_pseudo_from_mixed_noaug/all/M_M0098_s013_orig.wav,/nas/home/pcallandrone/DeepLearning/dataset/processed/v1_real_ssl_pseudo_from_mixed_noaug/all/H_M0098_s013_orig.wav,/nas/home/pcallandrone/DeepLearning/dataset/processed/v1_real_ssl_pseudo_from_mixed_noaug/all/L_M0098_s013_orig.wav,,,
M0098_s014_orig,M0098,14,/nas/home/pcallandrone/DeepLearning/dataset/processed/M1_segmented_only/M_M0098_s014_orig.wav,/nas/home/pcallandrone/DeepLearning/outputs/checkpoints/EXP_H_FULL_TO_TORABI_FOLD2_MIXED_REPLAY005_NOAUG/finetune_fold1_best.pt,EXP_H_FULL_TO_TORABI_FOLD2_MIXED_REPLAY005_NOAUG,4000,8000,teacher_generated_not_ground_truth,False,True,True,6.322185978536673,8.008672672492471,3.899905453895232,-0.5840999696586795,1.0,-0.9151294737058225,1.0,-0.5840999696586795,-0.9151294737058225,0.5840999696586795,0.9151294737058225,0.5840999696586795,-2.3126799704654797,0.9151294737058225,3.899905453895232,-7.890449643475898,0.9151294735615535,-0.7703488645869171,0.1625380464513305,-7.890449643475898,-0.7703488645869171,1.000000033336496,0.0,0.9151294735615535,0.1219039804053097,0.0727415456765103,0.07174213311632686,0.12016479267653381,0.12016479267653381,0.5069163146054118,0.49308272738199366,0.19228397382153967,0.19228397382153967,0.6467544436454773,0.39611485600471497,0.5298077464103699,False,mix_corr<0.95;mix_nmse_db>-10.0,/nas/home/pcallandrone/DeepLearning/dataset/processed/v1_real_ssl_pseudo_from_mixed_noaug/all/M_M0098_s014_orig.wav,/nas/home/pcallandrone/DeepLearning/dataset/processed/v1_real_ssl_pseudo_from_mixed_noaug/all/H_M0098_s014_orig.wav,/nas/home/pcallandrone/DeepLearning/dataset/processed/v1_real_ssl_pseudo_from_mixed_noaug/all/L_M0098_s014_orig.wav,,,
M0098_s015_orig,M0098,15,/nas/home/pcallandrone/DeepLearning/dataset/processed/M1_segmented_only/M_M0098_s015_orig.wav,/nas/home/pcallandrone/DeepLearning/outputs/checkpoints/EXP_H_FULL_TO_TORABI_FOLD2_MIXED_REPLAY005_NOAUG/finetune_fold1_best.pt,EXP_H_FULL_TO_TORABI_FOLD2_MIXED_REPLAY005_NOAUG,4000,8000,teacher_generated_not_ground_truth,False,True,True,6.28507039952416,7.983101466128499,3.7556547645398446,-0.6128974974951201,1.0,-0.9444319172026369,1.0,-0.6128974974951201,-0.9444319172026369,0.6128974974951201,0.9444319172026369,0.6128974974951201,-3.3361506014148774,0.9444319172026369,3.7556547645398446,-9.663818457011836,0.9444319171342688,-0.49658634793387835,0.1080483537603235,-9.663818457011836,-0.49658634793387835,0.9999999713929656,0.0,0.9444319171342688,0.13460490391615107,0.07618316883054455,0.08760077813109286,-1.2129786151839117,1.2129786151839117,0.4306254107825734,0.5693738472555564,0.20101673614253282,0.20101673614253282,0.6587880253791809,0.4004989564418793,0.4261210858821869,False,mix_corr<0.95;mix_nmse_db>-10.0,/nas/home/pcallandrone/DeepLearning/dataset/processed/v1_real_ssl_pseudo_from_mixed_noaug/all/M_M0098_s015_orig.wav,/nas/home/pcallandrone/DeepLearning/dataset/processed/v1_real_ssl_pseudo_from_mixed_noaug/all/H_M0098_s015_orig.wav,/nas/home/pcallandrone/DeepLearning/dataset/processed/v1_real_ssl_pseudo_from_mixed_noaug/all/L_M0098_s015_orig.wav,,,
M0098_s020_orig,M0098,20,/nas/home/pcallandrone/DeepLearning/dataset/processed/M1_segmented_only/M_M0098_s020_orig.wav,/nas/home/pcallandrone/DeepLearning/outputs/checkpoints/EXP_H_FULL_TO_TORABI_FOLD2_MIXED_REPLAY005_NOAUG/finetune_fold1_best.pt,EXP_H_FULL_TO_TORABI_FOLD2_MIXED_REPLAY005_NOAUG,4000,8000,teacher_generated_not_ground_truth,False,True,True,6.385631210873388,8.052038331342857,3.864937925073585,-0.6058918472576557,1.0,-0.9454576676210612,1.0,-0.6058918472576557,-0.9454576676210612,0.6058918472576557,0.9454576676210612,0.6058918472576557,-3.1487418860542267,0.9454576676210612,3.864937925073585,-9.742445078589592,0.9454576673603591,-0.48715824285382414,0.10610979906703435,-9.742445078589592,-0.48715824285382414,1.0000000393815878,0.0,0.9454576673603591,0.12395169898597388,0.07773019135798048,0.07484164601111064,0.3289281276481205,0.3289281276481205,0.518925133330053,0.4810740078043007,0.1796755619437851,0.1796755619437851,0.6582844257354736,0.43913501501083374,0.39669790863990784,False,mix_corr<0.95;mix_nmse_db>-10.0,/nas/home/pcallandrone/DeepLearning/dataset/processed/v1_real_ssl_pseudo_from_mixed_noaug/all/M_M0098_s020_orig.wav,/nas/home/pcallandrone/DeepLearning/dataset/processed/v1_real_ssl_pseudo_from_mixed_noaug/all/H_M0098_s020_orig.wav,/nas/home/pcallandrone/DeepLearning/dataset/processed/v1_real_ssl_pseudo_from_mixed_noaug/all/L_M0098_s020_orig.wav,,,
M0098_s021_orig,M0098,21,/nas/home/pcallandrone/DeepLearning/dataset/processed/M1_segmented_only/M_M0098_s021_orig.wav,/nas/home/pcallandrone/DeepLearning/outputs/checkpoints/EXP_H_FULL_TO_TORABI_FOLD2_MIXED_REPLAY005_NOAUG/finetune_fold1_best.pt,EXP_H_FULL_TO_TORABI_FOLD2_MIXED_REPLAY005_NOAUG,4000,8000,teacher_generated_not_ground_truth,False,True,True,6.70529956768167,8.264181852726079,4.2562742824071185,-0.5705842708036412,1.0,-0.9313943407081683,1.0,-0.5705842708036412,-0.9313943407081683,0.5705842708036412,0.9313943407081683,0.5705842708036412,-2.0492251031137583,0.9313943407081683,4.2562742824071185,-8.77769104115367,0.9313943407616728,-0.617327282949967,0.13250458184032082,-8.77769104115367,-0.617327282949967,0.9999999534630925,0.0,0.9313943407616728,0.12611646607303845,0.07287692912883736,0.08243965327066194,-1.0709218476125146,1.0709218476125146,0.43866290989268136,0.5613362641629681,0.14068875994277188,0.14068875994277188,0.6715213656425476,0.40897321701049805,0.4739125072956085,False,mix_corr<0.95;mix_nmse_db>-10.0,/nas/home/pcallandrone/DeepLearning/dataset/processed/v1_real_ssl_pseudo_from_mixed_noaug/all/M_M0098_s021_orig.wav,/nas/home/pcallandrone/DeepLearning/dataset/processed/v1_real_ssl_pseudo_from_mixed_noaug/all/H_M0098_s021_orig.wav,/nas/home/pcallandrone/DeepLearning/dataset/processed/v1_real_ssl_pseudo_from_mixed_noaug/all/L_M0098_s021_orig.wav,,,
M0098_s022_orig,M0098,22,/nas/home/pcallandrone/DeepLearning/dataset/processed/M1_segmented_only/M_M0098_s022_orig.wav,/nas/home/pcallandrone/DeepLearning/outputs/checkpoints/EXP_H_FULL_TO_TORABI_FOLD2_MIXED_REPLAY005_NOAUG/finetune_fold1_best.pt,EXP_H_FULL_TO_TORABI_FOLD2_MIXED_REPLAY005_NOAUG,4000,8000,teacher_generated_not_ground_truth,False,True,True,6.899425056200096,8.388129015599773,4.489176673971763,-0.549208605471255,1.0,-0.9208656174233155,1.0,-0.549208605471255,-0.9208656174233155,0.549208605471255,0.9208656174233155,0.549208605471255,-1.4067378589123682,0.9208656174233155,4.489176673971763,-8.181377975809779,0.9208656171040037,-0.7160746972199126,0.1520065150740816,-8.181377975809779,-0.7160746972199126,1.0000000411270584,0.0,0.9208656171040037,0.12419170281718028,0.06978793185400935,0.08163264259765399,-1.3616705462389334,1.3616705462389334,0.422251454632839,0.5777476783843288,0.13558637766066983,0.13558637766066983,0.6715213656425476,0.39394140243530273,0.5220916867256165,False,mix_corr<0.95;mix_nmse_db>-10.0,/nas/home/pcallandrone/DeepLearning/dataset/processed/v1_real_ssl_pseudo_from_mixed_noaug/all/M_M0098_s022_orig.wav,/nas/home/pcallandrone/DeepLearning/dataset/processed/v1_real_ssl_pseudo_from_mixed_noaug/all/H_M0098_s022_orig.wav,/nas/home/pcallandrone/DeepLearning/dataset/processed/v1_real_ssl_pseudo_from_mixed_noaug/all/L_M0098_s022_orig.wav,,,
M0098_s023_orig,M0098,23,/nas/home/pcallandrone/DeepLearning/dataset/processed/M1_segmented_only/M_M0098_s023_orig.wav,/nas/home/pcallandrone/DeepLearning/outputs/checkpoints/EXP_H_FULL_TO_TORABI_FOLD2_MIXED_REPLAY005_NOAUG/finetune_fold1_best.pt,EXP_H_FULL_TO_TORABI_FOLD2_MIXED_REPLAY005_NOAUG,4000,8000,teacher_generated_not_ground_truth,False,True,True,6.930503425016995,8.407647824856934,4.505577594253893,-0.5507602210422602,1.0,-0.9252125959336958,1.0,-0.5507602210422602,-0.9252125959336958,0.5507602210422602,0.9252125959336958,0.5507602210422602,-1.466007289095442,0.9252125959336958,4.505577594253893,-8.416928482928245,0.925212596112704,-0.675168964080281,0.14398165183186393,-8.416928482928245,-0.675168964080281,1.0000000201750958,0.0,0.925212596112704,0.12385098070633739,0.0698130697381085,0.08124381061355689,-1.3170710080072014,1.3170710080072014,0.4247587097723359,0.5752404187247904,0.145993380846107,0.145993380846107,0.6715213656425476,0.4001063108444214,0.5053545236587524,False,mix_corr<0.95;mix_nmse_db>-10.0,/nas/home/pcallandrone/DeepLearning/dataset/processed/v1_real_ssl_pseudo_from_mixed_noaug/all/M_M0098_s023_orig.wav,/nas/home/pcallandrone/DeepLearning/dataset/processed/v1_real_ssl_pseudo_from_mixed_noaug/all/H_M0098_s023_orig.wav,/nas/home/pcallandrone/DeepLearning/dataset/processed/v1_real_ssl_pseudo_from_mixed_noaug/all/L_M0098_s023_orig.wav,,,
M0098_s024_orig,M0098,24,/nas/home/pcallandrone/DeepLearning/dataset/processed/M1_segmented_only/M_M0098_s024_orig.wav,/nas/home/pcallandrone/DeepLearning/outputs/checkpoints/EXP_H_FULL_TO_TORABI_FOLD2_MIXED_REPLAY005_NOAUG/finetune_fold1_best.pt,EXP_H_FULL_TO_TORABI_FOLD2_MIXED_REPLAY005_NOAUG,4000,8000,teacher_generated_not_ground_truth,False,True,True,6.655212594946892,8.2316193318975,4.309303157358069,-0.5483069067895985,1.0,-0.9005108773760625,1.0,-0.5483069067895985,-0.9005108773760625,0.5483069067895985,0.9005108773760625,0.5483069067895985,-1.31118899758556,0.9005108773760625,4.309303157358069,-7.233540379002065,0.9005108769010771,-0.9102204672765511,0.18908016042140838,-7.233540379002065,-0.9102204672765511,1.0000000439130448,0.0,0.9005108769010771,0.12413066840176604,0.06894516822752111,0.07839355651902656,-1.1155306424641318,1.1155306424641318,0.4361352416644266,0.5638638408198621,0.1476471685044411,0.1476471685044411,0.6715213656425476,0.3858417570590973,0.5570057034492493,False,mix_corr<0.95;mix_nmse_db>-10.0,/nas/home/pcallandrone/DeepLearning/dataset/processed/v1_real_ssl_pseudo_from_mixed_noaug/all/M_M0098_s024_orig.wav,/nas/home/pcallandrone/DeepLearning/dataset/processed/v1_real_ssl_pseudo_from_mixed_noaug/all/H_M0098_s024_orig.wav,/nas/home/pcallandrone/DeepLearning/dataset/processed/v1_real_ssl_pseudo_from_mixed_noaug/all/L_M0098_s024_orig.wav,,,
M0098_s025_orig,M0098,25,/nas/home/pcallandrone/DeepLearning/dataset/processed/M1_segmented_only/M_M0098_s025_orig.wav,/nas/home/pcallandrone/DeepLearning/outputs/checkpoints/EXP_H_FULL_TO_TORABI_FOLD2_MIXED_REPLAY005_NOAUG/finetune_fold1_best.pt,EXP_H_FULL_TO_TORABI_FOLD2_MIXED_REPLAY005_NOAUG,4000,8000,teacher_generated_not_ground_truth,False,True,True,6.672563184482725,8.242926949424628,4.305152325388751,-0.5525287043067825,1.0,-0.9070109783803387,1.0,-0.5525287043067825,-0.9070109783803387,0.5525287043067825,0.9070109783803387,0.5525287043067825,-1.4454229340770743,0.9070109783803387,4.305152325388751,-7.512151296455518,0.9070109785654914,-0.8477489503250044,0.1773310846111072,-7.512151296455518,-0.8477489503250044,1.000000045285784,0.0,0.9070109785654914,0.12857858612787848,0.06953890062212044,0.0838236626746559,-1.6227762600372653,1.6227762600372653,0.40765706246277855,0.5923420945144033,0.1491406634332685,0.1491406634332685,0.7400144934654236,0.38494718074798584,0.7083094120025635,False,mix_corr<0.95;mix_nmse_db>-10.0,/nas/home/pcallandrone/DeepLearning/dataset/processed/v1_real_ssl_pseudo_from_mixed_noaug/all/M_M0098_s025_orig.wav,/nas/home/pcallandrone/DeepLearning/dataset/processed/v1_real_ssl_pseudo_from_mixed_noaug/all/H_M0098_s025_orig.wav,/nas/home/pcallandrone/DeepLearning/dataset/processed/v1_real_ssl_pseudo_from_mixed_noaug/all/L_M0098_s025_orig.wav,,,
M0103_s001_orig,M0103,1,/nas/home/pcallandrone/DeepLearning/dataset/processed/M1_segmented_only/M_M0103_s001_orig.wav,/nas/home/pcallandrone/DeepLearning/outputs/checkpoints/EXP_H_FULL_TO_TORABI_FOLD2_MIXED_REPLAY005_NOAUG/finetune_fold1_best.pt,EXP_H_FULL_TO_TORABI_FOLD2_MIXED_REPLAY005_NOAUG,4000,8000,teacher_generated_not_ground_truth,False,True,True,9.466255887581912,9.761782399442279,6.498175922664311,-0.4480764766546107,1.0,-0.9468063383457443,1.0,-0.4480764766546107,-0.9468063383457443,0.4480764766546107,0.9468063383457443,0.4480764766546107,1.6544417762850179,0.9468063383457443,6.498175922664311,-9.848173638419826,0.9468063384220622,-0.47477602746329167,0.1035577572040908,-9.848173638419826,-0.47477602746329167,0.9999999773392149,0.0,0.9468063384220622,0.08836482158040036,0.06381716595792633,0.038687931147296316,4.347240150612093,4.347240150612093,0.731251677608983,0.26874652686439876,0.28966891764099423,0.28966891764099423,0.671715497970581,0.5005075335502625,0.28733301162719727,False,mix_corr<0.95;mix_nmse_db>-10.0,/nas/home/pcallandrone/DeepLearning/dataset/processed/v1_real_ssl_pseudo_from_mixed_noaug/all/M_M0103_s001_orig.wav,/nas/home/pcallandrone/DeepLearning/dataset/processed/v1_real_ssl_pseudo_from_mixed_noaug/all/H_M0103_s001_orig.wav,/nas/home/pcallandrone/DeepLearning/dataset/processed/v1_real_ssl_pseudo_from_mixed_noaug/all/L_M0103_s001_orig.wav,,,
M0103_s002_orig,M0103,2,/nas/home/pcallandrone/DeepLearning/dataset/processed/M1_segmented_only/M_M0103_s002_orig.wav,/nas/home/pcallandrone/DeepLearning/outputs/checkpoints/EXP_H_FULL_TO_TORABI_FOLD2_MIXED_REPLAY005_NOAUG/finetune_fold1_best.pt,EXP_H_FULL_TO_TORABI_FOLD2_MIXED_REPLAY005_NOAUG,4000,8000,teacher_generated_not_ground_truth,False,True,True,10.515362102415176,10.218242324548754,7.153829530295852,-0.41624549232435354,1.0,-0.948508615374183,1.0,-0.41624549232435354,-0.948508615374183,0.41624549232435354,0.948508615374183,0.41624549232435354,2.7179620460508938,0.948508615374183,7.153829530295852,-9.985630985490205,0.9485086150909349,-0.45917373130896744,0.10033140672793232,-9.985630985490205,-0.45917373130896744,1.0000000053507603,0.0,0.9485086150909349,0.08210695056016322,0.05971309926146066,0.03518035823476356,4.595387105452211,4.595387105452211,0.7423309014876849,0.2576670166197507,0.30034060981463934,0.30034060981463934,0.671715497970581,0.5091767311096191,0.19670575857162476,False,mix_corr<0.95;mix_nmse_db>-10.0,/nas/home/pcallandrone/DeepLearning/dataset/processed/v1_real_ssl_pseudo_from_mixed_noaug/all/M_M0103_s002_orig.wav,/nas/home/pcallandrone/DeepLearning/dataset/processed/v1_real_ssl_pseudo_from_mixed_noaug/all/H_M0103_s002_orig.wav,/nas/home/pcallandrone/DeepLearning/dataset/processed/v1_real_ssl_pseudo_from_mixed_noaug/all/L_M0103_s002_orig.wav,,,
M0103_s003_orig,M0103,3,/nas/home/pcallandrone/DeepLearning/dataset/processed/M1_segmented_only/M_M0103_s003_orig.wav,/nas/home/pcallandrone/DeepLearning/outputs/checkpoints/EXP_H_FULL_TO_TORABI_FOLD2_MIXED_REPLAY005_NOAUG/finetune_fold1_best.pt,EXP_H_FULL_TO_TORABI_FOLD2_MIXED_REPLAY005_NOAUG,4000,8000,teacher_generated_not_ground_truth,False,True,True,9.418773642201662,9.739943597890147,6.47696819438396,-0.4473743002091085,1.0,-0.9430172801416323,1.0,-0.4473743002091085,-0.9430172801416323,0.4473743002091085,0.9430172801416323,0.4473743002091085,1.6662383030546204,0.9430172801416323,6.47696819438396,-9.557801602695518,0.943017279719936,-0.5096060384101371,0.1107184098393359,-9.557801602695518,-0.5096060384101371,0.9999999684263289,0.0,0.943017279719936,0.08968974421738173,0.06530554969452187,0.040409642101853466,4.169301707182947,4.169301707182947,0.7231240219192442,0.2768742825229127,0.2379459884060115,0.2379459884060115,0.8132568001747131,0.6080803275108337,0.35939687490463257,False,mix_corr<0.95;mix_nmse_db>-10.0,/nas/home/pcallandrone/DeepLearning/dataset/processed/v1_real_ssl_pseudo_from_mixed_noaug/all/M_M0103_s003_orig.wav,/nas/home/pcallandrone/DeepLearning/dataset/processed/v1_real_ssl_pseudo_from_mixed_noaug/all/H_M0103_s003_orig.wav,/nas/home/pcallandrone/DeepLearning/dataset/processed/v1_real_ssl_pseudo_from_mixed_noaug/all/L_M0103_s003_orig.wav,,,
M0103_s004_orig,M0103,4,/nas/home/pcallandrone/DeepLearning/dataset/processed/M1_segmented_only/M_M0103_s004_orig.wav,/nas/home/pcallandrone/DeepLearning/outputs/checkpoints/EXP_H_FULL_TO_TORABI_FOLD2_MIXED_REPLAY005_NOAUG/finetune_fold1_best.pt,EXP_H_FULL_TO_TORABI_FOLD2_MIXED_REPLAY005_NOAUG,4000,8000,teacher_generated_not_ground_truth,False,True,True,7.581543219391542,8.79757615058288,5.0774938610352605,-0.5222286709063346,1.0,-0.9369912892912297,1.0,-0.5222286709063346,-0.9369912892912297,0.5222286709063346,0.9369912892912297,0.5222286709063346,-0.6707879936923995,0.9369912892912297,5.0774938610352605,-9.134717373610503,0.9369912888846758,-0.5652885488116878,0.12204732430572865,-9.134717373610503,-0.5652885488116878,1.0000000249053858,0.0,0.9369912888846758,0.10020029655606151,0.07451978568588274,0.04297979418783603,4.780145314324823,4.780145314324823,0.7503844462442559,0.24961420249042937,0.22078602989651938,0.22078602989651938,0.9308080077171326,0.7142198085784912,0.2457878589630127,False,mix_corr<0.95;mix_nmse_db>-10.0,/nas/home/pcallandrone/DeepLearning/dataset/processed/v1_real_ssl_pseudo_from_mixed_noaug/all/M_M0103_s004_orig.wav,/nas/home/pcallandrone/DeepLearning/dataset/processed/v1_real_ssl_pseudo_from_mixed_noaug/all/H_M0103_s004_orig.wav,/nas/home/pcallandrone/DeepLearning/dataset/processed/v1_real_ssl_pseudo_from_mixed_noaug/all/L_M0103_s004_orig.wav,,,
M0103_s005_orig,M0103,5,/nas/home/pcallandrone/DeepLearning/dataset/processed/M1_segmented_only/M_M0103_s005_orig.wav,/nas/home/pcallandrone/DeepLearning/outputs/checkpoints/EXP_H_FULL_TO_TORABI_FOLD2_MIXED_REPLAY005_NOAUG/finetune_fold1_best.pt,EXP_H_FULL_TO_TORABI_FOLD2_MIXED_REPLAY005_NOAUG,4000,8000,teacher_generated_not_ground_truth,False,True,True,9.56290384136367,9.80589788801933,6.61543817264195,-0.43335506358874265,1.0,-0.9281452945266351,1.0,-0.43335506358874265,-0.9281452945266351,0.43335506358874265,0.9281452945266351,0.43335506358874265,2.0720939312251008,0.9281452945266351,6.61543817264195,-8.58405033089043,0.9281452949904758,-0.64767990769815,0.13854631111812488,-8.58405033089043,-0.64767990769815,1.0000000011632484,0.0,0.9281452949904758,0.09629383064173688,0.06244462547445532,0.05157516336196681,1.6610890583435642,1.6610890583435642,0.5944701765310839,0.4055282989249922,0.22177881516282785,0.22177881516282785,0.9308080077171326,0.6487576365470886,0.3002960979938507,False,mix_corr<0.95;mix_nmse_db>-10.0,/nas/home/pcallandrone/DeepLearning/dataset/processed/v1_real_ssl_pseudo_from_mixed_noaug/all/M_M0103_s005_orig.wav,/nas/home/pcallandrone/DeepLearning/dataset/processed/v1_real_ssl_pseudo_from_mixed_noaug/all/H_M0103_s005_orig.wav,/nas/home/pcallandrone/DeepLearning/dataset/processed/v1_real_ssl_pseudo_from_mixed_noaug/all/L_M0103_s005_orig.wav,,,
M0103_s006_orig,M0103,6,/nas/home/pcallandrone/DeepLearning/dataset/processed/M1_segmented_only/M_M0103_s006_orig.wav,/nas/home/pcallandrone/DeepLearning/outputs/checkpoints/EXP_H_FULL_TO_TORABI_FOLD2_MIXED_REPLAY005_NOAUG/finetune_fold1_best.pt,EXP_H_FULL_TO_TORABI_FOLD2_MIXED_REPLAY005_NOAUG,4000,8000,teacher_generated_not_ground_truth,False,True,True,7.7940138822535046,8.9176117499795,5.27287457845477,-0.5088085653790558,1.0,-0.9336804177008323,1.0,-0.5088085653790558,-0.9336804177008323,0.5088085653790558,0.9336804177008323,0.5088085653790558,-0.26559458590623275,0.9336804177008323,5.27287457845477,-8.919735168161896,0.9336804173247457,-0.5960347496636458,0.12824087812825416,-8.919735168161896,-0.5960347496636458,1.0000000234626982,0.0,0.9336804173247457,0.11903976829404299,0.07103277944239234,0.07090152632482528,0.01606448015016609,0.01606448015016609,0.5009242474489204,0.49907475976783844,0.22641142204807083,0.22641142204807083,0.949999988079071,0.6193073987960815,0.4656178653240204,False,mix_corr<0.95;mix_nmse_db>-10.0,/nas/home/pcallandrone/DeepLearning/dataset/processed/v1_real_ssl_pseudo_from_mixed_noaug/all/M_M0103_s006_orig.wav,/nas/home/pcallandrone/DeepLearning/dataset/processed/v1_real_ssl_pseudo_from_mixed_noaug/all/H_M0103_s006_orig.wav,/nas/home/pcallandrone/DeepLearning/dataset/processed/v1_real_ssl_pseudo_from_mixed_noaug/all/L_M0103_s006_orig.wav,,,
M0103_s009_orig,M0103,9,/nas/home/pcallandrone/DeepLearning/dataset/processed/M1_segmented_only/M_M0103_s009_orig.wav,/nas/home/pcallandrone/DeepLearning/outputs/checkpoints/EXP_H_FULL_TO_TORABI_FOLD2_MIXED_REPLAY005_NOAUG/finetune_fold1_best.pt,EXP_H_FULL_TO_TORABI_FOLD2_MIXED_REPLAY005_NOAUG,4000,8000,teacher_generated_not_ground_truth,False,True,True,8.040194236303162,9.05266540631001,5.453729934300242,-0.5027240478564056,1.0,-0.9419248785113958,1.0,-0.5027240478564056,-0.9419248785113958,0.5027240478564056,0.9419248785113958,0.5027240478564056,-0.08386656183557023,0.9419248785113958,5.453729934300242,-9.47777444215943,0.9419248779803274,-0.5196741843229503,0.11277752406357044,-9.47777444215943,-0.5196741843229503,0.999999991916753,0.0,0.9419248779803274,0.11835285157788353,0.07201375238812588,0.07336604349843585,-0.1615931574438612,0.1615931574438612,0.49069855884983843,0.5093004949480774,0.17594243108198443,0.17594243108198443,0.949999988079071,0.6186980605125427,0.4102323353290558,False,mix_corr<0.95;mix_nmse_db>-10.0,/nas/home/pcallandrone/DeepLearning/dataset/processed/v1_real_ssl_pseudo_from_mixed_noaug/all/M_M0103_s009_orig.wav,/nas/home/pcallandrone/DeepLearning/dataset/processed/v1_real_ssl_pseudo_from_mixed_noaug/all/H_M0103_s009_orig.wav,/nas/home/pcallandrone/DeepLearning/dataset/processed/v1_real_ssl_pseudo_from_mixed_noaug/all/L_M0103_s009_orig.wav,,,
M0103_s011_orig,M0103,11,/nas/home/pcallandrone/DeepLearning/dataset/processed/M1_segmented_only/M_M0103_s011_orig.wav,/nas/home/pcallandrone/DeepLearning/outputs/checkpoints/EXP_H_FULL_TO_TORABI_FOLD2_MIXED_REPLAY005_NOAUG/finetune_fold1_best.pt,EXP_H_FULL_TO_TORABI_FOLD2_MIXED_REPLAY005_NOAUG,4000,8000,teacher_generated_not_ground_truth,False,True,True,8.498024170188929,9.293179619811669,5.8672485695036505,-0.4709384713711535,1.0,-0.9253941192219937,1.0,-0.4709384713711535,-0.9253941192219937,0.4709384713711535,0.9253941192219937,0.4709384713711535,0.8793261846134433,0.9253941192219937,5.8672485695036505,-8.427072965452014,0.9253941190102161,-0.6734646225393364,0.14364572428899747,-8.427072965452014,-0.6734646225393364,0.999999993833162,0.0,0.9253941190102161,0.10836289753177392,0.06931180228045639,0.0652025695006359,0.530849620137589,0.530849620137589,0.5305195844598811,0.4694793112402076,0.11066605465801305,0.11066605465801305,0.9012202620506287,0.6112669706344604,0.3992765545845032,False,mix_corr<0.95;mix_nmse_db>-10.0,/nas/home/pcallandrone/DeepLearning/dataset/processed/v1_real_ssl_pseudo_from_mixed_noaug/all/M_M0103_s011_orig.wav,/nas/home/pcallandrone/DeepLearning/dataset/processed/v1_real_ssl_pseudo_from_mixed_noaug/all/H_M0103_s011_orig.wav,/nas/home/pcallandrone/DeepLearning/dataset/processed/v1_real_ssl_pseudo_from_mixed_noaug/all/L_M0103_s011_orig.wav,,,
M0103_s012_orig,M0103,12,/nas/home/pcallandrone/DeepLearning/dataset/processed/M1_segmented_only/M_M0103_s012_orig.wav,/nas/home/pcallandrone/DeepLearning/outputs/checkpoints/EXP_H_FULL_TO_TORABI_FOLD2_MIXED_REPLAY005_NOAUG/finetune_fold1_best.pt,EXP_H_FULL_TO_TORABI_FOLD2_MIXED_REPLAY005_NOAUG,4000,8000,teacher_generated_not_ground_truth,False,True,True,10.783082564747328,10.327429305620747,7.352840067753758,-0.39983173895893587,1.0,-0.9322222698502209,1.0,-0.39983173895893587,-0.9322222698502209,0.39983173895893587,0.9322222698502209,0.39983173895893587,3.199471279097425,0.9322222698502209,7.352840067753758,-8.828559007076235,0.9322222704019001,-0.6096097068650878,0.13096163827899449,-8.828559007076235,-0.6096097068650878,0.999999992913507,0.0,0.9322222704019001,0.09310565495538053,0.05849657035955004,0.057607077791499935,0.13309117440036802,0.13309117440036802,0.5076599911646282,0.4923385252514113,0.11766075479467868,0.11766075479467868,0.8172551393508911,0.5480495691299438,0.37508130073547363,False,mix_corr<0.95;mix_nmse_db>-10.0,/nas/home/pcallandrone/DeepLearning/dataset/processed/v1_real_ssl_pseudo_from_mixed_noaug/all/M_M0103_s012_orig.wav,/nas/home/pcallandrone/DeepLearning/dataset/processed/v1_real_ssl_pseudo_from_mixed_noaug/all/H_M0103_s012_orig.wav,/nas/home/pcallandrone/DeepLearning/dataset/processed/v1_real_ssl_pseudo_from_mixed_noaug/all/L_M0103_s012_orig.wav,,,
M0103_s013_orig,M0103,13,/nas/home/pcallandrone/DeepLearning/dataset/processed/M1_segmented_only/M_M0103_s013_orig.wav,/nas/home/pcallandrone/DeepLearning/outputs/checkpoints/EXP_H_FULL_TO_TORABI_FOLD2_MIXED_REPLAY005_NOAUG/finetune_fold1_best.pt,EXP_H_FULL_TO_TORABI_FOLD2_MIXED_REPLAY005_NOAUG,4000,8000,teacher_generated_not_ground_truth,False,True,True,10.233523326301182,10.10025183832271,7.074287411223082,-0.40554141758668455,1.0,-0.9156927655030653,1.0,-0.40554141758668455,-0.9156927655030653,0.40554141758668455,0.9156927655030653,0.40554141758668455,2.9295673536381766,0.9156927655030653,7.074287411223082,-7.918093013373104,0.9156927661624613,-0.7650033611722837,0.161506757715805,-7.918093013373104,-0.7650033611722837,0.9999999970699847,0.0,0.9156927661624613,0.09399883349588092,0.056656375436753705,0.0550694984477824,0.24675332384253817,0.24675332384253817,0.5141996195090975,0.485798778595421,0.18688285417109668,0.18688285417109668,0.7468843460083008,0.47209587693214417,0.3565514385700226,False,mix_corr<0.95;mix_nmse_db>-10.0,/nas/home/pcallandrone/DeepLearning/dataset/processed/v1_real_ssl_pseudo_from_mixed_noaug/all/M_M0103_s013_orig.wav,/nas/home/pcallandrone/DeepLearning/dataset/processed/v1_real_ssl_pseudo_from_mixed_noaug/all/H_M0103_s013_orig.wav,/nas/home/pcallandrone/DeepLearning/dataset/processed/v1_real_ssl_pseudo_from_mixed_noaug/all/L_M0103_s013_orig.wav,,,
M0103_s014_orig,M0103,14,/nas/home/pcallandrone/DeepLearning/dataset/processed/M1_segmented_only/M_M0103_s014_orig.wav,/nas/home/pcallandrone/DeepLearning/outputs/checkpoints/EXP_H_FULL_TO_TORABI_FOLD2_MIXED_REPLAY005_NOAUG/finetune_fold1_best.pt,EXP_H_FULL_TO_TORABI_FOLD2_MIXED_REPLAY005_NOAUG,4000,8000,teacher_generated_not_ground_truth,False,True,True,7.214093385220913,8.581817598874778,4.700055743561816,-0.5527903708542967,1.0,-0.9496496385662392,1.0,-0.5527903708542967,-0.9496496385662392,0.5527903708542967,0.9496496385662392,0.5527903708542967,-1.621560313274006,0.9496496385662392,4.700055743561816,-10.080408377832795,0.9496496388775881,-0.44873176268044296,0.09816556311752163,-10.080408377832795,-0.44873176268044296,1.0000000469172856,0.0,0.9496496388775881,0.09759370757031116,0.07611657095737498,0.0363052495234612,6.43019578321407,6.43019578321407,0.8146631460794023,0.18533544780948752,0.26737852254263145,0.26737852254263145,0.7932650446891785,0.6151963472366333,0.29299527406692505,False,mix_corr<0.95,/nas/home/pcallandrone/DeepLearning/dataset/processed/v1_real_ssl_pseudo_from_mixed_noaug/all/M_M0103_s014_orig.wav,/nas/home/pcallandrone/DeepLearning/dataset/processed/v1_real_ssl_pseudo_from_mixed_noaug/all/H_M0103_s014_orig.wav,/nas/home/pcallandrone/DeepLearning/dataset/processed/v1_real_ssl_pseudo_from_mixed_noaug/all/L_M0103_s014_orig.wav,,,
M0103_s015_orig,M0103,15,/nas/home/pcallandrone/DeepLearning/dataset/processed/M1_segmented_only/M_M0103_s015_orig.wav,/nas/home/pcallandrone/DeepLearning/outputs/checkpoints/EXP_H_FULL_TO_TORABI_FOLD2_MIXED_REPLAY005_NOAUG/finetune_fold1_best.pt,EXP_H_FULL_TO_TORABI_FOLD2_MIXED_REPLAY005_NOAUG,4000,8000,teacher_generated_not_ground_truth,False,True,True,9.440625925602033,9.750007895335887,6.553814966565215,-0.43317421113967824,1.0,-0.9211992123472691,1.0,-0.43317421113967824,-0.9211992123472691,0.43317421113967824,0.9211992123472691,0.43317421113967824,2.053245439980476,0.9211992123472691,6.553814966565215,-8.198970411853521,0.9211992120982848,-0.7129275996357904,0.15139201131050922,-8.198970411853521,-0.7129275996357904,0.9999999709855377,0.0,0.9211992120982848,0.08839059564612425,0.059625535592029724,0.043491582253247264,2.740541705532907,2.740541705532907,0.6527224673511581,0.347275696685627,0.22816935658995594,0.22816935658995594,0.7932650446891785,0.54561847448349,0.29418376088142395,False,mix_corr<0.95;mix_nmse_db>-10.0,/nas/home/pcallandrone/DeepLearning/dataset/processed/v1_real_ssl_pseudo_from_mixed_noaug/all/M_M0103_s015_orig.wav,/nas/home/pcallandrone/DeepLearning/dataset/processed/v1_real_ssl_pseudo_from_mixed_noaug/all/H_M0103_s015_orig.wav,/nas/home/pcallandrone/DeepLearning/dataset/processed/v1_real_ssl_pseudo_from_mixed_noaug/all/L_M0103_s015_orig.wav,,,
M0103_s016_orig,M0103,16,/nas/home/pcallandrone/DeepLearning/dataset/processed/M1_segmented_only/M_M0103_s016_orig.wav,/nas/home/pcallandrone/DeepLearning/outputs/checkpoints/EXP_H_FULL_TO_TORABI_FOLD2_MIXED_REPLAY005_NOAUG/finetune_fold1_best.pt,EXP_H_FULL_TO_TORABI_FOLD2_MIXED_REPLAY005_NOAUG,4000,8000,teacher_generated_not_ground_truth,False,True,True,7.60582105268246,8.811461032545292,5.136201465557723,-0.5122234259704462,1.0,-0.9252724881136634,1.0,-0.5122234259704462,-0.9252724881136634,0.5122234259704462,0.9252724881136634,0.5122234259704462,-0.36103939979523414,0.9252724881136634,5.136201465557723,-8.420272715737974,0.9252724877640047,-0.6746064083704818,0.14387082315641872,-8.420272715737974,-0.6746064083704818,1.0000000072014577,0.0,0.9252724877640047,0.10397804696505074,0.07133107584207192,0.04901694355719668,3.2586509371490022,3.2586509371490022,0.6792501525653579,0.32074851246252134,0.2524313711855988,0.2524313711855988,0.7932650446891785,0.5481075644493103,0.27861449122428894,False,mix_corr<0.95;mix_nmse_db>-10.0,/nas/home/pcallandrone/DeepLearning/dataset/processed/v1_real_ssl_pseudo_from_mixed_noaug/all/M_M0103_s016_orig.wav,/nas/home/pcallandrone/DeepLearning/dataset/processed/v1_real_ssl_pseudo_from_mixed_noaug/all/H_M0103_s016_orig.wav,/nas/home/pcallandrone/DeepLearning/dataset/processed/v1_real_ssl_pseudo_from_mixed_noaug/all/L_M0103_s016_orig.wav,,,
M0103_s021_orig,M0103,21,/nas/home/pcallandrone/DeepLearning/dataset/processed/M1_segmented_only/M_M0103_s021_orig.wav,/nas/home/pcallandrone/DeepLearning/outputs/checkpoints/EXP_H_FULL_TO_TORABI_FOLD2_MIXED_REPLAY005_NOAUG/finetune_fold1_best.pt,EXP_H_FULL_TO_TORABI_FOLD2_MIXED_REPLAY005_NOAUG,4000,8000,teacher_generated_not_ground_truth,False,True,True,8.071799154398583,9.069703470814808,5.508740883586495,-0.49454760652377944,1.0,-0.9324923489801531,1.0,-0.49454760652377944,-0.9324923489801531,0.49454760652377944,0.9324923489801531,0.49454760652377944,0.16519239115422021,0.9324923489801531,5.508740883586495,-8.845292193644786,0.9324923487357757,-0.6070939312384894,0.13045801934364204,-8.845292193644786,-0.6070939312384894,1.0000000010228216,0.0,0.9324923487357757,0.11014602748115784,0.07380983779410567,0.05851202072054914,2.017383082522512,2.017383082522512,0.614085114542243,0.3859137582601234,0.19425447702857004,0.19425447702857004,0.8580381870269775,0.5917556881904602,0.4384704828262329,False,mix_corr<0.95;mix_nmse_db>-10.0,/nas/home/pcallandrone/DeepLearning/dataset/processed/v1_real_ssl_pseudo_from_mixed_noaug/all/M_M0103_s021_orig.wav,/nas/home/pcallandrone/DeepLearning/dataset/processed/v1_real_ssl_pseudo_from_mixed_noaug/all/H_M0103_s021_orig.wav,/nas/home/pcallandrone/DeepLearning/dataset/processed/v1_real_ssl_pseudo_from_mixed_noaug/all/L_M0103_s021_orig.wav,,,
M0103_s022_orig,M0103,22,/nas/home/pcallandrone/DeepLearning/dataset/processed/M1_segmented_only/M_M0103_s022_orig.wav,/nas/home/pcallandrone/DeepLearning/outputs/checkpoints/EXP_H_FULL_TO_TORABI_FOLD2_MIXED_REPLAY005_NOAUG/finetune_fold1_best.pt,EXP_H_FULL_TO_TORABI_FOLD2_MIXED_REPLAY005_NOAUG,4000,8000,teacher_generated_not_ground_truth,False,True,True,10.540245865935205,10.228507415191807,7.19562107939416,-0.40984428579337023,1.0,-0.9384262212906186,1.0,-0.40984428579337023,-0.9384262212906186,0.40984428579337023,0.9384262212906186,0.40984428579337023,2.889944083403991,0.9384262212906186,7.19562107939416,-9.231549213633198,0.9384262217021142,-0.5519967648168257,0.11935622614370525,-9.231549213633198,-0.5519967648168257,1.0000000126004909,0.0,0.9384262217021142,0.09470828354816219,0.06456426095525954,0.05003084872446291,2.2150862768929875,2.2150862768929875,0.6248154924628812,0.3751830086551986,0.1899971806290187,0.1899971806290187,0.8580381870269775,0.6083391308784485,0.3649158775806427,False,mix_corr<0.95;mix_nmse_db>-10.0,/nas/home/pcallandrone/DeepLearning/dataset/processed/v1_real_ssl_pseudo_from_mixed_noaug/all/M_M0103_s022_orig.wav,/nas/home/pcallandrone/DeepLearning/dataset/processed/v1_real_ssl_pseudo_from_mixed_noaug/all/H_M0103_s022_orig.wav,/nas/home/pcallandrone/DeepLearning/dataset/processed/v1_real_ssl_pseudo_from_mixed_noaug/all/L_M0103_s022_orig.wav,,,
M0103_s023_orig,M0103,23,/nas/home/pcallandrone/DeepLearning/dataset/processed/M1_segmented_only/M_M0103_s023_orig.wav,/nas/home/pcallandrone/DeepLearning/outputs/checkpoints/EXP_H_FULL_TO_TORABI_FOLD2_MIXED_REPLAY005_NOAUG/finetune_fold1_best.pt,EXP_H_FULL_TO_TORABI_FOLD2_MIXED_REPLAY005_NOAUG,4000,8000,teacher_generated_not_ground_truth,False,True,True,9.596885631150917,9.821303192222313,6.620066475860437,-0.43606099759321704,1.0,-0.9344385475886025,1.0,-0.43606099759321704,-0.9344385475886025,0.43606099759321704,0.9344385475886025,0.43606099759321704,2.006378731588302,0.9344385475886025,6.620066475860437,-8.967964952194807,0.9344385473136809,-0.5889844645907648,0.12682460103298274,-8.967964952194807,-0.5889844645907648,1.0000000042589776,0.0,0.9344385473136809,0.09770590116037212,0.06835764740393138,0.05107565951424199,2.531462489304372,2.531462489304372,0.6417314216526612,0.3582672050041141,0.15097654954954026,0.15097654954954026,0.8156557679176331,0.5850682854652405,0.3380240499973297,False,mix_corr<0.95;mix_nmse_db>-10.0,/nas/home/pcallandrone/DeepLearning/dataset/processed/v1_real_ssl_pseudo_from_mixed_noaug/all/M_M0103_s023_orig.wav,/nas/home/pcallandrone/DeepLearning/dataset/processed/v1_real_ssl_pseudo_from_mixed_noaug/all/H_M0103_s023_orig.wav,/nas/home/pcallandrone/DeepLearning/dataset/processed/v1_real_ssl_pseudo_from_mixed_noaug/all/L_M0103_s023_orig.wav,,,
M0103_s024_orig,M0103,24,/nas/home/pcallandrone/DeepLearning/dataset/processed/M1_segmented_only/M_M0103_s024_orig.wav,/nas/home/pcallandrone/DeepLearning/outputs/checkpoints/EXP_H_FULL_TO_TORABI_FOLD2_MIXED_REPLAY005_NOAUG/finetune_fold1_best.pt,EXP_H_FULL_TO_TORABI_FOLD2_MIXED_REPLAY005_NOAUG,4000,8000,teacher_generated_not_ground_truth,False,True,True,8.375614664741635,9.23016688629486,5.7714412843026155,-0.47639109162025056,1.0,-0.9258397850288188,1.0,-0.47639109162025056,-0.9258397850288188,0.47639109162025056,0.9258397850288188,0.47639109162025056,0.7127085582567292,0.9258397850288188,5.7714412843026155,-8.452088654967332,0.9258397848887353,-0.6692828286816292,0.14282069249329646,-8.452088654967332,-0.6692828286816292,1.00000003023385,0.0,0.9258397848887353,0.10552615953233085,0.07349052457409012,0.05408999639540822,2.6622878975357556,2.6622878975357556,0.6486273511687339,0.351371447860148,0.15330185109823333,0.15330185109823333,0.8580381870269775,0.5939901471138,0.366366982460022,False,mix_corr<0.95;mix_nmse_db>-10.0,/nas/home/pcallandrone/DeepLearning/dataset/processed/v1_real_ssl_pseudo_from_mixed_noaug/all/M_M0103_s024_orig.wav,/nas/home/pcallandrone/DeepLearning/dataset/processed/v1_real_ssl_pseudo_from_mixed_noaug/all/H_M0103_s024_orig.wav,/nas/home/pcallandrone/DeepLearning/dataset/processed/v1_real_ssl_pseudo_from_mixed_noaug/all/L_M0103_s024_orig.wav,,,
M0103_s025_orig,M0103,25,/nas/home/pcallandrone/DeepLearning/dataset/processed/M1_segmented_only/M_M0103_s025_orig.wav,/nas/home/pcallandrone/DeepLearning/outputs/checkpoints/EXP_H_FULL_TO_TORABI_FOLD2_MIXED_REPLAY005_NOAUG/finetune_fold1_best.pt,EXP_H_FULL_TO_TORABI_FOLD2_MIXED_REPLAY005_NOAUG,4000,8000,teacher_generated_not_ground_truth,False,True,True,9.373757004514799,9.719136911336063,6.447561730234661,-0.44871069061213936,1.0,-0.9426374694239855,1.0,-0.44871069061213936,-0.9426374694239855,0.44871069061213936,0.9426374694239855,0.44871069061213936,1.621768452826181,0.9426374694239855,6.447561730234661,-9.529799371146495,0.9426374693277264,-0.5131056015767262,0.11143460112890007,-9.529799371146495,-0.5131056015767262,1.0000000241994158,0.0,0.9426374693277264,0.09268825911959228,0.06949506540621832,0.039945228706732804,4.809781118855991,4.809781118855991,0.7516602696018261,0.2483381740252765,0.21768697308308993,0.21768697308308993,0.8580381870269775,0.6361976861953735,0.32506513595581055,False,mix_corr<0.95;mix_nmse_db>-10.0,/nas/home/pcallandrone/DeepLearning/dataset/processed/v1_real_ssl_pseudo_from_mixed_noaug/all/M_M0103_s025_orig.wav,/nas/home/pcallandrone/DeepLearning/dataset/processed/v1_real_ssl_pseudo_from_mixed_noaug/all/H_M0103_s025_orig.wav,/nas/home/pcallandrone/DeepLearning/dataset/processed/v1_real_ssl_pseudo_from_mixed_noaug/all/L_M0103_s025_orig.wav,,,
M0104_s025_orig,M0104,25,/nas/home/pcallandrone/DeepLearning/dataset/processed/M1_segmented_only/M_M0104_s025_orig.wav,/nas/home/pcallandrone/DeepLearning/outputs/checkpoints/EXP_H_FULL_TO_TORABI_FOLD2_MIXED_REPLAY005_NOAUG/finetune_fold1_best.pt,EXP_H_FULL_TO_TORABI_FOLD2_MIXED_REPLAY005_NOAUG,4000,8000,teacher_generated_not_ground_truth,False,True,True,6.282944682010478,7.981632360006186,3.762853282043148,-0.6106074312231702,1.0,-0.9416832199171069,1.0,-0.6106074312231702,-0.9416832199171069,0.6106074312231702,0.9416832199171069,0.6106074312231702,-3.2434825563901253,0.9416832199171069,3.762853282043148,-9.460280870679966,0.941683220002462,-0.5219028085276598,0.1132327130028913,-9.460280870679966,-0.5219028085276598,0.999999977553077,0.0,0.941683220002462,0.12377573745753603,0.07177586733630248,0.07664781289525546,-0.5704263561848621,0.5704263561848621,0.4672103211846243,0.5327887719234613,0.2325756749196157,0.2325756749196157,0.949999988079071,0.6004424691200256,0.5024552941322327,False,mix_corr<0.95;mix_nmse_db>-10.0,/nas/home/pcallandrone/DeepLearning/dataset/processed/v1_real_ssl_pseudo_from_mixed_noaug/all/M_M0104_s025_orig.wav,/nas/home/pcallandrone/DeepLearning/dataset/processed/v1_real_ssl_pseudo_from_mixed_noaug/all/H_M0104_s025_orig.wav,/nas/home/pcallandrone/DeepLearning/dataset/processed/v1_real_ssl_pseudo_from_mixed_noaug/all/L_M0104_s025_orig.wav,,,
M0109_s025_orig,M0109,25,/nas/home/pcallandrone/DeepLearning/dataset/processed/M1_segmented_only/M_M0109_s025_orig.wav,/nas/home/pcallandrone/DeepLearning/outputs/checkpoints/EXP_H_FULL_TO_TORABI_FOLD2_MIXED_REPLAY005_NOAUG/finetune_fold1_best.pt,EXP_H_FULL_TO_TORABI_FOLD2_MIXED_REPLAY005_NOAUG,4000,8000,teacher_generated_not_ground_truth,False,True,True,4.2404068412946705,6.274075265108693,0.7212761516630639,-0.87227739309172,1.0,-0.9478037767677812,1.0,-0.87227739309172,-0.9478037767677812,0.87227739309172,0.9478037767677812,0.87227739309172,-9.174720281608556,0.9478037767677812,0.7212761516630639,-9.928157151234153,0.9478037765487838,-0.4656312627363086,0.10166800108188327,-9.928157151234153,-0.4656312627363086,1.0000000129781448,0.0,0.9478037765487838,0.17892982263051066,0.11355534455102279,0.1014509604243196,0.9790283313159198,0.9790283313159198,0.5561197012767056,0.4438798674494481,0.2419117893425531,0.2419117893425531,0.949999988079071,0.5936047434806824,0.6956300139427185,False,mix_corr<0.95;mix_nmse_db>-10.0,/nas/home/pcallandrone/DeepLearning/dataset/processed/v1_real_ssl_pseudo_from_mixed_noaug/all/M_M0109_s025_orig.wav,/nas/home/pcallandrone/DeepLearning/dataset/processed/v1_real_ssl_pseudo_from_mixed_noaug/all/H_M0109_s025_orig.wav,/nas/home/pcallandrone/DeepLearning/dataset/processed/v1_real_ssl_pseudo_from_mixed_noaug/all/L_M0109_s025_orig.wav,,,
M0109_s026_orig,M0109,26,/nas/home/pcallandrone/DeepLearning/dataset/processed/M1_segmented_only/M_M0109_s026_orig.wav,/nas/home/pcallandrone/DeepLearning/outputs/checkpoints/EXP_H_FULL_TO_TORABI_FOLD2_MIXED_REPLAY005_NOAUG/finetune_fold1_best.pt,EXP_H_FULL_TO_TORABI_FOLD2_MIXED_REPLAY005_NOAUG,4000,8000,teacher_generated_not_ground_truth,False,True,True,4.042469217510142,6.0664672153666155,0.33006717945953146,-0.9099037652943378,1.0,-0.9451458367055523,1.0,-0.9099037652943378,-0.9451458367055523,0.9099037652943378,0.9451458367055523,0.9099037652943378,-9.375772818817406,0.9451458367055523,0.33006717945953146,-9.718382368768696,0.9451458366534656,-0.49002336242481837,0.10669934738639802,-9.718382368768696,-0.49002336242481837,1.0000000023812101,0.0,0.9451458366534656,0.18854032259095876,0.11771421405478547,0.10636856051214162,0.8803125067501306,0.8803125067501306,0.5505018458338087,0.4494977568822919,0.26290330162408115,0.26290330162408115,0.949999988079071,0.5572147369384766,0.6660887002944946,False,mix_corr<0.95;mix_nmse_db>-10.0,/nas/home/pcallandrone/DeepLearning/dataset/processed/v1_real_ssl_pseudo_from_mixed_noaug/all/M_M0109_s026_orig.wav,/nas/home/pcallandrone/DeepLearning/dataset/processed/v1_real_ssl_pseudo_from_mixed_noaug/all/H_M0109_s026_orig.wav,/nas/home/pcallandrone/DeepLearning/dataset/processed/v1_real_ssl_pseudo_from_mixed_noaug/all/L_M0109_s026_orig.wav,,,
