patient_id,recording_code,session_id,chest_location,acquisition_mode,device,record_id,source_path,annotation_path,orig_sr,orig_duration_sec,raw_rms,raw_peak,raw_clip_ratio,raw_dc_offset,fixed_rms,fixed_peak,fixed_clip_ratio,crest_factor_db,zero_ratio,seg_count,seg_rms_min,seg_rms_p10,seg_rms_median,seg_rms_cv,bad_segment_count,max_segment_clip_ratio,max_segment_peak,was_repeated_to_15s,crop_start_sec,crop_lung_class,n_cycles_crop,crop_cycle_coverage_sec,crop_normal_fraction,lung_band_ratio_50_1800,mid_lung_ratio_100_1000,low_drift_ratio_0_50,ultra_high_ratio_1800_2000,spectral_centroid_hz,annotation_error,passes_hard_quality,quality_error,score_rms,score_seg_p10,score_lung_band,score_mid_lung,score_seg_stability,score_low_drift,score_ultra_high,score_zero,score_clip,score_cycle_coverage,score_n_cycles,score_normal_fraction,score_centroid,score_crest,quality_score
101,1b1,101_1b1,Al,sc,Meditron,101_1b1_Al_sc_Meditron,/nas/home/pcallandrone/DeepLearning/dataset/ICBHI_2017/ICBHI_final_database/101_1b1_Al_sc_Meditron.wav,/nas/home/pcallandrone/DeepLearning/dataset/ICBHI_2017/ICBHI_final_database/101_1b1_Al_sc_Meditron.txt,44100,20.0,0.06038185406445701,0.4147913157939911,0.0,-2.690717883524485e-05,0.06119062741615812,0.41383084654808044,0.0,16.60275904939724,0.031266666666666665,27,0.045697914289782954,0.05040617600098027,0.05800827204193526,0.13538650948420533,0,0.0,0.41383084654808044,False,0.0,normal,10,14.964,1.0,0.13119119778990118,0.024629635057916932,0.8689840801695448,7.286623040038193e-08,27.622131556704613,,False,,0.1956521739130435,0.22717391304347825,0.5119565217391304,0.4608695652173913,0.41195652173913044,0.5184782608695652,0.8793478260869565,0.39891304347826084,0.7516304347826087,0.871195652173913,0.9652173913043478,0.8347826086956521,0.4369565217391304,0.8717391304347826,0.5537934782608696
101,1b1,101_1b1,Pr,sc,Meditron,101_1b1_Pr_sc_Meditron,/nas/home/pcallandrone/DeepLearning/dataset/ICBHI_2017/ICBHI_final_database/101_1b1_Pr_sc_Meditron.wav,/nas/home/pcallandrone/DeepLearning/dataset/ICBHI_2017/ICBHI_final_database/101_1b1_Pr_sc_Meditron.txt,44100,20.0,0.036674222257181484,0.15966135263442993,0.0,-3.701230889419094e-05,0.03589180804778354,0.14557413756847382,0.0,12.1617777644588,0.017566666666666668,27,0.028283237935481095,0.028786637012446374,0.0343833970624774,0.1524257894614605,0,0.0,0.14557413756847382,False,0.0,normal,8,14.963999999999999,1.0,0.014886332801643445,0.002700587350496791,0.985117836161528,9.266692811346592e-08,14.737275948506676,,False,,0.10869565217391304,0.12065217391304348,0.06630434782608696,0.0782608695652174,0.36630434782608695,0.07608695652173914,0.8684782608695653,0.8880434782608696,0.7516304347826087,0.845108695652174,0.8864130434782609,0.8347826086956521,0.125,0.32282608695652176,0.3853315217391304
102,1b1,102_1b1,Ar,sc,Meditron,102_1b1_Ar_sc_Meditron,/nas/home/pcallandrone/DeepLearning/dataset/ICBHI_2017/ICBHI_final_database/102_1b1_Ar_sc_Meditron.wav,/nas/home/pcallandrone/DeepLearning/dataset/ICBHI_2017/ICBHI_final_database/102_1b1_Ar_sc_Meditron.txt,44100,20.0,0.0238487315776522,0.12924639880657196,0.0,-9.601483907317743e-05,0.02439259082395496,0.1291324645280838,0.0,14.475550144505736,0.023666666666666666,27,0.016828708867730798,0.01934385302297312,0.023596824866243444,0.16079867319392516,0,0.0,0.1291324645280838,False,0.0,normal,10,14.735999999999999,1.0,0.022311361619099995,0.010911793157597353,0.9777275901132066,2.6192152395826216e-07,13.094331916603496,,False,,0.075,0.07608695652173914,0.10217391304347827,0.23043478260869565,0.33043478260869563,0.1108695652173913,0.7934782608695652,0.6646739130434782,0.7516304347826087,0.5858695652173913,0.9652173913043478,0.8347826086956521,0.09239130434782608,0.6369565217391304,0.3628695652173912
103,2b2,103_2b2,Ar,mc,LittC2SE,103_2b2_Ar_mc_LittC2SE,/nas/home/pcallandrone/DeepLearning/dataset/ICBHI_2017/ICBHI_final_database/103_2b2_Ar_mc_LittC2SE.wav,/nas/home/pcallandrone/DeepLearning/dataset/ICBHI_2017/ICBHI_final_database/103_2b2_Ar_mc_LittC2SE.txt,44100,20.0,0.28052099510771905,1.0006251335144043,0.0014693877551020407,0.0006251042941585183,0.2855728745361488,0.9994992613792419,0.0005,10.8813104850801,0.01505,27,0.20084095292111367,0.21194612965587534,0.2902515630172514,0.1517385172466644,0,0.00375,0.9994992613792419,False,0.0,wheezes,5,14.636000000000001,0.23134736266739553,0.0009903074476753711,0.00018612289791545032,0.9990114061604,7.637731402350527e-08,9.965590176235542,,False,,0.8065217391304348,0.7565217391304347,0.002173913043478261,0.002173913043478261,0.3684782608695652,0.002173913043478261,0.8771739130434782,0.9532608695652174,0.3739130434782609,0.532608695652174,0.4320652173913043,0.41630434782608694,0.03695652173913044,0.20326086956521738,0.4880489130434783
104,1b1,104_1b1,Al,sc,Litt3200,104_1b1_Al_sc_Litt3200,/nas/home/pcallandrone/DeepLearning/dataset/ICBHI_2017/ICBHI_final_database/104_1b1_Al_sc_Litt3200.wav,/nas/home/pcallandrone/DeepLearning/dataset/ICBHI_2017/ICBHI_final_database/104_1b1_Al_sc_Litt3200.txt,4000,15.856,0.08649507768999404,1.0057998895645142,1.5766902119071645e-05,0.0057998825795948505,0.08813608096530279,1.0057998895645142,1.6666666666666667e-05,21.147156954455344,0.08066666666666666,27,0.04296621445116574,0.04488406321607546,0.09225499696359099,0.3407298291718038,0,0.000125,1.0057998895645142,False,0.0,normal,6,15.0,1.0,0.17777835991752422,0.1444174465939269,0.822240617976706,1.2497621653080705e-09,58.773283097181846,,False,,0.3032608695652174,0.18369565217391304,0.6206521739130435,0.883695652173913,0.08152173913043478,0.6326086956521739,0.9760869565217392,0.06630434782608696,0.4907608695652174,0.9891304347826086,0.6375,0.8347826086956521,0.8608695652173913,0.6760869565217391,0.5773369565217392
104,1b1,104_1b1,Ar,sc,Litt3200,104_1b1_Ar_sc_Litt3200,/nas/home/pcallandrone/DeepLearning/dataset/ICBHI_2017/ICBHI_final_database/104_1b1_Ar_sc_Litt3200.wav,/nas/home/pcallandrone/DeepLearning/dataset/ICBHI_2017/ICBHI_final_database/104_1b1_Ar_sc_Litt3200.txt,4000,25.584,0.06380164422061657,1.00076425075531,9.771732332707942e-06,-0.000794761988800019,0.06725089056020715,0.8032239675521851,0.0,21.542772370987343,0.09028333333333333,27,0.04065658047796862,0.05295242261629078,0.07151306154426311,0.14129325798425693,0,0.0,0.8032239675521851,False,0.0,wheezes,9,15.0,0.0,0.3881646716861412,0.35869593514265247,0.6118365451186929,2.2242874182992104e-09,97.61346214466035,,False,,0.21739130434782608,0.24347826086956523,0.8597826086956522,0.9728260869565217,0.39021739130434785,0.8695652173913043,0.9565217391304348,0.05326086956521739,0.7516304347826087,0.9891304347826086,0.9353260869565218,0.14402173913043478,0.9619565217391305,0.6358695652173914,0.6299673913043478
104,1b1,104_1b1,Ll,sc,Litt3200,104_1b1_Ll_sc_Litt3200,/nas/home/pcallandrone/DeepLearning/dataset/ICBHI_2017/ICBHI_final_database/104_1b1_Ll_sc_Litt3200.wav,/nas/home/pcallandrone/DeepLearning/dataset/ICBHI_2017/ICBHI_final_database/104_1b1_Ll_sc_Litt3200.txt,4000,18.48,0.037501769250943166,1.0087767839431763,1.3528138528138528e-05,-0.008807345293462276,0.039151564323253674,1.0087767839431763,1.6666666666666667e-05,28.22091916924133,0.17,27,0.01828913989007048,0.019461300403424198,0.03162666171953032,0.4987209744796931,0,0.000125,1.0087767839431763,False,0.0,crackles,7,14.058119999999999,0.8885128310186567,0.26300582040625115,0.040238353554504315,0.7380449832725203,4.8236963297691796e-09,40.6083201270506,,False,,0.11521739130434783,0.0782608695652174,0.75,0.592391304347826,0.02282608695652174,0.7619565217391304,0.941304347826087,0.008695652173913044,0.4907608695652174,0.32065217391304346,0.7880434782608695,0.6641304347826087,0.7086956521739131,0.06630434782608696,0.4556576086956522
104,1b1,104_1b1,Lr,sc,Litt3200,104_1b1_Lr_sc_Litt3200,/nas/home/pcallandrone/DeepLearning/dataset/ICBHI_2017/ICBHI_final_database/104_1b1_Lr_sc_Litt3200.wav,/nas/home/pcallandrone/DeepLearning/dataset/ICBHI_2017/ICBHI_final_database/104_1b1_Lr_sc_Litt3200.txt,4000,15.024,0.0978931029652648,0.9924935102462769,3.328008519701811e-05,-0.0075065018609166145,0.09796060563567165,0.9924935102462769,0.0,20.113524275181298,0.058366666666666664,27,0.04229360749509081,0.04664388021102266,0.10865827021064484,0.4054200197735898,0,0.0,0.9924935102462769,False,0.0,normal,5,14.253649999999999,1.0,0.03167310249171267,0.005956461794164683,0.9683639681243724,1.079584350167809e-09,21.22812327141748,,False,,0.34782608695652173,0.19891304347826086,0.14347826086956522,0.14347826086956522,0.042391304347826085,0.15108695652173912,0.9815217391304348,0.12173913043478261,0.7516304347826087,0.4,0.4320652173913043,0.8347826086956521,0.25869565217391305,0.8054347826086956,0.36094565217391306
104,1b1,104_1b1,Pl,sc,Litt3200,104_1b1_Pl_sc_Litt3200,/nas/home/pcallandrone/DeepLearning/dataset/ICBHI_2017/ICBHI_final_database/104_1b1_Pl_sc_Litt3200.wav,/nas/home/pcallandrone/DeepLearning/dataset/ICBHI_2017/ICBHI_final_database/104_1b1_Pl_sc_Litt3200.txt,4000,22.96,0.08415642376098129,0.9975706338882446,1.0888501742160279e-05,-0.0024293672759085894,0.09823927126113437,0.9975706338882446,0.0,20.133170468100555,0.07276666666666666,27,0.0478689268784158,0.050517092313502106,0.10002061578658321,0.39268702883018836,0,0.0,0.9975706338882446,False,0.0,normal,9,15.0,1.0,0.3311330404882582,0.19024471342132193,0.6702924952092545,3.042839444177771e-09,79.32914583671203,,False,,0.35108695652173916,0.22826086956521738,0.8239130434782609,0.9228260869565217,0.05217391304347826,0.8326086956521739,0.9478260869565217,0.08043478260869565,0.7516304347826087,0.9891304347826086,0.9353260869565218,0.8347826086956521,0.9402173913043478,0.8021739130434783,0.6586195652173913
104,1b1,104_1b1,Pr,sc,Litt3200,104_1b1_Pr_sc_Litt3200,/nas/home/pcallandrone/DeepLearning/dataset/ICBHI_2017/ICBHI_final_database/104_1b1_Pr_sc_Litt3200.wav,/nas/home/pcallandrone/DeepLearning/dataset/ICBHI_2017/ICBHI_final_database/104_1b1_Pr_sc_Litt3200.txt,4000,23.728,0.07795282208609172,0.9995758533477783,1.0536075522589346e-05,0.00039363792166113853,0.08541498148225135,0.9995758533477783,1.6666666666666667e-05,21.36563409592329,0.1666,27,0.00676734135637289,0.027254893025930857,0.09297694506530044,0.41471039221781125,0,0.000125,0.9995758533477783,False,0.0,normal,5,12.3172,1.0,0.222703842230676,0.1853466669480871,0.7774024206271549,1.8446344670194372e-09,69.15327856507369,,False,,0.29347826086956524,0.10760869565217392,0.7,0.9217391304347826,0.035869565217391305,0.7119565217391305,0.9641304347826087,0.010869565217391304,0.4907608695652174,0.059782608695652176,0.4320652173913043,0.8347826086956521,0.9152173913043479,0.6489130434782608,0.5060217391304349
105,1b1,105_1b1,Tc,sc,Meditron,105_1b1_Tc_sc_Meditron,/nas/home/pcallandrone/DeepLearning/dataset/ICBHI_2017/ICBHI_final_database/105_1b1_Tc_sc_Meditron.wav,/nas/home/pcallandrone/DeepLearning/dataset/ICBHI_2017/ICBHI_final_database/105_1b1_Tc_sc_Meditron.txt,44100,20.0,0.03179379197591367,0.2671125829219818,0.0,0.0004500962095335126,0.030232211424718318,0.17905715107917786,0.0,15.45043505516728,0.030333333333333334,27,0.024721609299320976,0.026114681670894677,0.0292809638538743,0.12115706724438588,0,0.0,0.17905715107917786,False,0.0,normal,6,14.964,1.0,0.522111070702758,0.24199612680032714,0.4775181217867933,0.0004904721984672066,422.7363778075106,,True,,0.09130434782608696,0.10217391304347827,0.9326086956521739,0.9467391304347826,0.48695652173913045,0.9391304347826087,0.021739130434782608,0.42391304347826086,0.7516304347826087,0.871195652173913,0.6375,0.8347826086956521,1.0,0.75,0.6068967391304348
106,2b1,106_2b1,Pl,mc,LittC2SE,106_2b1_Pl_mc_LittC2SE,/nas/home/pcallandrone/DeepLearning/dataset/ICBHI_2017/ICBHI_final_database/106_2b1_Pl_mc_LittC2SE.wav,/nas/home/pcallandrone/DeepLearning/dataset/ICBHI_2017/ICBHI_final_database/106_2b1_Pl_mc_LittC2SE.txt,44100,20.0,0.03554909600223171,0.28089165687561035,0.0,-1.847287239797879e-05,0.03495759065776344,0.2806181311607361,0.0,18.09148468337218,0.061483333333333334,27,0.013625977565889577,0.018169976038042365,0.037086894693688886,0.28861150592730483,0,0.0,0.2806181311607361,False,0.0,crackles,7,14.964,0.1709435979684576,0.8142944091862014,0.45092262442488684,0.185880366334595,5.7570544624505365e-06,96.75586664648277,,True,,0.1,0.06739130434782609,0.9989130434782608,0.9847826086956522,0.11847826086956521,0.9989130434782608,0.2891304347826087,0.10978260869565218,0.7516304347826087,0.871195652173913,0.7880434782608695,0.3760869565217391,0.9608695652173913,0.9934782608695653,0.5575217391304348
106,2b1,106_2b1,Pr,mc,LittC2SE,106_2b1_Pr_mc_LittC2SE,/nas/home/pcallandrone/DeepLearning/dataset/ICBHI_2017/ICBHI_final_database/106_2b1_Pr_mc_LittC2SE.wav,/nas/home/pcallandrone/DeepLearning/dataset/ICBHI_2017/ICBHI_final_database/106_2b1_Pr_mc_LittC2SE.txt,44100,20.0,0.182136493339651,0.7700069546699524,0.0,2.0950801626895554e-05,0.18656930627614146,0.7697659730911255,0.0,12.310370252144082,0.017516666666666666,27,0.13768101964937302,0.14342456021944694,0.18462381597204536,0.14738529855560326,0,0.0,0.7697659730911255,False,0.0,wheezes,7,14.936,0.16831815747187995,0.13907122993961096,0.028588804532138353,0.8609759933239104,2.3120058897923107e-08,17.843638155789684,,False,,0.5880434782608696,0.5717391304347826,0.5315217391304348,0.5010869565217392,0.3760869565217391,0.5369565217391304,0.9195652173913044,0.8907608695652174,0.7516304347826087,0.7358695652173913,0.7880434782608695,0.3739130434782609,0.17717391304347826,0.33695652173913043,0.6285869565217391
107,2b3,107_2b3,Al,mc,AKGC417L,107_2b3_Al_mc_AKGC417L,/nas/home/pcallandrone/DeepLearning/dataset/ICBHI_2017/ICBHI_final_database/107_2b3_Al_mc_AKGC417L.wav,/nas/home/pcallandrone/DeepLearning/dataset/ICBHI_2017/ICBHI_final_database/107_2b3_Al_mc_AKGC417L.txt,44100,20.0,0.4029968047229272,1.0020596981048584,0.04647845804988662,-0.0020598052069544792,0.3853820164596044,1.0058934688568115,0.027516666666666665,8.333210868656582,0.018266666666666667,27,0.33733751352745844,0.3526786628313957,0.38815541353525623,0.07241487534339436,0,0.043125,1.0058934688568115,False,0.0,crackles,6,14.113,0.0,0.08412447631617319,0.016699083709192163,0.9160453606482953,5.16246846211698e-07,24.597727355846498,,False,,0.9152173913043479,0.9380434782608695,0.358695652173913,0.3293478260869565,0.8152173913043478,0.3641304347826087,0.7130434782608696,0.8625,0.08369565217391305,0.3467391304347826,0.6375,0.14402173913043478,0.35978260869565215,0.08260869565217391,0.6414239130434782
107,2b3,107_2b3,Ar,mc,AKGC417L,107_2b3_Ar_mc_AKGC417L,/nas/home/pcallandrone/DeepLearning/dataset/ICBHI_2017/ICBHI_final_database/107_2b3_Ar_mc_AKGC417L.wav,/nas/home/pcallandrone/DeepLearning/dataset/ICBHI_2017/ICBHI_final_database/107_2b3_Ar_mc_AKGC417L.txt,44100,20.0,0.4280266498005249,1.00008225440979,0.06297278911564626,-8.240552415372804e-05,0.4262568558414633,1.017687439918518,0.056,7.558860746093639,0.018816666666666666,27,0.3661363529354474,0.38804784805937154,0.4317162872720983,0.07447401849102617,0,0.08075,1.017687439918518,False,0.0,both,6,14.113,0.0,0.09803377061133171,0.024861065055288522,0.9030412376668805,6.320534089563182e-07,27.624504919181064,,False,,0.9391304347826087,0.9554347826086956,0.4097826086956522,0.46304347826086956,0.8010869565217391,0.4097826086956522,0.683695652173913,0.8456521739130435,0.0391304347826087,0.3467391304347826,0.6375,0.14402173913043478,0.4391304347826087,0.06195652173913044,0.6659510869565217
107,2b3,107_2b3,Ll,mc,AKGC417L,107_2b3_Ll_mc_AKGC417L,/nas/home/pcallandrone/DeepLearning/dataset/ICBHI_2017/ICBHI_final_database/107_2b3_Ll_mc_AKGC417L.wav,/nas/home/pcallandrone/DeepLearning/dataset/ICBHI_2017/ICBHI_final_database/107_2b3_Ll_mc_AKGC417L.txt,44100,20.0,0.1751449766684646,1.0000712871551514,0.0003514739229024943,-7.138599903555587e-05,0.17304184920122406,1.003982424736023,0.00023333333333333333,15.271499250871445,0.03613333333333334,27,0.15464076442001556,0.15932996634708452,0.17333804682003415,0.05614928669985323,0,0.000875,1.003982424736023,False,0.0,crackles,6,14.113,0.0,0.3190472806843019,0.07774410188743999,0.6830399135240838,8.005567812701536e-06,43.51831353205482,,False,,0.5532608695652174,0.6076086956521739,0.8108695652173913,0.7543478260869565,0.9347826086956522,0.8206521739130435,0.2326086956521739,0.3217391304347826,0.4146739130434783,0.3467391304347826,0.6375,0.14402173913043478,0.75,0.7206521739130435,0.6586956521739128
107,2b3,107_2b3,Lr,mc,AKGC417L,107_2b3_Lr_mc_AKGC417L,/nas/home/pcallandrone/DeepLearning/dataset/ICBHI_2017/ICBHI_final_database/107_2b3_Lr_mc_AKGC417L.wav,/nas/home/pcallandrone/DeepLearning/dataset/ICBHI_2017/ICBHI_final_database/107_2b3_Lr_mc_AKGC417L.txt,44100,20.0,0.32821861611118336,1.0000677108764648,0.011865079365079365,6.766373553546146e-05,0.31142320924277483,1.006568193435669,0.00825,10.189844540574732,0.0204,27,0.27834876838258404,0.2840219875686749,0.31059120284918423,0.07967740803876465,0,0.01625,1.006568193435669,False,0.0,crackles,6,14.113,0.12144831006873102,0.14231604138883938,0.014469399923260491,0.8594511620620086,1.8353616539402162e-05,34.044485250542955,,False,,0.8358695652173913,0.8771739130434782,0.5423913043478261,0.2847826086956522,0.782608695652174,0.5423913043478261,0.14021739130434782,0.7875,0.16956521739130434,0.3467391304347826,0.6375,0.33043478260869563,0.5934782608695652,0.1641304347826087,0.6371304347826089
107,2b3,107_2b3,Pl,mc,AKGC417L,107_2b3_Pl_mc_AKGC417L,/nas/home/pcallandrone/DeepLearning/dataset/ICBHI_2017/ICBHI_final_database/107_2b3_Pl_mc_AKGC417L.wav,/nas/home/pcallandrone/DeepLearning/dataset/ICBHI_2017/ICBHI_final_database/107_2b3_Pl_mc_AKGC417L.txt,44100,20.0,0.385119091189433,1.0002100467681885,0.0214421768707483,-0.0002101931459037587,0.384043439874781,1.03214430809021,0.016533333333333334,8.587201416100887,0.0184,27,0.31681381165874506,0.3381223878459456,0.3852918632781358,0.08501805106949158,0,0.045875,1.03214430809021,False,0.0,normal,6,14.113,1.0,0.28188526650209494,0.1843628169499988,0.7182522632813696,1.5045370884012688e-06,59.19561930608865,,False,,0.9141304347826087,0.9293478260869565,0.7717391304347826,0.9206521739130434,0.741304347826087,0.7858695652173913,0.5358695652173913,0.8581521739130434,0.12608695652173912,0.3467391304347826,0.6375,0.8347826086956521,0.8641304347826086,0.0891304347826087,0.83475
107,2b3,107_2b3,Pr,mc,AKGC417L,107_2b3_Pr_mc_AKGC417L,/nas/home/pcallandrone/DeepLearning/dataset/ICBHI_2017/ICBHI_final_database/107_2b3_Pr_mc_AKGC417L.wav,/nas/home/pcallandrone/DeepLearning/dataset/ICBHI_2017/ICBHI_final_database/107_2b3_Pr_mc_AKGC417L.txt,44100,20.0,0.4198009909092815,1.0014320611953735,0.035849206349206346,0.0014321159105747938,0.42069791751913965,1.0138311386108398,0.024133333333333333,7.639905271739185,0.016083333333333335,27,0.38591394572122045,0.39026279016000626,0.4142394744102882,0.047629005561213945,0,0.040625,1.0138311386108398,False,0.0,both,6,14.113,0.30617161482321253,0.16965822217809892,0.062108448368903016,0.8305137833867068,1.8963360399370591e-06,35.38332658852939,,False,,0.9358695652173913,0.9565217391304348,0.6032608695652174,0.7054347826086956,0.9706521739130435,0.6119565217391304,0.4902173913043478,0.928804347826087,0.09782608695652174,0.3467391304347826,0.6375,0.45760869565217394,0.6206521739130435,0.06521739130434782,0.7703695652173913
107,2b3,107_2b3,Tc,mc,AKGC417L,107_2b3_Tc_mc_AKGC417L,/nas/home/pcallandrone/DeepLearning/dataset/ICBHI_2017/ICBHI_final_database/107_2b3_Tc_mc_AKGC417L.wav,/nas/home/pcallandrone/DeepLearning/dataset/ICBHI_2017/ICBHI_final_database/107_2b3_Tc_mc_AKGC417L.txt,44100,20.0,0.22107409371951672,1.0000195503234863,0.0019659863945578233,-1.9716604583663866e-05,0.22061722111948154,1.003709316253662,0.0008333333333333334,13.159370901511334,0.02635,27,0.19426594525932012,0.1968845871593202,0.21898532053430023,0.07707399490268312,0,0.004125,1.003709316253662,False,0.0,crackles,6,14.113,0.8152766952455184,0.05774589424470641,0.011529509882098162,0.9424109777721595,1.2029569749953128e-06,24.18864871289298,,False,,0.6793478260869565,0.7195652173913043,0.24782608695652175,0.24239130434782608,0.7891304347826087,0.2510869565217391,0.575,0.5614130434782608,0.3521739130434783,0.3467391304347826,0.6375,0.6391304347826087,0.3456521739130435,0.45217391304347826,0.5658913043478261
107,2b4,107_2b4,Al,mc,AKGC417L,107_2b4_Al_mc_AKGC417L,/nas/home/pcallandrone/DeepLearning/dataset/ICBHI_2017/ICBHI_final_database/107_2b4_Al_mc_AKGC417L.wav,/nas/home/pcallandrone/DeepLearning/dataset/ICBHI_2017/ICBHI_final_database/107_2b4_Al_mc_AKGC417L.txt,44100,20.0,0.3708317839862893,1.0006508827209473,0.034209750566893425,-0.0006509869126603007,0.37270757192403786,1.0041357278823853,0.030833333333333334,8.60848407567858,0.02095,27,0.3020821708219348,0.3383326107248779,0.3793327995733472,0.06555611070393738,0,0.05225,1.0041357278823853,False,0.0,both,6,13.982,0.0,0.07397871104517464,0.013589814189159966,0.926040610765118,4.853200658967311e-07,24.093503330087024,,False,,0.907608695652174,0.9304347826086956,0.31630434782608696,0.275,0.8695652173913043,0.32282608695652176,0.7228260869565217,0.7657608695652174,0.06847826086956521,0.3065217391304348,0.6375,0.14402173913043478,0.3423913043478261,0.09130434782608696,0.6227391304347827
107,2b4,107_2b4,Ar,mc,AKGC417L,107_2b4_Ar_mc_AKGC417L,/nas/home/pcallandrone/DeepLearning/dataset/ICBHI_2017/ICBHI_final_database/107_2b4_Ar_mc_AKGC417L.wav,/nas/home/pcallandrone/DeepLearning/dataset/ICBHI_2017/ICBHI_final_database/107_2b4_Ar_mc_AKGC417L.txt,44100,20.0,0.4492738355951588,1.0000983476638794,0.07383786848072563,-9.852222865447402e-05,0.45588797060432573,1.0081599950790405,0.07178333333333334,6.89342654633543,0.017133333333333334,27,0.38259318385693103,0.4142081271276642,0.44841594829209025,0.06766907115248018,0,0.09075,1.0081599950790405,False,0.0,crackles,6,13.982,0.0,0.0934850164398048,0.023085412260454994,0.9065241044581904,7.028093687822676e-07,26.489461744426492,,False,,0.9597826086956521,0.967391304347826,0.39456521739130435,0.43478260869565216,0.8597826086956522,0.39891304347826084,0.6728260869565217,0.9005434782608696,0.02391304347826087,0.3065217391304348,0.6375,0.14402173913043478,0.40543478260869564,0.03695652173913044,0.6686195652173913
107,2b4,107_2b4,Ll,mc,AKGC417L,107_2b4_Ll_mc_AKGC417L,/nas/home/pcallandrone/DeepLearning/dataset/ICBHI_2017/ICBHI_final_database/107_2b4_Ll_mc_AKGC417L.wav,/nas/home/pcallandrone/DeepLearning/dataset/ICBHI_2017/ICBHI_final_database/107_2b4_Ll_mc_AKGC417L.txt,44100,20.0,0.17455200392975498,1.0000101327896118,0.00014965986394557823,-1.0202646080870181e-05,0.1752169884212499,1.002925157546997,0.00016666666666666666,15.1538462716721,0.03718333333333333,27,0.15376592152971685,0.15924615581062365,0.17870359955631618,0.057709105237462525,0,0.000875,1.002925157546997,False,0.0,crackles,6,13.982,0.0,0.2198021087403955,0.03973127048848648,0.7824148284636528,6.633948855119357e-06,37.78472434845373,,False,,0.5630434782608695,0.6065217391304348,0.6945652173913044,0.5891304347826087,0.9239130434782609,0.7043478260869566,0.2684782608695652,0.3016304347826087,0.4266304347826087,0.3065217391304348,0.6375,0.14402173913043478,0.6641304347826087,0.7065217391304348,0.6150163043478262
107,2b4,107_2b4,Lr,mc,AKGC417L,107_2b4_Lr_mc_AKGC417L,/nas/home/pcallandrone/DeepLearning/dataset/ICBHI_2017/ICBHI_final_database/107_2b4_Lr_mc_AKGC417L.wav,/nas/home/pcallandrone/DeepLearning/dataset/ICBHI_2017/ICBHI_final_database/107_2b4_Lr_mc_AKGC417L.txt,44100,20.0,0.3329764929429778,1.0007469654083252,0.012174603174603175,-0.000747089390642941,0.3393397871632024,1.0050394535064697,0.011216666666666666,9.430966547516196,0.019116666666666667,27,0.2912171556656321,0.30377980830151863,0.34268776994457334,0.0711987276229711,0,0.026875,1.0050394535064697,False,0.0,crackles,6,13.982,0.0,0.16616011409307305,0.014720968721098245,0.8344078799585884,1.1147433213333567e-05,35.09525929698614,,False,,0.8673913043478261,0.8978260869565218,0.6,0.28804347826086957,0.825,0.6065217391304348,0.2,0.8369565217391305,0.1565217391304348,0.3065217391304348,0.6375,0.14402173913043478,0.6141304347826086,0.13043478260869565,0.6519402173913043
107,2b4,107_2b4,Pl,mc,AKGC417L,107_2b4_Pl_mc_AKGC417L,/nas/home/pcallandrone/DeepLearning/dataset/ICBHI_2017/ICBHI_final_database/107_2b4_Pl_mc_AKGC417L.wav,/nas/home/pcallandrone/DeepLearning/dataset/ICBHI_2017/ICBHI_final_database/107_2b4_Pl_mc_AKGC417L.txt,44100,20.0,0.32230358931185865,1.0003535747528076,0.00809297052154195,-0.00035370365367271006,0.31683001729932786,1.0110307931900024,0.007083333333333333,10.078761240087372,0.021983333333333334,27,0.2688475114866018,0.27888309118813837,0.31002306461144075,0.09551307964006577,0,0.02025,1.0110307931900024,False,0.0,crackles,6,13.982,0.527034758975826,0.10528863452511224,0.051358227587706244,0.8947523525522171,5.697394291829335e-07,26.190652398859477,,False,,0.8445652173913043,0.8706521739130435,0.4380434782608696,0.6684782608695652,0.65,0.44021739130434784,0.6978260869565217,0.7260869565217392,0.1858695652173913,0.3065217391304348,0.6375,0.5369565217391304,0.39891304347826084,0.15760869565217392,0.6750815217391305
107,2b4,107_2b4,Pr,mc,AKGC417L,107_2b4_Pr_mc_AKGC417L,/nas/home/pcallandrone/DeepLearning/dataset/ICBHI_2017/ICBHI_final_database/107_2b4_Pr_mc_AKGC417L.wav,/nas/home/pcallandrone/DeepLearning/dataset/ICBHI_2017/ICBHI_final_database/107_2b4_Pr_mc_AKGC417L.txt,44100,20.0,0.43379678974913355,1.0004603862762451,0.04040249433106576,-0.0004604873829521239,0.433553763744097,1.0147514343261719,0.036283333333333334,7.386334260079903,0.016066666666666667,27,0.36746820452251855,0.40954397790740044,0.440465392495152,0.058086765643113596,0,0.067875,1.0147514343261719,False,0.0,crackles,6,13.982,0.0,0.13058261186001122,0.042993162437715476,0.8699587827918405,1.7907455467594585e-06,28.342617184991717,,False,,0.9467391304347826,0.9641304347826087,0.5108695652173914,0.6206521739130435,0.9163043478260869,0.5152173913043478,0.5021739130434782,0.9309782608695653,0.05652173913043478,0.3065217391304348,0.6375,0.14402173913043478,0.4641304347826087,0.05543478260869565,0.7061956521739131
107,2b4,107_2b4,Tc,mc,AKGC417L,107_2b4_Tc_mc_AKGC417L,/nas/home/pcallandrone/DeepLearning/dataset/ICBHI_2017/ICBHI_final_database/107_2b4_Tc_mc_AKGC417L.wav,/nas/home/pcallandrone/DeepLearning/dataset/ICBHI_2017/ICBHI_final_database/107_2b4_Tc_mc_AKGC417L.txt,44100,20.0,0.2154325301501593,1.0001165866851807,0.0017573696145124717,0.00011655406706267968,0.2028923276918173,1.0005141496658325,0.00011666666666666667,13.859152202559207,0.0281,27,0.1690071796874084,0.17624593370017524,0.20026800008361634,0.0854405126618587,0,0.000875,1.0005141496658325,False,0.0,normal,6,13.982,1.0,0.06518019749959571,0.01982431602457416,0.9348207788586422,1.6655451236703612e-06,26.25822549321757,,False,,0.633695652173913,0.6652173913043479,0.266304347826087,0.3847826086956522,0.7380434782608696,0.2728260869565217,0.5130434782608696,0.4989130434782609,0.4407608695652174,0.3065217391304348,0.6375,0.8347826086956521,0.40108695652173915,0.5369565217391304,0.5725108695652174
107,2b5,107_2b5,Al,mc,AKGC417L,107_2b5_Al_mc_AKGC417L,/nas/home/pcallandrone/DeepLearning/dataset/ICBHI_2017/ICBHI_final_database/107_2b5_Al_mc_AKGC417L.wav,/nas/home/pcallandrone/DeepLearning/dataset/ICBHI_2017/ICBHI_final_database/107_2b5_Al_mc_AKGC417L.txt,44100,20.0,0.3871661304762327,1.001719355583191,0.04425170068027211,-0.0017194511601701379,0.3872057745788754,1.0042192935943604,0.024866666666666665,8.27773470766665,0.019366666666666667,27,0.3264774689659258,0.34999629676932953,0.379363021123702,0.08746620661486222,0,0.0485,1.0042192935943604,False,0.0,crackles,7,14.923,0.08939221336192449,0.09451965959786213,0.017255558363396355,0.9056754121160325,4.6889618074606173e-07,23.977752176959402,,False,,0.9184782608695652,0.9347826086956522,0.39891304347826084,0.3358695652173913,0.7097826086956521,0.4043478260869565,0.7271739130434782,0.8304347826086956,0.09456521739130434,0.6989130434782609,0.7880434782608695,0.3135869565217391,0.3347826086956522,0.07934782608695652,0.6821847826086956
107,2b5,107_2b5,Ar,mc,AKGC417L,107_2b5_Ar_mc_AKGC417L,/nas/home/pcallandrone/DeepLearning/dataset/ICBHI_2017/ICBHI_final_database/107_2b5_Ar_mc_AKGC417L.wav,/nas/home/pcallandrone/DeepLearning/dataset/ICBHI_2017/ICBHI_final_database/107_2b5_Ar_mc_AKGC417L.txt,44100,20.0,0.33667390906130795,1.0006941556930542,0.0428843537414966,-0.0006943088956177235,0.3685646448839266,1.0108553171157837,0.0477,8.763506543597773,0.041716666666666666,27,0.28774248192021035,0.31540935871724324,0.37858538576937917,0.13451769047852183,0,0.088125,1.0108553171157837,False,0.0,both,7,14.923,0.4743014139248142,0.09516812437341736,0.026039591119260994,0.9048486388725677,2.297334621179289e-06,27.735274755389533,,False,,0.9043478260869565,0.9054347826086957,0.40108695652173915,0.47391304347826085,0.41739130434782606,0.40543478260869564,0.45869565217391306,0.23206521739130434,0.04456521739130435,0.6989130434782609,0.7880434782608695,0.5141304347826087,0.44130434782608696,0.0967391304347826,0.626788043478261
107,2b5,107_2b5,Ll,mc,AKGC417L,107_2b5_Ll_mc_AKGC417L,/nas/home/pcallandrone/DeepLearning/dataset/ICBHI_2017/ICBHI_final_database/107_2b5_Ll_mc_AKGC417L.wav,/nas/home/pcallandrone/DeepLearning/dataset/ICBHI_2017/ICBHI_final_database/107_2b5_Ll_mc_AKGC417L.txt,44100,20.0,0.17397297527484012,1.000147819519043,3.6281179138321995e-05,-0.00014796765753999352,0.17479439242276298,1.0022438764572144,3.3333333333333335e-05,15.168918305813676,0.0352,27,0.15549821409037723,0.1622940982789999,0.1719876748594722,0.060683908360616434,0,0.00025,1.0022438764572144,False,0.0,crackles,7,14.923,0.1512430476445754,0.3513297229898874,0.06481413408674311,0.6488205806435381,7.486018582360219e-06,45.65291713762761,,False,,0.5608695652173913,0.616304347826087,0.8358695652173913,0.7152173913043478,0.9,0.8489130434782609,0.24456521739130435,0.33152173913043476,0.4722826086956522,0.6989130434782609,0.7880434782608695,0.3565217391304348,0.7793478260869565,0.7086956521739131,0.710570652173913
107,2b5,107_2b5,Lr,mc,AKGC417L,107_2b5_Lr_mc_AKGC417L,/nas/home/pcallandrone/DeepLearning/dataset/ICBHI_2017/ICBHI_final_database/107_2b5_Lr_mc_AKGC417L.wav,/nas/home/pcallandrone/DeepLearning/dataset/ICBHI_2017/ICBHI_final_database/107_2b5_Lr_mc_AKGC417L.txt,44100,20.0,0.41498949678571695,1.0006986856460571,0.03561904761904762,-0.0006987823289819062,0.4067856577383675,1.0160452127456665,0.028433333333333335,7.95094802937565,0.01645,27,0.3638141996055128,0.3724836317375119,0.4123947168455801,0.06823981008576877,0,0.0585,1.0160452127456665,False,0.0,crackles,7,14.923,0.08939221336192449,0.1840115208245034,0.01856178158612937,0.8168065470694513,6.136233909467501e-06,33.04247277976987,,False,,0.9315217391304348,0.9489130434782609,0.6380434782608696,0.3576086956521739,0.8543478260869565,0.6489130434782608,0.28043478260869564,0.9184782608695652,0.0782608695652174,0.6989130434782609,0.7880434782608695,0.3135869565217391,0.5706521739130435,0.07065217391304347,0.7376956521739131
107,2b5,107_2b5,Pl,mc,AKGC417L,107_2b5_Pl_mc_AKGC417L,/nas/home/pcallandrone/DeepLearning/dataset/ICBHI_2017/ICBHI_final_database/107_2b5_Pl_mc_AKGC417L.wav,/nas/home/pcallandrone/DeepLearning/dataset/ICBHI_2017/ICBHI_final_database/107_2b5_Pl_mc_AKGC417L.txt,44100,20.0,0.3321305887050642,1.0002790689468384,0.01364625850340136,0.00027908568154089153,0.3203898870193773,1.0118821859359741,0.008216666666666667,9.989023016886435,0.020666666666666667,27,0.23644142858653708,0.2857354741978937,0.3263579650920249,0.10797530561505451,0,0.0285,1.0118821859359741,False,0.0,normal,7,14.923,1.0,0.2602493903834646,0.17186757040486608,0.7400401606219709,1.3583721263471098e-06,57.365709624314384,,False,,0.8467391304347827,0.8793478260869565,0.7434782608695653,0.9043478260869565,0.558695652173913,0.7554347826086957,0.55,0.7782608695652173,0.17065217391304346,0.6989130434782609,0.7880434782608695,0.8347826086956521,0.8543478260869565,0.15543478260869564,0.8190652173913044
107,2b5,107_2b5,Pr,mc,AKGC417L,107_2b5_Pr_mc_AKGC417L,/nas/home/pcallandrone/DeepLearning/dataset/ICBHI_2017/ICBHI_final_database/107_2b5_Pr_mc_AKGC417L.wav,/nas/home/pcallandrone/DeepLearning/dataset/ICBHI_2017/ICBHI_final_database/107_2b5_Pr_mc_AKGC417L.txt,44100,20.0,0.4404599241882205,1.0003609657287598,0.03828798185941043,-0.0003611251595430076,0.43556647544828275,1.0170761346817017,0.028133333333333333,7.3659803610140875,0.0162,27,0.39677853561414517,0.40564764088214084,0.4428720555753993,0.04792204179050096,0,0.049125,1.0170761346817017,False,0.0,crackles,7,14.923,0.44273939556389474,0.21374503479897078,0.08318628757299235,0.7866669659959926,2.2406991381388453e-06,41.54717552259366,,False,,0.9489130434782609,0.9619565217391305,0.6847826086956522,0.7684782608695652,0.9684782608695652,0.6934782608695652,0.46304347826086956,0.9266304347826086,0.08043478260869565,0.6989130434782609,0.7880434782608695,0.5043478260869565,0.7206521739130435,0.05326086956521739,0.8298315217391307
107,2b5,107_2b5,Tc,mc,AKGC417L,107_2b5_Tc_mc_AKGC417L,/nas/home/pcallandrone/DeepLearning/dataset/ICBHI_2017/ICBHI_final_database/107_2b5_Tc_mc_AKGC417L.wav,/nas/home/pcallandrone/DeepLearning/dataset/ICBHI_2017/ICBHI_final_database/107_2b5_Tc_mc_AKGC417L.txt,44100,20.0,0.25519362061771594,1.0002042055130005,0.0037653061224489797,0.0002042511769104749,0.2699540655283141,1.005422592163086,0.004483333333333333,11.421175344224476,0.022683333333333333,27,0.1942782496109172,0.20098922749025863,0.27376594583210795,0.1776074236726559,0,0.013625,1.005422592163086,False,0.0,crackles,7,14.923,0.6577765864772498,0.0857628604578964,0.01853319457764966,0.9144511934965048,7.683892033449724e-07,25.650783808704503,,False,,0.782608695652174,0.7315217391304348,0.36630434782608695,0.3565217391304348,0.27717391304347827,0.3695652173913043,0.6565217391304348,0.7054347826086956,0.2326086956521739,0.6989130434782609,0.7880434782608695,0.5695652173913044,0.3815217391304348,0.24239130434782608,0.5973695652173914
107,3p2,107_3p2,Al,mc,AKGC417L,107_3p2_Al_mc_AKGC417L,/nas/home/pcallandrone/DeepLearning/dataset/ICBHI_2017/ICBHI_final_database/107_3p2_Al_mc_AKGC417L.wav,/nas/home/pcallandrone/DeepLearning/dataset/ICBHI_2017/ICBHI_final_database/107_3p2_Al_mc_AKGC417L.txt,44100,20.0,0.20753018813458202,1.0007096529006958,0.003197278911564626,0.0007096913177520037,0.1961244753306106,1.002381682395935,0.0015,14.170026534529212,0.03451666666666667,27,0.13038100601046604,0.14066314917399547,0.19162325834167715,0.19415950923084851,0,0.007,1.002381682395935,False,0.0,both,7,14.196,0.0,0.1500055696631465,0.031703169324637244,0.8539248813178061,1.1698088046571695e-05,30.307210889338254,,False,,0.6119565217391304,0.5652173913043478,0.5619565217391305,0.5293478260869565,0.23369565217391305,0.5630434782608695,0.1923913043478261,0.3407608695652174,0.3217391304347826,0.3869565217391304,0.7880434782608695,0.14402173913043478,0.5119565217391304,0.591304347826087,0.506429347826087
107,3p2,107_3p2,Ar,mc,AKGC417L,107_3p2_Ar_mc_AKGC417L,/nas/home/pcallandrone/DeepLearning/dataset/ICBHI_2017/ICBHI_final_database/107_3p2_Ar_mc_AKGC417L.wav,/nas/home/pcallandrone/DeepLearning/dataset/ICBHI_2017/ICBHI_final_database/107_3p2_Ar_mc_AKGC417L.txt,44100,20.0,0.3269551975686857,1.0000810623168945,0.02841950113378685,8.103226718958467e-05,0.3155294182868692,1.0182137489318848,0.02105,10.175982001994083,0.03311666666666667,27,0.2387945423078044,0.26714516469305133,0.30927465946713845,0.14127437036478668,0,0.054375,1.0182137489318848,False,0.0,both,7,14.196,0.0,0.2406838408698699,0.15578182497824075,0.7597424163398566,1.2134997529000086e-06,47.6772774173284,,False,,0.841304347826087,0.8532608695652174,0.7282608695652174,0.8923913043478261,0.391304347826087,0.7391304347826086,0.5728260869565217,0.36630434782608695,0.10978260869565218,0.3869565217391304,0.7880434782608695,0.14402173913043478,0.7902173913043479,0.16304347826086957,0.6928695652173914
107,3p2,107_3p2,Ll,mc,AKGC417L,107_3p2_Ll_mc_AKGC417L,/nas/home/pcallandrone/DeepLearning/dataset/ICBHI_2017/ICBHI_final_database/107_3p2_Ll_mc_AKGC417L.wav,/nas/home/pcallandrone/DeepLearning/dataset/ICBHI_2017/ICBHI_final_database/107_3p2_Ll_mc_AKGC417L.txt,44100,20.0,0.1506224364069463,0.648739755153656,0.0,0.000980821787379682,0.14999552890387916,0.6445490717887878,0.0,12.663553466241064,0.022716666666666666,27,0.12783647491846675,0.13314730874870917,0.15051044704759137,0.0842395773893728,0,0.0,0.6445490717887878,False,0.0,crackles,7,14.196,0.0,0.023413385648458022,0.008170925677576156,0.9766873546540609,1.121815945663121e-05,13.245971242383945,,False,,0.5130434782608696,0.5467391304347826,0.1108695652173913,0.17608695652173914,0.7445652173913043,0.11956521739130435,0.19782608695652174,0.7043478260869566,0.7516304347826087,0.3869565217391304,0.7880434782608695,0.14402173913043478,0.09456521739130434,0.3869565217391304,0.42412500000000003
107,3p2,107_3p2,Lr,mc,AKGC417L,107_3p2_Lr_mc_AKGC417L,/nas/home/pcallandrone/DeepLearning/dataset/ICBHI_2017/ICBHI_final_database/107_3p2_Lr_mc_AKGC417L.wav,/nas/home/pcallandrone/DeepLearning/dataset/ICBHI_2017/ICBHI_final_database/107_3p2_Lr_mc_AKGC417L.txt,44100,20.0,0.13094266433229027,0.7260063290596008,0.0,0.0007636088994331658,0.12952313508487676,0.718063473701477,0.0,14.876309749212908,0.0303,27,0.1039241559655439,0.11558752203515825,0.12852488319889063,0.08600718160546754,0,0.0,0.718063473701477,False,0.0,both,7,14.196,0.0,0.034221741564108274,0.010755118263765651,0.9685177074695901,1.811994695734003e-05,14.750961521300527,,False,,0.45108695652173914,0.4945652173913043,0.15978260869565217,0.22717391304347825,0.7304347826086957,0.15,0.1423913043478261,0.4266304347826087,0.7516304347826087,0.3869565217391304,0.7880434782608695,0.14402173913043478,0.12717391304347825,0.6771739130434783,0.40767391304347833
107,3p2,107_3p2,Pl,mc,AKGC417L,107_3p2_Pl_mc_AKGC417L,/nas/home/pcallandrone/DeepLearning/dataset/ICBHI_2017/ICBHI_final_database/107_3p2_Pl_mc_AKGC417L.wav,/nas/home/pcallandrone/DeepLearning/dataset/ICBHI_2017/ICBHI_final_database/107_3p2_Pl_mc_AKGC417L.txt,44100,20.0,0.12355512642105242,0.7669017314910889,0.0,0.0005937788519077003,0.12490319475192348,0.7646505236625671,0.0,15.73778886229367,0.03523333333333333,27,0.10439738203632193,0.11366018660350607,0.11873067168321493,0.08641825758760033,0,0.0,0.7646505236625671,False,0.0,crackles,7,14.196,0.0,0.1380008820075655,0.043739915713673055,0.8624869996297011,9.029906213834469e-07,26.575797369544528,,False,,0.43369565217391304,0.48586956521739133,0.5271739130434783,0.6239130434782608,0.7217391304347827,0.5304347826086957,0.6293478260869565,0.33043478260869563,0.7516304347826087,0.3869565217391304,0.7880434782608695,0.14402173913043478,0.40869565217391307,0.7880434782608695,0.5603750000000002
107,3p2,107_3p2,Pr,mc,AKGC417L,107_3p2_Pr_mc_AKGC417L,/nas/home/pcallandrone/DeepLearning/dataset/ICBHI_2017/ICBHI_final_database/107_3p2_Pr_mc_AKGC417L.wav,/nas/home/pcallandrone/DeepLearning/dataset/ICBHI_2017/ICBHI_final_database/107_3p2_Pr_mc_AKGC417L.txt,44100,20.0,0.21375639125373297,1.0007822513580322,0.021992063492063493,0.0007822319748811424,0.19701464975904628,1.0167852640151978,0.013333333333333334,14.254614446286162,0.0419,27,0.09404722745897998,0.13971893395080912,0.19867156631332106,0.21505506056768758,0,0.023375,1.0167852640151978,False,0.0,both,7,14.196,0.0,0.3019923897186257,0.07228123107924984,0.6981347370467658,2.757132377950036e-06,44.1126154576787,,False,,0.6173913043478261,0.5608695652173913,0.7956521739130434,0.741304347826087,0.20108695652173914,0.8097826086956522,0.425,0.23043478260869565,0.1423913043478261,0.3869565217391304,0.7880434782608695,0.14402173913043478,0.7576086956521739,0.6097826086956522,0.5883260869565218
107,3p2,107_3p2,Tc,mc,AKGC417L,107_3p2_Tc_mc_AKGC417L,/nas/home/pcallandrone/DeepLearning/dataset/ICBHI_2017/ICBHI_final_database/107_3p2_Tc_mc_AKGC417L.wav,/nas/home/pcallandrone/DeepLearning/dataset/ICBHI_2017/ICBHI_final_database/107_3p2_Tc_mc_AKGC417L.txt,44100,20.0,0.3562732677800576,1.0006592273712158,0.0173718820861678,0.0006592609570361674,0.35864676535453033,1.0108617544174194,0.016433333333333335,9.000496941748104,0.019266666666666668,27,0.2916418914921808,0.3254956769526915,0.35219574208609145,0.11188400717159333,0,0.054,1.0108617544174194,False,0.0,both,7,14.196,0.0,0.10932235385473835,0.031342040665333616,0.8908158343871468,6.4281026098386625e-06,28.212683922247894,,False,,0.8934782608695652,0.9163043478260869,0.45108695652173914,0.5260869565217391,0.5347826086956522,0.4532608695652174,0.275,0.8320652173913043,0.12717391304347825,0.3869565217391304,0.7880434782608695,0.14402173913043478,0.4608695652173913,0.10978260869565218,0.6233315217391303
108,1b1,108_1b1,Al,sc,Meditron,108_1b1_Al_sc_Meditron,/nas/home/pcallandrone/DeepLearning/dataset/ICBHI_2017/ICBHI_final_database/108_1b1_Al_sc_Meditron.wav,/nas/home/pcallandrone/DeepLearning/dataset/ICBHI_2017/ICBHI_final_database/108_1b1_Al_sc_Meditron.txt,44100,20.0,0.08018527964555922,0.3938756287097931,0.0,0.00019899789185728878,0.08126601299734353,0.3937988877296448,0.0,13.707310626490605,0.020916666666666667,27,0.07261878793396645,0.07400254917151554,0.08191990441104575,0.06025832001079657,0,0.0,0.3937988877296448,False,0.0,normal,6,14.964,1.0,0.06294419167343338,0.0016947709864921136,0.9387992092458249,1.3217557334781112e-07,20.671963270428865,,False,,0.2717391304347826,0.3391304347826087,0.2608695652173913,0.04565217391304348,0.9010869565217391,0.2597826086956522,0.8478260869565217,0.7690217391304348,0.7516304347826087,0.871195652173913,0.6375,0.8347826086956521,0.24130434782608695,0.5173913043478261,0.5341739130434783
109,1b1,109_1b1,Al,sc,Litt3200,109_1b1_Al_sc_Litt3200,/nas/home/pcallandrone/DeepLearning/dataset/ICBHI_2017/ICBHI_final_database/109_1b1_Al_sc_Litt3200.wav,/nas/home/pcallandrone/DeepLearning/dataset/ICBHI_2017/ICBHI_final_database/109_1b1_Al_sc_Litt3200.txt,4000,20.336,0.05085240705288408,1.003391981124878,1.2293469708890637e-05,0.003391999751329422,0.057716447965651854,1.003391981124878,3.3333333333333335e-05,24.803420592927637,0.16311666666666666,27,0.03970852190854424,0.04242308864414831,0.04878541214112793,0.2518768592404365,0,0.00025,1.003391981124878,False,0.0,normal,8,15.0,1.0,0.4111269243186609,0.1305462713256234,0.5890106542246393,3.250977777826051e-09,56.79995658448739,,False,,0.18043478260869567,0.17391304347826086,0.8793478260869565,0.8565217391304348,0.15869565217391304,0.8869565217391304,0.9467391304347826,0.013043478260869565,0.4722826086956522,0.9891304347826086,0.8864130434782609,0.8347826086956521,0.8510869565217392,0.2217391304347826,0.6159021739130437
109,1b1,109_1b1,Ar,sc,Litt3200,109_1b1_Ar_sc_Litt3200,/nas/home/pcallandrone/DeepLearning/dataset/ICBHI_2017/ICBHI_final_database/109_1b1_Ar_sc_Litt3200.wav,/nas/home/pcallandrone/DeepLearning/dataset/ICBHI_2017/ICBHI_final_database/109_1b1_Ar_sc_Litt3200.txt,4000,19.952,0.05192601218566214,1.0007095336914062,1.2530072173215718e-05,-0.000740084913559258,0.058689418648698144,1.0007095336914062,1.6666666666666667e-05,24.634964579033735,0.17813333333333334,27,0.037956292819497424,0.043188602670327834,0.05337277696166135,0.2885392356791134,0,0.000125,1.0007095336914062,False,0.0,normal,9,15.0,1.0,0.35196646910515006,0.16909755834762305,0.648444273524158,2.9028412839608847e-09,54.654280601782915,,False,,0.18369565217391304,0.17717391304347826,0.8380434782608696,0.9032608695652173,0.11956521739130435,0.85,0.95,0.006521739130434782,0.4907608695652174,0.9891304347826086,0.9353260869565218,0.8347826086956521,0.8380434782608696,0.23695652173913043,0.6095108695652174
109,1b1,109_1b1,Ll,sc,Litt3200,109_1b1_Ll_sc_Litt3200,/nas/home/pcallandrone/DeepLearning/dataset/ICBHI_2017/ICBHI_final_database/109_1b1_Ll_sc_Litt3200.wav,/nas/home/pcallandrone/DeepLearning/dataset/ICBHI_2017/ICBHI_final_database/109_1b1_Ll_sc_Litt3200.txt,4000,16.944,0.05317078368798675,1.0035293102264404,1.475448536355052e-05,-0.0035598594695329666,0.05624854621922973,1.0035293102264404,5e-05,25.028375168750827,0.15763333333333332,27,0.016460351064051953,0.02022727341753296,0.05144391442372081,0.4101313939885177,0,0.000375,1.0035293102264404,False,0.0,crackles,8,15.0,0.13008666666666668,0.41373971155230366,0.14400817366257418,0.586581169245931,2.7613061275215772e-09,56.135714188544874,,False,,0.16956521739130434,0.08152173913043478,0.8815217391304347,0.8826086956521739,0.03804347826086957,0.8891304347826087,0.9521739130434783,0.014130434782608696,0.4625,0.9891304347826086,0.8864130434782609,0.3347826086956522,0.8478260869565217,0.21195652173913043,0.5490434782608696
109,1b1,109_1b1,Lr,sc,Litt3200,109_1b1_Lr_sc_Litt3200,/nas/home/pcallandrone/DeepLearning/dataset/ICBHI_2017/ICBHI_final_database/109_1b1_Lr_sc_Litt3200.wav,/nas/home/pcallandrone/DeepLearning/dataset/ICBHI_2017/ICBHI_final_database/109_1b1_Lr_sc_Litt3200.txt,4000,17.456,0.06907973652253749,0.9939175248146057,1.432172318973419e-05,0.006051967386156321,0.07243594460412002,0.9939175248146057,0.0,22.747924392944242,0.08418333333333333,27,0.03565912114029829,0.04686341453779195,0.08190865036340747,0.24427318851573,0,0.0,0.9939175248146057,False,0.0,crackles,7,14.05963,0.0,0.14514512665673937,0.04998954509919717,0.8549775068953711,1.0953990318312803e-09,34.32479931584728,,False,,0.24021739130434783,0.20108695652173914,0.5565217391304348,0.6641304347826087,0.16521739130434782,0.5619565217391305,0.9804347826086957,0.0641304347826087,0.7516304347826087,0.3217391304347826,0.7880434782608695,0.14402173913043478,0.5989130434782609,0.46304347826086956,0.4453097826086957
109,1b1,109_1b1,Pl,sc,Litt3200,109_1b1_Pl_sc_Litt3200,/nas/home/pcallandrone/DeepLearning/dataset/ICBHI_2017/ICBHI_final_database/109_1b1_Pl_sc_Litt3200.wav,/nas/home/pcallandrone/DeepLearning/dataset/ICBHI_2017/ICBHI_final_database/109_1b1_Pl_sc_Litt3200.txt,4000,17.648,0.11932560329587827,0.998613715171814,2.8331822302810517e-05,-0.0013862857595086098,0.12072357624343334,0.998613715171814,0.0,18.352108677058784,0.05893333333333333,27,0.09763573301762091,0.10487639139226226,0.12269166907611459,0.10250881187813322,0,0.0,0.998613715171814,False,0.0,normal,8,15.0,1.0,0.10380326385059618,0.023039951993218767,0.8965817466876066,7.092310286084256e-10,33.45791363141981,,False,,0.42391304347826086,0.45217391304347826,0.4282608695652174,0.4315217391304348,0.5978260869565217,0.42934782608695654,0.9923913043478261,0.11847826086956521,0.7516304347826087,0.9891304347826086,0.8864130434782609,0.8347826086956521,0.5793478260869566,0.975,0.6265652173913043
109,1b1,109_1b1,Pr,sc,Litt3200,109_1b1_Pr_sc_Litt3200,/nas/home/pcallandrone/DeepLearning/dataset/ICBHI_2017/ICBHI_final_database/109_1b1_Pr_sc_Litt3200.wav,/nas/home/pcallandrone/DeepLearning/dataset/ICBHI_2017/ICBHI_final_database/109_1b1_Pr_sc_Litt3200.txt,4000,30.0,0.08347931555036911,1.003540277481079,1.6666666666666667e-05,0.003540332429111004,0.1021368803258738,1.003540277481079,0.0001,19.847044374353615,0.06765,27,0.058155039282382574,0.08047463584465683,0.10372254436918216,0.1714177799707966,0,0.00075,1.003540277481079,False,0.0,normal,9,15.000000000000002,1.0,0.13332741507963508,0.07947772950219294,0.8666748563612545,8.565343547600854e-10,39.14673353098024,,False,,0.3630434782608696,0.3684782608695652,0.5173913043478261,0.758695652173913,0.2902173913043478,0.5228260869565218,0.9902173913043478,0.09347826086956522,0.4451086956521739,1.0,0.9353260869565218,0.8347826086956521,0.6891304347826087,0.825,0.612086956521739
110,1b1,110_1b1,Pr,sc,Meditron,110_1b1_Pr_sc_Meditron,/nas/home/pcallandrone/DeepLearning/dataset/ICBHI_2017/ICBHI_final_database/110_1b1_Pr_sc_Meditron.wav,/nas/home/pcallandrone/DeepLearning/dataset/ICBHI_2017/ICBHI_final_database/110_1b1_Pr_sc_Meditron.txt,4000,71.45,0.35576314952941135,1.0244059562683105,0.05427921623512946,-0.02443651109933853,0.23146050056855,1.0244059562683105,0.0045,12.919904134920701,0.024033333333333334,27,0.08989393950979777,0.12083300141564768,0.16901609356401484,0.4883825385462406,0,0.03375,1.0244059562683105,False,0.0,crackles,4,13.716800000000001,0.39877376647614604,0.023870413545966904,0.008676153309434092,0.9771773913739294,5.443958198767072e-06,8.743670512270437,,False,,0.7021739130434783,0.5065217391304347,0.11521739130434783,0.19456521739130433,0.025,0.11630434782608695,0.30217391304347824,0.6494565217391305,0.23043478260869565,0.23478260869565218,0.19510869565217392,0.4934782608695652,0.025,0.4260869565217391,0.3606630434782609
110,1p1,110_1p1,Al,sc,Meditron,110_1p1_Al_sc_Meditron,/nas/home/pcallandrone/DeepLearning/dataset/ICBHI_2017/ICBHI_final_database/110_1p1_Al_sc_Meditron.wav,/nas/home/pcallandrone/DeepLearning/dataset/ICBHI_2017/ICBHI_final_database/110_1p1_Al_sc_Meditron.txt,4000,32.3,0.37242791942289566,1.0093598365783691,0.037778637770897835,-0.00939040444791317,0.3643781436151825,1.0093598365783691,0.016716666666666668,8.849874013812414,0.014833333333333334,27,0.1727536951819897,0.22390926597051472,0.34375566657937373,0.3156288126788975,0,0.071625,1.0093598365783691,False,0.0,both,4,12.7145,0.0,0.02194302052511921,0.0023368201792417025,0.9825871404350217,1.8871014203584954e-07,5.278522939990059,,False,,0.8989130434782608,0.7858695652173913,0.10108695652173913,0.06847826086956521,0.10217391304347827,0.09130434782608696,0.8206521739130435,0.9586956521739131,0.12391304347826088,0.06739130434782609,0.19510869565217392,0.14402173913043478,0.004347826086956522,0.10217391304347827,0.4307771739130436
110,1p1,110_1p1,Ll,sc,Meditron,110_1p1_Ll_sc_Meditron,/nas/home/pcallandrone/DeepLearning/dataset/ICBHI_2017/ICBHI_final_database/110_1p1_Ll_sc_Meditron.wav,/nas/home/pcallandrone/DeepLearning/dataset/ICBHI_2017/ICBHI_final_database/110_1p1_Ll_sc_Meditron.txt,4000,32.4,0.28887219359886085,1.160301685333252,0.012662037037037038,-0.16033221781253815,0.3552450312976017,1.160301685333252,0.018333333333333333,10.28085821267495,0.01785,27,0.1872464099800228,0.22328844092542702,0.3074136528282454,0.3804525184793948,0,0.134375,1.160301685333252,False,0.0,wheezes,3,11.3543,0.2935451767171908,0.1023264630692158,0.021223758765199833,0.9272545309212216,0.00014398825083833456,16.607429662137854,,False,,0.8891304347826087,0.7847826086956522,0.42391304347826086,0.4032608695652174,0.05543478260869565,0.31630434782608696,0.05217391304347826,0.8777173913043478,0.11847826086956521,0.02717391304347826,0.043478260869565216,0.4543478260869565,0.16195652173913044,0.17065217391304346,0.48135326086956515
110,1p1,110_1p1,Lr,sc,Meditron,110_1p1_Lr_sc_Meditron,/nas/home/pcallandrone/DeepLearning/dataset/ICBHI_2017/ICBHI_final_database/110_1p1_Lr_sc_Meditron.wav,/nas/home/pcallandrone/DeepLearning/dataset/ICBHI_2017/ICBHI_final_database/110_1p1_Lr_sc_Meditron.txt,4000,32.4,0.39026280124986706,1.0085192918777466,0.03847222222222222,0.008519247174263,0.4188832087289013,1.0085192918777466,0.02775,7.631825168803477,0.011583333333333333,27,0.1899267357720664,0.2545929769176269,0.4032609332901757,0.2917525562582802,0,0.112875,1.0085192918777466,False,0.0,crackles,3,11.3644,0.0,0.015229189828009537,0.0020008333807640375,0.9893647386746531,8.614706720008922e-07,6.9920637860873125,,False,,0.9347826086956522,0.8402173913043478,0.06956521739130435,0.05543478260869565,0.11630434782608695,0.051086956521739134,0.6347826086956522,0.9978260869565218,0.08260869565217391,0.02826086956521739,0.043478260869565216,0.14402173913043478,0.013043478260869565,0.0641304347826087,0.4172065217391304
110,1p1,110_1p1,Pr,sc,Meditron,110_1p1_Pr_sc_Meditron,/nas/home/pcallandrone/DeepLearning/dataset/ICBHI_2017/ICBHI_final_database/110_1p1_Pr_sc_Meditron.wav,/nas/home/pcallandrone/DeepLearning/dataset/ICBHI_2017/ICBHI_final_database/110_1p1_Pr_sc_Meditron.txt,4000,75.25,0.35605157732138937,1.011812448501587,0.032857142857142856,0.011843016371130943,0.3121260624666382,1.011812448501587,0.00765,10.215399689596023,0.019266666666666668,27,0.1323868911557309,0.13932850255719045,0.2776133434637055,0.4519432400064575,0,0.03975,1.011812448501587,False,0.0,normal,4,14.08972,1.0,0.009878732656875491,0.0016419397282993878,0.9920347352302448,1.197336645873721e-07,9.444468198237303,,False,,0.8380434782608696,0.5576086956521739,0.0391304347826087,0.042391304347826085,0.02826086956521739,0.03260869565217391,0.8532608695652174,0.8320652173913043,0.18369565217391304,0.33260869565217394,0.19510869565217392,0.8347826086956521,0.029347826086956522,0.1673913043478261,0.43367391304347824
111,1b2,111_1b2,Tc,sc,Meditron,111_1b2_Tc_sc_Meditron,/nas/home/pcallandrone/DeepLearning/dataset/ICBHI_2017/ICBHI_final_database/111_1b2_Tc_sc_Meditron.wav,/nas/home/pcallandrone/DeepLearning/dataset/ICBHI_2017/ICBHI_final_database/111_1b2_Tc_sc_Meditron.txt,44100,20.00002267573696,0.006858863497260371,0.050953611731529236,0.0,-1.9773464373429306e-05,0.006710965842228604,0.050750769674777985,0.0,17.573151964915347,0.05046666666666667,27,0.005893071240072399,0.006158536936171497,0.006583218631444701,0.06857015687175524,0,0.0,0.050750769674777985,False,0.0,normal,6,14.978,1.0,0.34804059597407266,0.17559343592532073,0.651876467190854,0.0002693423483993188,132.8469004169551,,False,,0.020652173913043477,0.02608695652173913,0.8336956521739131,0.9119565217391304,0.8478260869565217,0.8456521739130435,0.034782608695652174,0.15,0.7516304347826087,0.9304347826086956,0.6375,0.8347826086956521,0.9804347826086957,0.966304347826087,0.5902717391304348
111,1b3,111_1b3,Tc,sc,Meditron,111_1b3_Tc_sc_Meditron,/nas/home/pcallandrone/DeepLearning/dataset/ICBHI_2017/ICBHI_final_database/111_1b3_Tc_sc_Meditron.wav,/nas/home/pcallandrone/DeepLearning/dataset/ICBHI_2017/ICBHI_final_database/111_1b3_Tc_sc_Meditron.txt,44100,20.00002267573696,0.00645486202536499,0.049421217292547226,0.0,-1.3258453691378236e-05,0.006405562277229963,0.04573153331875801,0.0,17.07316996509739,0.04558333333333333,27,0.005181274817525609,0.005881250664889263,0.006398376535629266,0.06993564854629741,0,0.0,0.04573153331875801,False,0.0,normal,7,14.978,1.0,0.39994227638996155,0.27379171977843925,0.600295308450179,0.00031350463465860685,192.63873772885395,,False,,0.01847826086956522,0.025,0.8728260869565218,0.9576086956521739,0.8358695652173913,0.8804347826086957,0.02826086956521739,0.18695652173913044,0.7516304347826087,0.9304347826086956,0.7880434782608695,0.8347826086956521,0.9902173913043478,0.9130434782608695,0.6059402173913044
112,1b1,112_1b1,Ar,sc,Meditron,112_1b1_Ar_sc_Meditron,/nas/home/pcallandrone/DeepLearning/dataset/ICBHI_2017/ICBHI_final_database/112_1b1_Ar_sc_Meditron.wav,/nas/home/pcallandrone/DeepLearning/dataset/ICBHI_2017/ICBHI_final_database/112_1b1_Ar_sc_Meditron.txt,4000,67.85,0.33889331415590057,1.012291669845581,0.031131171702284452,0.01232214830815792,0.350019719061633,1.012291669845581,0.016583333333333332,9.224263020770934,0.018,27,0.1797404113868231,0.19243513920933938,0.31212081207381004,0.3706018154063859,0,0.109625,1.012291669845581,False,0.0,normal,4,13.063,1.0,0.011914646833804303,0.0028307170077396357,0.9891413597516429,2.5293277936636122e-05,9.86478405405105,,False,,0.8826086956521739,0.7054347826086956,0.04891304347826087,0.08586956521739131,0.06304347826086956,0.05217391304347826,0.12282608695652174,0.8695652173913043,0.125,0.11304347826086956,0.19510869565217392,0.8347826086956521,0.035869565217391305,0.12173913043478261,0.40812500000000007
112,1b1,112_1b1,Lr,sc,Meditron,112_1b1_Lr_sc_Meditron,/nas/home/pcallandrone/DeepLearning/dataset/ICBHI_2017/ICBHI_final_database/112_1b1_Lr_sc_Meditron.wav,/nas/home/pcallandrone/DeepLearning/dataset/ICBHI_2017/ICBHI_final_database/112_1b1_Lr_sc_Meditron.txt,4000,33.6,0.3049064349281622,1.029524326324463,0.009188988095238096,-0.029554786160588264,0.28144579515197665,1.029524326324463,0.0027333333333333333,11.26483696249946,0.01965,27,0.17560555181771054,0.20998126262558447,0.25913282598826143,0.2046255461159277,0,0.00975,1.029524326324463,False,0.0,both,5,12.8923,0.0,0.009752091893721844,0.0009280701139579986,0.9935636073422557,2.765987453806979e-07,9.521976301391813,,False,,0.8021739130434783,0.7543478260869565,0.03695652173913044,0.01956521739130435,0.2141304347826087,0.020652173913043477,0.7880434782608695,0.816304347826087,0.2717391304347826,0.08043478260869565,0.4320652173913043,0.14402173913043478,0.03152173913043478,0.23043478260869565,0.4101902173913044
112,1p1,112_1p1,Ll,sc,Litt3200,112_1p1_Ll_sc_Litt3200,/nas/home/pcallandrone/DeepLearning/dataset/ICBHI_2017/ICBHI_final_database/112_1p1_Ll_sc_Litt3200.wav,/nas/home/pcallandrone/DeepLearning/dataset/ICBHI_2017/ICBHI_final_database/112_1p1_Ll_sc_Litt3200.txt,4000,29.36,0.04673446210168585,0.9935038685798645,1.7029972752043597e-05,0.006465642713010311,0.044588570375303324,0.9935038685798645,0.0,26.95892027186352,0.12106666666666667,27,0.021611448649328763,0.02354288520356747,0.03824568403983586,0.4033143920474199,0,0.0,0.9935038685798645,False,0.0,wheezes,5,15.0,0.7343333333333334,0.1742370756023379,0.025110693200349955,0.8270568642120887,4.356054943682141e-09,33.35530374761963,,False,,0.14021739130434782,0.09891304347826087,0.6097826086956522,0.46630434782608693,0.043478260869565216,0.6195652173913043,0.9423913043478261,0.029347826086956522,0.7516304347826087,0.9891304347826086,0.4320652173913043,0.5956521739130435,0.5760869565217391,0.1108695652173913,0.4586630434782609
112,1p1,112_1p1,Pl,sc,Litt3200,112_1p1_Pl_sc_Litt3200,/nas/home/pcallandrone/DeepLearning/dataset/ICBHI_2017/ICBHI_final_database/112_1p1_Pl_sc_Litt3200.wav,/nas/home/pcallandrone/DeepLearning/dataset/ICBHI_2017/ICBHI_final_database/112_1p1_Pl_sc_Litt3200.txt,4000,30.0,0.10726177455389502,0.9468120336532593,8.333333333333334e-06,-0.053187984973192215,0.10803913560379742,0.9468120336532593,0.0,18.85365335566717,0.049933333333333337,27,0.05985600637206016,0.0632532448076869,0.09004378158278878,0.37586903402876815,0,0.0,0.9468120336532593,False,0.0,both,5,12.6194,0.23158787264053748,0.06736736225054102,0.003101826158343422,0.9328643788572359,5.922043509060468e-10,23.444054746561903,,False,,0.38369565217391305,0.29456521739130437,0.2793478260869565,0.0967391304347826,0.058695652173913045,0.28043478260869564,0.9978260869565218,0.15434782608695652,0.7516304347826087,0.0641304347826087,0.4320652173913043,0.41739130434782606,0.31956521739130433,0.925,0.360804347826087
112,1p1,112_1p1,Pr,sc,Litt3200,112_1p1_Pr_sc_Litt3200,/nas/home/pcallandrone/DeepLearning/dataset/ICBHI_2017/ICBHI_final_database/112_1p1_Pr_sc_Litt3200.wav,/nas/home/pcallandrone/DeepLearning/dataset/ICBHI_2017/ICBHI_final_database/112_1p1_Pr_sc_Litt3200.txt,4000,30.0,0.10347334068841356,1.0466511249542236,1.6666666666666667e-05,-0.04668162018060684,0.10726350316091156,1.0466511249542236,0.00013333333333333334,19.78699935018233,0.0438,27,0.07290504093629203,0.07743153441273655,0.0920312907405125,0.3167771846981821,0,0.001,1.0466511249542236,False,0.0,wheezes,5,12.6677,0.2536293091879346,0.10423929760743791,0.004780212752953744,0.8961827634521571,5.054059805008733e-10,28.814161169179968,,False,,0.3782608695652174,0.35543478260869565,0.4315217391304348,0.12934782608695652,0.10108695652173913,0.43369565217391304,0.9989130434782608,0.20869565217391303,0.4375,0.06630434782608696,0.4320652173913043,0.4282608695652174,0.47608695652173916,0.8304347826086956,0.4095434782608697
113,1b1,113_1b1,Al,sc,Litt3200,113_1b1_Al_sc_Litt3200,/nas/home/pcallandrone/DeepLearning/dataset/ICBHI_2017/ICBHI_final_database/113_1b1_Al_sc_Litt3200.wav,/nas/home/pcallandrone/DeepLearning/dataset/ICBHI_2017/ICBHI_final_database/113_1b1_Al_sc_Litt3200.txt,4000,14.576,0.08377471132112627,1.0072705745697021,1.7151481888035127e-05,-0.007301144301891327,0.08258613542164642,1.0072705745697021,5e-05,21.724780051254896,0.15638333333333335,27,0.03383203167676468,0.03816487660499781,0.08528646503123333,0.3736514899605384,0,0.000375,1.0072705745697021,True,0.0,normal,7,13.1184,1.0,0.3192455741142499,0.23458605522089465,0.6808821152138833,1.2333901770744892e-09,60.52704300791566,,False,,0.2793478260869565,0.1532608695652174,0.8119565217391305,0.9434782608695652,0.059782608695652176,0.8239130434782609,0.9771739130434782,0.015217391304347827,0.4625,0.13152173913043477,0.7880434782608695,0.8347826086956521,0.8695652173913043,0.6108695652173913,0.5555380434782609
113,1b1,113_1b1,Ar,sc,Litt3200,113_1b1_Ar_sc_Litt3200,/nas/home/pcallandrone/DeepLearning/dataset/ICBHI_2017/ICBHI_final_database/113_1b1_Ar_sc_Litt3200.wav,/nas/home/pcallandrone/DeepLearning/dataset/ICBHI_2017/ICBHI_final_database/113_1b1_Ar_sc_Litt3200.txt,4000,15.728,0.10846043257620597,1.0184392929077148,1.5895218718209562e-05,-0.0184697937220335,0.11086028975648725,1.0184392929077148,3.3333333333333335e-05,19.263182738583232,0.07495,27,0.033772284339065595,0.0426826881264103,0.11495146898672949,0.37339795346446386,0,0.00025,1.0184392929077148,False,0.0,normal,8,13.853399999999999,1.0,0.14953092726684086,0.10417540190539297,0.8504743300587695,9.05347423301861e-10,30.680999797029557,,False,,0.39021739130434785,0.175,0.5608695652173913,0.8130434782608695,0.06086956521739131,0.5673913043478261,0.9869565217391304,0.07608695652173914,0.4722826086956522,0.25869565217391305,0.8864130434782609,0.8347826086956521,0.5217391304347826,0.8891304347826087,0.5171413043478261
113,1b1,113_1b1,Ll,sc,Litt3200,113_1b1_Ll_sc_Litt3200,/nas/home/pcallandrone/DeepLearning/dataset/ICBHI_2017/ICBHI_final_database/113_1b1_Ll_sc_Litt3200.wav,/nas/home/pcallandrone/DeepLearning/dataset/ICBHI_2017/ICBHI_final_database/113_1b1_Ll_sc_Litt3200.txt,4000,20.848,0.1203787539888394,0.9988158941268921,1.1991557943207981e-05,-0.0011841201921924949,0.13936046292317883,0.9988158941268921,0.0,17.10691728091723,0.10291666666666667,27,0.08745034423280336,0.09776751428953266,0.12978359088947602,0.23400400358557366,0,0.0,0.9988158941268921,False,0.0,normal,10,14.33421,1.0,0.5201616306006493,0.0737218770085245,0.4815516791898577,3.380570923787256e-10,57.30778279793081,,True,,0.4826086956521739,0.425,0.9315217391304348,0.7434782608695653,0.17717391304347826,0.9380434782608695,1.0,0.041304347826086954,0.7516304347826087,0.4315217391304348,0.9652173913043478,0.8347826086956521,0.8532608695652174,0.9184782608695652,0.6964402173913044
113,1b1,113_1b1,Lr,sc,Litt3200,113_1b1_Lr_sc_Litt3200,/nas/home/pcallandrone/DeepLearning/dataset/ICBHI_2017/ICBHI_final_database/113_1b1_Lr_sc_Litt3200.wav,/nas/home/pcallandrone/DeepLearning/dataset/ICBHI_2017/ICBHI_final_database/113_1b1_Lr_sc_Litt3200.txt,4000,14.576,0.09672245671197,0.9985807538032532,1.7151481888035127e-05,0.0013887523673474789,0.0953473909144855,0.9985807538032532,0.0,20.40148754869837,0.14698333333333333,27,0.04216511680201578,0.06577188725943883,0.09872206267605002,0.24396914779425494,0,0.0,0.9985807538032532,True,0.0,normal,7,14.576,1.0,0.21034468581758964,0.06558136490631239,0.790180272654658,8.650531350605564e-10,36.8994583991648,,False,,0.33695652173913043,0.30543478260869567,0.6826086956521739,0.7195652173913043,0.16630434782608697,0.6923913043478261,0.9891304347826086,0.020652173913043477,0.7516304347826087,0.5005434782608695,0.7880434782608695,0.8347826086956521,0.6467391304347826,0.775,0.5844565217391304
113,1b1,113_1b1,Pl,sc,Litt3200,113_1b1_Pl_sc_Litt3200,/nas/home/pcallandrone/DeepLearning/dataset/ICBHI_2017/ICBHI_final_database/113_1b1_Pl_sc_Litt3200.wav,/nas/home/pcallandrone/DeepLearning/dataset/ICBHI_2017/ICBHI_final_database/113_1b1_Pl_sc_Litt3200.txt,4000,19.632,0.10613064718016266,1.0022494792938232,1.2734311328443357e-05,0.0022494837176054716,0.12013355415187284,1.0022494792938232,1.6666666666666667e-05,18.426230261205024,0.08933333333333333,27,0.03139719973175473,0.09597682561535341,0.11478891393628401,0.27718104238220065,0,0.000125,1.0022494792938232,False,0.0,normal,8,14.012070000000001,1.0,0.3422180595761142,0.17212815564011294,0.6581632506836765,2.893613381734604e-09,61.3762840380188,,False,,0.41739130434782606,0.41847826086956524,0.8326086956521739,0.9065217391304348,0.12717391304347825,0.841304347826087,0.9510869565217391,0.05543478260869565,0.4907608695652174,0.31956521739130433,0.8864130434782609,0.8347826086956521,0.8793478260869565,0.967391304347826,0.6527282608695651
113,1b1,113_1b1,Pr,sc,Litt3200,113_1b1_Pr_sc_Litt3200,/nas/home/pcallandrone/DeepLearning/dataset/ICBHI_2017/ICBHI_final_database/113_1b1_Pr_sc_Litt3200.wav,/nas/home/pcallandrone/DeepLearning/dataset/ICBHI_2017/ICBHI_final_database/113_1b1_Pr_sc_Litt3200.txt,4000,21.936,0.08147082325543378,0.9908632636070251,1.1396790663749088e-05,0.009106242097914219,0.09369607209825782,0.9908632636070251,0.0,20.48584683651809,0.09855,27,0.03453633795403003,0.06069960909824835,0.08072840799238223,0.330500576552969,0,0.0,0.9908632636070251,False,0.0,normal,8,13.6555,1.0,0.4434201122941379,0.14841502412417334,0.5567400824415394,1.6046144397392957e-09,53.22354194783813,,False,,0.33152173913043476,0.2847826086956522,0.9010869565217391,0.8858695652173914,0.08804347826086957,0.9119565217391304,0.9706521739130435,0.04565217391304348,0.7516304347826087,0.22391304347826088,0.8864130434782609,0.8347826086956521,0.825,0.758695652173913,0.6245869565217392
114,1b4,114_1b4,Al,mc,AKGC417L,114_1b4_Al_mc_AKGC417L,/nas/home/pcallandrone/DeepLearning/dataset/ICBHI_2017/ICBHI_final_database/114_1b4_Al_mc_AKGC417L.wav,/nas/home/pcallandrone/DeepLearning/dataset/ICBHI_2017/ICBHI_final_database/114_1b4_Al_mc_AKGC417L.txt,44100,20.0,0.11837673831177532,0.6942368745803833,0.0,1.2881540897069499e-05,0.12448833937084557,0.693507730960846,0.0,14.918452655786012,0.034166666666666665,27,0.08761956773522338,0.09434711669007632,0.10790232100435214,0.23989641606438142,0,0.0,0.693507730960846,False,0.0,both,5,14.673,0.0,0.3983764392945305,0.13896021949494772,0.6018827861072459,8.155928313392178e-06,57.12109535861512,,False,,0.4326086956521739,0.41304347826086957,0.8684782608695653,0.8717391304347826,0.17173913043478262,0.8771739130434782,0.23152173913043478,0.34782608695652173,0.7516304347826087,0.5576086956521739,0.4320652173913043,0.14402173913043478,0.8521739130434782,0.6804347826086956,0.5771521739130436
114,1b4,114_1b4,Ar,mc,AKGC417L,114_1b4_Ar_mc_AKGC417L,/nas/home/pcallandrone/DeepLearning/dataset/ICBHI_2017/ICBHI_final_database/114_1b4_Ar_mc_AKGC417L.wav,/nas/home/pcallandrone/DeepLearning/dataset/ICBHI_2017/ICBHI_final_database/114_1b4_Ar_mc_AKGC417L.txt,44100,20.0,0.14937130353812494,1.000079870223999,0.0013231292517006802,7.985487172845751e-05,0.16578889000010316,1.0091670751571655,0.0013833333333333334,15.688152975702623,0.04935,27,0.09149160341945137,0.10272968539881325,0.1601749406908753,0.2353426140251101,0,0.008875,1.0091670751571655,False,0.0,both,5,14.673,0.0,0.572609241877594,0.48887664218399296,0.42739399825254,5.412223329714027e-05,112.58404150945536,,False,,0.5358695652173913,0.44456521739130433,0.9489130434782609,0.9891304347826086,0.17391304347826086,0.9521739130434783,0.07934782608695652,0.1608695652173913,0.33043478260869563,0.5576086956521739,0.4320652173913043,0.14402173913043478,0.9706521739130435,0.783695652173913,0.5975163043478262
114,1b4,114_1b4,Lr,mc,AKGC417L,114_1b4_Lr_mc_AKGC417L,/nas/home/pcallandrone/DeepLearning/dataset/ICBHI_2017/ICBHI_final_database/114_1b4_Lr_mc_AKGC417L.wav,/nas/home/pcallandrone/DeepLearning/dataset/ICBHI_2017/ICBHI_final_database/114_1b4_Lr_mc_AKGC417L.txt,44100,20.0,0.03466151412145988,0.3179388642311096,0.0,3.8919861253816634e-05,0.035824159942582055,0.3173029124736786,0.0,18.94596084024466,0.0502,27,0.02712833437104041,0.028024626487637233,0.03271908797336368,0.17882832435403795,0,0.0,0.3173029124736786,False,0.0,both,5,14.673,0.0,0.3376366118768404,0.11943401922415431,0.6628386524422626,3.4732325677626614e-06,50.42912023083691,,False,,0.10760869565217392,0.1108695652173913,0.8293478260869566,0.8391304347826087,0.2728260869565217,0.8391304347826087,0.3717391304347826,0.15108695652173912,0.7516304347826087,0.5576086956521739,0.4320652173913043,0.14402173913043478,0.8108695652173913,0.9097826086956522,0.4822173913043479
114,1b4,114_1b4,Pl,mc,AKGC417L,114_1b4_Pl_mc_AKGC417L,/nas/home/pcallandrone/DeepLearning/dataset/ICBHI_2017/ICBHI_final_database/114_1b4_Pl_mc_AKGC417L.wav,/nas/home/pcallandrone/DeepLearning/dataset/ICBHI_2017/ICBHI_final_database/114_1b4_Pl_mc_AKGC417L.txt,44100,20.0,0.15691000431554003,1.0000320672988892,8.049886621315192e-05,-6.255594780668616e-05,0.17386617418540184,1.0014655590057373,0.0001,15.208418402768311,0.048766666666666666,27,0.08151755613027886,0.10057690900310488,0.16184558766221177,0.34557938179473,0,0.00075,1.0014655590057373,False,0.0,both,5,14.673,0.0,0.8835702026878126,0.4749653188849607,0.11656904344845018,5.494891040143826e-07,95.54037938721078,,True,,0.5554347826086956,0.4391304347826087,1.0,0.9869565217391304,0.0782608695652174,1.0,0.7021739130434783,0.1673913043478261,0.4451086956521739,0.5576086956521739,0.4320652173913043,0.14402173913043478,0.9586956521739131,0.7152173913043478,0.6466521739130435
114,1b4,114_1b4,Pr,mc,AKGC417L,114_1b4_Pr_mc_AKGC417L,/nas/home/pcallandrone/DeepLearning/dataset/ICBHI_2017/ICBHI_final_database/114_1b4_Pr_mc_AKGC417L.wav,/nas/home/pcallandrone/DeepLearning/dataset/ICBHI_2017/ICBHI_final_database/114_1b4_Pr_mc_AKGC417L.txt,44100,20.0,0.08118905119325147,0.6054906249046326,0.0,0.00019304391753394157,0.0850177826263438,0.6039875745773315,0.0,17.03036459883799,0.04201666666666667,27,0.058180846076945424,0.06058110693428266,0.0844017536819296,0.16246466369828633,0,0.0,0.6039875745773315,False,0.0,both,5,14.673,0.0,0.2928997671227693,0.12036050995181248,0.7491230534845349,1.6121080325331277e-06,42.27594322376438,,False,,0.2902173913043478,0.2826086956521739,0.7858695652173913,0.841304347826087,0.32608695652173914,0.7489130434782608,0.5217391304347826,0.22934782608695653,0.7516304347826087,0.5576086956521739,0.4320652173913043,0.14402173913043478,0.7271739130434782,0.907608695652174,0.5396630434782609
115,1b1,115_1b1,Ar,sc,Meditron,115_1b1_Ar_sc_Meditron,/nas/home/pcallandrone/DeepLearning/dataset/ICBHI_2017/ICBHI_final_database/115_1b1_Ar_sc_Meditron.wav,/nas/home/pcallandrone/DeepLearning/dataset/ICBHI_2017/ICBHI_final_database/115_1b1_Ar_sc_Meditron.txt,44100,20.0,0.1055801290649206,0.6983451843261719,0.0,0.00022519074263982475,0.11397067477147202,0.6982543468475342,0.0,15.744410561269637,0.038033333333333336,27,0.0480693322885952,0.05237755286394039,0.07750325210535255,0.5365925057571815,0,0.0,0.6982543468475342,False,0.0,wheezes,18,14.936,0.9550080342795929,0.02557242879827002,0.009026063582075795,0.9744698798648157,6.515135196863598e-07,12.901904528615658,,False,,0.40108695652173915,0.23804347826086958,0.12065217391304348,0.20434782608695654,0.017391304347826087,0.1282608695652174,0.6804347826086956,0.2891304347826087,0.7516304347826087,0.7358695652173913,1.0,0.6663043478260869,0.08804347826086957,0.7913043478260869,0.3811358695652174
116,1b2,116_1b2,Pl,sc,Meditron,116_1b2_Pl_sc_Meditron,/nas/home/pcallandrone/DeepLearning/dataset/ICBHI_2017/ICBHI_final_database/116_1b2_Pl_sc_Meditron.wav,/nas/home/pcallandrone/DeepLearning/dataset/ICBHI_2017/ICBHI_final_database/116_1b2_Pl_sc_Meditron.txt,44100,20.00002267573696,0.0264743645247715,0.46410971879959106,0.0,-3.212493902537972e-05,0.023672368194298014,0.157393217086792,0.0,16.45488606819017,0.0282,27,0.020202478439214685,0.02170455607530415,0.02311020940520924,0.08693361030069387,0,0.0,0.157393217086792,False,0.0,wheezes,3,14.978,0.2288690078782213,0.11788810846046739,0.018027481982664604,0.8821204261010742,1.7344433075313088e-06,34.45307978020005,,False,,0.07173913043478261,0.0891304347826087,0.47608695652173916,0.34782608695652173,0.7130434782608696,0.47934782608695653,0.5065217391304347,0.4945652173913043,0.7516304347826087,0.9304347826086956,0.043478260869565216,0.4108695652173913,0.6021739130434782,0.8521739130434782,0.4512989130434783
116,1b2,116_1b2,Tc,sc,Meditron,116_1b2_Tc_sc_Meditron,/nas/home/pcallandrone/DeepLearning/dataset/ICBHI_2017/ICBHI_final_database/116_1b2_Tc_sc_Meditron.wav,/nas/home/pcallandrone/DeepLearning/dataset/ICBHI_2017/ICBHI_final_database/116_1b2_Tc_sc_Meditron.txt,44100,20.00002267573696,0.010662508401076253,0.08786330372095108,0.0,-3.371642014826648e-05,0.010549795102042694,0.08736252784729004,0.0,18.36162325888301,0.07533333333333334,27,0.008553498531556855,0.009124524048274187,0.010371913572158407,0.1100743669313046,0,0.0,0.08736252784729004,False,0.0,normal,3,14.978,1.0,0.20177919550081577,0.09967284855038216,0.7991821674171321,1.900162903657383e-05,87.7773539272737,,False,,0.03260869565217391,0.03804347826086957,0.6695652173913044,0.8032608695652174,0.5467391304347826,0.6782608695652174,0.1391304347826087,0.07282608695652174,0.7516304347826087,0.9304347826086956,0.043478260869565216,0.8347826086956521,0.9532608695652174,0.9739130434782609,0.5020597826086957
117,1b2,117_1b2,Tc,mc,LittC2SE,117_1b2_Tc_mc_LittC2SE,/nas/home/pcallandrone/DeepLearning/dataset/ICBHI_2017/ICBHI_final_database/117_1b2_Tc_mc_LittC2SE.wav,/nas/home/pcallandrone/DeepLearning/dataset/ICBHI_2017/ICBHI_final_database/117_1b2_Tc_mc_LittC2SE.txt,44100,20.0,0.004964014972285796,0.026121385395526886,0.0,-8.694269126863219e-06,0.004971801169394912,0.025899779051542282,0.0,14.335645965619019,0.02485,27,0.004126725833224372,0.004507628506917788,0.004712641119890374,0.08164586501583138,0,0.0,0.025899779051542282,False,0.0,normal,5,14.664,1.0,0.14445554353765,0.03471626375534294,0.8562201895807661,3.7775988137787776e-06,34.464526764867706,,False,,0.010869565217391304,0.015217391304347827,0.5543478260869565,0.5554347826086956,0.7630434782608696,0.558695652173913,0.3576086956521739,0.6141304347826086,0.7516304347826087,0.5543478260869565,0.4320652173913043,0.8347826086956521,0.6032608695652174,0.6173913043478261,0.4800652173913043
117,1b3,117_1b3,Tc,mc,LittC2SE,117_1b3_Tc_mc_LittC2SE,/nas/home/pcallandrone/DeepLearning/dataset/ICBHI_2017/ICBHI_final_database/117_1b3_Tc_mc_LittC2SE.wav,/nas/home/pcallandrone/DeepLearning/dataset/ICBHI_2017/ICBHI_final_database/117_1b3_Tc_mc_LittC2SE.txt,44100,20.0,0.0057504869762411,0.03438045084476471,0.0,-2.368010655118269e-06,0.0059034238064957206,0.03405892848968506,0.0,15.222540221035937,0.026766666666666668,27,0.004844046735115306,0.005078774279789102,0.005618099615603934,0.10882747982977735,0,0.0,0.03405892848968506,False,0.0,wheezes,4,14.978000000000002,0.0,0.11145641428023706,0.023679091369114776,0.8887633839973124,2.9187069104518493e-06,34.49271016658477,,False,,0.015217391304347827,0.017391304347826087,0.45543478260869563,0.4423913043478261,0.5543478260869565,0.4597826086956522,0.4141304347826087,0.5532608695652174,0.7516304347826087,0.9521739130434783,0.19510869565217392,0.14402173913043478,0.6043478260869565,0.717391304347826,0.396804347826087
118,1b1,118_1b1,Al,sc,Litt3200,118_1b1_Al_sc_Litt3200,/nas/home/pcallandrone/DeepLearning/dataset/ICBHI_2017/ICBHI_final_database/118_1b1_Al_sc_Litt3200.wav,/nas/home/pcallandrone/DeepLearning/dataset/ICBHI_2017/ICBHI_final_database/118_1b1_Al_sc_Litt3200.txt,4000,15.472,0.10760894372629597,1.0070054531097412,1.6158221302998967e-05,0.007005499210208654,0.10907874754976711,1.0070054531097412,3.3333333333333335e-05,19.305833584902157,0.0741,27,0.037720536188542396,0.04356146230875473,0.10304070110082242,0.41569254554268503,0,0.00025,1.0070054531097412,False,0.0,wheezes,9,15.0,0.4576473333333333,0.2764949983482351,0.24719780005001943,0.7235309851115138,9.47055838641377e-10,58.58278362830477,,False,,0.3869565217391304,0.1782608695652174,0.7641304347826087,0.95,0.034782608695652174,0.7793478260869565,0.9847826086956522,0.07934782608695652,0.4722826086956522,0.9891304347826086,0.9353260869565218,0.5108695652173914,0.8597826086956522,0.8847826086956522,0.6099565217391304
118,1b1,118_1b1,Ar,sc,Litt3200,118_1b1_Ar_sc_Litt3200,/nas/home/pcallandrone/DeepLearning/dataset/ICBHI_2017/ICBHI_final_database/118_1b1_Ar_sc_Litt3200.wav,/nas/home/pcallandrone/DeepLearning/dataset/ICBHI_2017/ICBHI_final_database/118_1b1_Ar_sc_Litt3200.txt,4000,18.352,0.1437879735790611,1.0060991048812866,1.362249346120314e-05,0.0060991025529801846,0.15153421550346902,1.0060991048812866,1.6666666666666667e-05,16.4426011472776,0.054066666666666666,27,0.09762370356490922,0.11286205528675267,0.15206915771337434,0.19205951518925413,0,0.000125,1.0060991048812866,False,0.0,wheezes,9,14.088320000000001,0.15835812928723936,0.35692566514941293,0.30814973662538037,0.6432279894317762,9.299622686294455e-10,61.519078280963484,,False,,0.5184782608695652,0.48043478260869565,0.8456521739130435,0.966304347826087,0.24130434782608695,0.8543478260869565,0.9858695652173913,0.13695652173913042,0.4907608695652174,0.33152173913043476,0.9353260869565218,0.36195652173913045,0.8804347826086957,0.85,0.6652826086956523
118,1b1,118_1b1,Ll,sc,Litt3200,118_1b1_Ll_sc_Litt3200,/nas/home/pcallandrone/DeepLearning/dataset/ICBHI_2017/ICBHI_final_database/118_1b1_Ll_sc_Litt3200.wav,/nas/home/pcallandrone/DeepLearning/dataset/ICBHI_2017/ICBHI_final_database/118_1b1_Ll_sc_Litt3200.txt,4000,12.528,0.05900811327794106,0.9986335039138794,1.9955300127713922e-05,0.0013359716394916177,0.06597155169723244,0.9986335039138794,0.0,23.600988653375804,0.12095,27,0.025916979814934727,0.028411799998415067,0.061555314891682124,0.48819592411374213,0,0.0,0.9986335039138794,True,0.0,wheezes,5,11.5783,0.7860394012937997,0.18665944361154566,0.1325152220331568,0.8134841775080174,4.8815221483479625e-09,45.495179958392136,,False,,0.21304347826086956,0.11630434782608695,0.6467391304347826,0.8630434782608696,0.02608695652173913,0.657608695652174,0.9402173913043478,0.030434782608695653,0.7516304347826087,0.043478260869565216,0.4320652173913043,0.6326086956521739,0.7760869565217391,0.34891304347826085,0.4578478260869566
118,1b1,118_1b1,Lr,sc,Litt3200,118_1b1_Lr_sc_Litt3200,/nas/home/pcallandrone/DeepLearning/dataset/ICBHI_2017/ICBHI_final_database/118_1b1_Lr_sc_Litt3200.wav,/nas/home/pcallandrone/DeepLearning/dataset/ICBHI_2017/ICBHI_final_database/118_1b1_Lr_sc_Litt3200.txt,4000,20.08,0.09431962233450478,0.9953446388244629,2.4900398406374503e-05,-0.0046553825959563255,0.10173212753912747,0.9953446388244629,0.0,19.810307081786448,0.08515,27,0.048188111492775326,0.05813141298710621,0.10049698493388132,0.3227659343441947,0,0.0,0.9953446388244629,False,0.0,wheezes,7,8.405999999999999,0.3179871520342612,0.28483100768600744,0.13220784330481802,0.7157531264077042,8.286260896922589e-10,53.836862216476526,,False,,0.35978260869565215,0.27391304347826084,0.7782608695652173,0.8619565217391304,0.09456521739130434,0.7891304347826087,0.991304347826087,0.06304347826086956,0.7516304347826087,0.004347826086956522,0.7880434782608695,0.46304347826086956,0.8282608695652174,0.8271739130434783,0.5529076086956523
118,1b1,118_1b1,Pl,sc,Litt3200,118_1b1_Pl_sc_Litt3200,/nas/home/pcallandrone/DeepLearning/dataset/ICBHI_2017/ICBHI_final_database/118_1b1_Pl_sc_Litt3200.wav,/nas/home/pcallandrone/DeepLearning/dataset/ICBHI_2017/ICBHI_final_database/118_1b1_Pl_sc_Litt3200.txt,4000,12.464,0.12700008613548272,1.009705901145935,2.0057766367137354e-05,0.009705924428999424,0.12965751957777233,1.009705901145935,1.6666666666666667e-05,17.82794370172641,0.045316666666666665,27,0.0656334096915649,0.07044977566402433,0.11968738242815433,0.35219677418353196,0,0.000125,1.009705901145935,True,0.0,normal,5,12.464,1.0,0.2603934724620082,0.21594868199420963,0.7396465732302265,3.668629955333875e-08,52.33916255758913,,False,,0.4532608695652174,0.32282608695652176,0.7445652173913043,0.9369565217391305,0.07282608695652174,0.7565217391304347,0.9065217391304348,0.19130434782608696,0.4907608695652174,0.06141304347826087,0.4320652173913043,0.8347826086956521,0.8195652173913044,0.9880434782608696,0.5891576086956521
118,1b1,118_1b1,Pr,sc,Litt3200,118_1b1_Pr_sc_Litt3200,/nas/home/pcallandrone/DeepLearning/dataset/ICBHI_2017/ICBHI_final_database/118_1b1_Pr_sc_Litt3200.wav,/nas/home/pcallandrone/DeepLearning/dataset/ICBHI_2017/ICBHI_final_database/118_1b1_Pr_sc_Litt3200.txt,4000,12.464,0.08886309732607892,1.0028438568115234,2.0057766367137354e-05,0.002843869151547551,0.08951793600104122,1.0028438568115234,1.6666666666666667e-05,20.986465155779314,0.06861666666666667,27,0.05176377468942317,0.05533459157061905,0.07768993892586629,0.30601452841459037,0,0.000125,1.0028438568115234,True,0.0,wheezes,5,12.464,0.5716142490372274,0.4241221209875483,0.3918168560577376,0.5761132031077314,3.8911730140718726e-08,119.01912622559438,,False,,0.30869565217391304,0.2543478260869565,0.8880434782608696,0.9782608695652174,0.10652173913043478,0.8989130434782608,0.9043478260869565,0.09239130434782608,0.4907608695652174,0.06141304347826087,0.4320652173913043,0.5489130434782609,0.9717391304347827,0.691304347826087,0.5675054347826087
119,1b1,119_1b1,Ar,sc,Meditron,119_1b1_Ar_sc_Meditron,/nas/home/pcallandrone/DeepLearning/dataset/ICBHI_2017/ICBHI_final_database/119_1b1_Ar_sc_Meditron.wav,/nas/home/pcallandrone/DeepLearning/dataset/ICBHI_2017/ICBHI_final_database/119_1b1_Ar_sc_Meditron.txt,44100,20.0,0.01565794041129723,0.0851040631532669,0.0,-9.341773875348736e-06,0.016789767567824753,0.08439816534519196,0.0,14.025766389278669,0.023283333333333333,27,0.012003132346451882,0.013608646729977263,0.016225555337839783,0.13225013875561392,0,0.0,0.08439816534519196,False,0.0,normal,7,14.964,1.0,0.025438402752106296,0.006002514062180094,0.9778462845586745,8.393046368996751e-07,11.742468026038937,,False,,0.05217391304347826,0.06195652173913044,0.11847826086956521,0.14565217391304347,0.4315217391304348,0.10978260869565218,0.6380434782608696,0.6793478260869565,0.7516304347826087,0.871195652173913,0.7880434782608695,0.8347826086956521,0.06847826086956521,0.5608695652173913,0.3648804347826087
120,1b1,120_1b1,Al,sc,Meditron,120_1b1_Al_sc_Meditron,/nas/home/pcallandrone/DeepLearning/dataset/ICBHI_2017/ICBHI_final_database/120_1b1_Al_sc_Meditron.wav,/nas/home/pcallandrone/DeepLearning/dataset/ICBHI_2017/ICBHI_final_database/120_1b1_Al_sc_Meditron.txt,4000,66.75,0.2672555228132362,1.1502304077148438,0.010647940074906367,0.15026095509529114,0.2153355305928095,0.7335128784179688,0.0,10.645840964823671,0.014783333333333334,27,0.14451470165317146,0.16803042719794478,0.1958722445818211,0.22083049368228913,0,0.0,0.7335128784179688,False,0.0,normal,5,14.10641,1.0,0.0824244936953383,0.0018538633890923348,0.971905616841257,4.4982536605267346e-07,10.876466391707297,,False,,0.6663043478260869,0.6391304347826087,0.35543478260869565,0.05,0.1956521739130435,0.13369565217391305,0.7315217391304348,0.9608695652173913,0.7516304347826087,0.3391304347826087,0.4320652173913043,0.8347826086956521,0.04891304347826087,0.19130434782608696,0.5156521739130435
120,1b1,120_1b1,Ar,sc,Meditron,120_1b1_Ar_sc_Meditron,/nas/home/pcallandrone/DeepLearning/dataset/ICBHI_2017/ICBHI_final_database/120_1b1_Ar_sc_Meditron.wav,/nas/home/pcallandrone/DeepLearning/dataset/ICBHI_2017/ICBHI_final_database/120_1b1_Ar_sc_Meditron.txt,4000,66.75,0.33585086094521716,1.0328354835510254,0.03191011235955056,0.03286604955792427,0.25128542566036494,0.9671034216880798,0.0,11.706112381456544,0.017583333333333333,27,0.17916183941664054,0.22208316533657116,0.25812046492523344,0.10235331753118798,0,0.0,0.9671034216880798,False,0.0,normal,6,14.19254,1.0,0.01817788733162992,0.0006705517108152252,0.9921116996788275,1.0091435289128338e-07,6.829442223310154,,False,,0.7434782608695653,0.7815217391304348,0.08369565217391305,0.009782608695652175,0.6,0.03152173913043478,0.866304347826087,0.8869565217391304,0.7516304347826087,0.3815217391304348,0.6375,0.8347826086956521,0.011956521739130435,0.26521739130434785,0.5575760869565217
120,1b1,120_1b1,Lr,sc,Meditron,120_1b1_Lr_sc_Meditron,/nas/home/pcallandrone/DeepLearning/dataset/ICBHI_2017/ICBHI_final_database/120_1b1_Lr_sc_Meditron.wav,/nas/home/pcallandrone/DeepLearning/dataset/ICBHI_2017/ICBHI_final_database/120_1b1_Lr_sc_Meditron.txt,4000,86.2,0.3182289208577231,1.0850986242294312,0.02109048723897912,-0.08512919396162033,0.19090472985171195,0.7795863747596741,0.0,12.220951025870775,0.017933333333333332,27,0.12229090293019697,0.1432961996170324,0.19274687984127858,0.21630899739690582,0,0.0,0.7795863747596741,False,0.0,normal,7,13.9016,1.0,0.018816928539093117,0.001229162413975161,0.9888042282074959,3.0211025016908176e-07,6.650468046105605,,False,,0.5967391304347827,0.5706521739130435,0.0891304347826087,0.029347826086956522,0.19891304347826086,0.05434782608695652,0.7782608695652173,0.875,0.7516304347826087,0.28695652173913044,0.7880434782608695,0.8347826086956521,0.008695652173913044,0.33043478260869563,0.45797282608695655
120,1b1,120_1b1,Pl,sc,Meditron,120_1b1_Pl_sc_Meditron,/nas/home/pcallandrone/DeepLearning/dataset/ICBHI_2017/ICBHI_final_database/120_1b1_Pl_sc_Meditron.wav,/nas/home/pcallandrone/DeepLearning/dataset/ICBHI_2017/ICBHI_final_database/120_1b1_Pl_sc_Meditron.txt,4000,67.4,0.28819962501751994,1.0156664848327637,0.0036795252225519286,0.01569700427353382,0.25487391449553815,0.9842724800109863,0.0,11.735799064286141,0.017383333333333334,27,0.17370401688528644,0.2281546193908314,0.24864079746850715,0.11342217533870373,0,0.0,0.9842724800109863,False,0.0,normal,5,12.1083,1.0,0.012100163995626977,0.0008342066685113604,0.9916442781617005,1.33424935754773e-07,5.124169888498159,,False,,0.7543478260869565,0.7934782608695652,0.05217391304347826,0.014130434782608696,0.5217391304347826,0.03695652173913044,0.8456521739130435,0.8956521739130435,0.7516304347826087,0.04782608695652174,0.4320652173913043,0.8347826086956521,0.002173913043478261,0.26956521739130435,0.5193586956521739
120,1b1,120_1b1,Pr,sc,Meditron,120_1b1_Pr_sc_Meditron,/nas/home/pcallandrone/DeepLearning/dataset/ICBHI_2017/ICBHI_final_database/120_1b1_Pr_sc_Meditron.wav,/nas/home/pcallandrone/DeepLearning/dataset/ICBHI_2017/ICBHI_final_database/120_1b1_Pr_sc_Meditron.txt,4000,67.4,0.24963120254629315,1.0032821893692017,0.0021327893175074183,0.0033126776106655598,0.2966909974111228,1.0032821893692017,0.0007333333333333333,10.582374676657132,0.013433333333333334,27,0.2173808535411712,0.22241835214648883,0.29889097832379086,0.1655266549904936,0,0.0055,1.0032821893692017,False,0.0,crackles,5,11.754999999999999,0.7905316886431306,0.012033277552953794,0.0006875778554733128,0.9935835547620488,3.443706460863391e-07,7.490251404727373,,False,,0.8184782608695652,0.782608695652174,0.051086956521739134,0.010869565217391304,0.3119565217391304,0.01956521739130435,0.7565217391304347,0.9847826086956522,0.36141304347826086,0.04456521739130435,0.4320652173913043,0.6347826086956522,0.01847826086956522,0.18804347826086956,0.4725108695652173
121,1b1,121_1b1,Tc,sc,Meditron,121_1b1_Tc_sc_Meditron,/nas/home/pcallandrone/DeepLearning/dataset/ICBHI_2017/ICBHI_final_database/121_1b1_Tc_sc_Meditron.wav,/nas/home/pcallandrone/DeepLearning/dataset/ICBHI_2017/ICBHI_final_database/121_1b1_Tc_sc_Meditron.txt,44100,20.0,0.06167169881308186,0.44564157724380493,0.0,-2.3911165044410154e-05,0.05988099359763153,0.44534844160079956,0.0,17.428218765750017,0.07153333333333334,27,0.04887641923552979,0.053391963965607685,0.05942154843729111,0.08148072779131217,0,0.0,0.44534844160079956,False,0.0,normal,5,14.992999999999999,1.0,0.14355942021380405,0.007856534889041667,0.8564543433389585,1.0923568489125429e-05,36.01391475492532,,False,,0.1923913043478261,0.24782608695652175,0.5489130434782609,0.17065217391304346,0.7641304347826087,0.5565217391304348,0.20217391304347826,0.08586956521739131,0.7516304347826087,0.971195652173913,0.4320652173913043,0.8347826086956521,0.6315217391304347,0.9543478260869566,0.5128967391304349
121,1p1,121_1p1,Tc,sc,Meditron,121_1p1_Tc_sc_Meditron,/nas/home/pcallandrone/DeepLearning/dataset/ICBHI_2017/ICBHI_final_database/121_1p1_Tc_sc_Meditron.wav,/nas/home/pcallandrone/DeepLearning/dataset/ICBHI_2017/ICBHI_final_database/121_1p1_Tc_sc_Meditron.txt,44100,20.0,0.10056205868027362,0.7055273056030273,0.0,-8.294401777675375e-05,0.10023770863891862,0.559535562992096,0.0,14.935931275543782,0.04111666666666667,27,0.08610856720150828,0.08860615478599825,0.10053589834958056,0.08465767420692936,0,0.0,0.559535562992096,False,0.0,normal,6,14.963999999999999,1.0,0.07883904283175987,0.00638032944736251,0.9212658855986089,5.6694487333073706e-05,31.872895264423967,,False,,0.358695652173913,0.3934782608695652,0.3423913043478261,0.15217391304347827,0.7434782608695653,0.35108695652173916,0.07717391304347826,0.24239130434782608,0.7516304347826087,0.845108695652174,0.6375,0.8347826086956521,0.5478260869565217,0.6815217391304348,0.49845108695652174
122,2b1,122_2b1,Al,mc,LittC2SE,122_2b1_Al_mc_LittC2SE,/nas/home/pcallandrone/DeepLearning/dataset/ICBHI_2017/ICBHI_final_database/122_2b1_Al_mc_LittC2SE.wav,/nas/home/pcallandrone/DeepLearning/dataset/ICBHI_2017/ICBHI_final_database/122_2b1_Al_mc_LittC2SE.txt,44100,20.0,0.05754753714417468,0.32633504271507263,0.0,-4.997689393348992e-05,0.059562528641618706,0.32623881101608276,0.0,14.771249961854934,0.028816666666666668,27,0.04025706454661248,0.04770489980796997,0.05622577051742911,0.2227923294563597,0,0.0,0.32623881101608276,False,0.0,wheezes,5,14.807,0.5012494090632809,0.010530223747047153,0.0033915988587763513,0.9900392769368604,2.8229117142827773e-07,11.564254807982051,,False,,0.1891304347826087,0.2076086956521739,0.04021739130434782,0.10326086956521739,0.19021739130434784,0.04673913043478261,0.7858695652173913,0.4673913043478261,0.7516304347826087,0.5929347826086957,0.4320652173913043,0.525,0.06304347826086956,0.6630434782608695,0.31150543478260867
122,2b1,122_2b1,Ar,mc,LittC2SE,122_2b1_Ar_mc_LittC2SE,/nas/home/pcallandrone/DeepLearning/dataset/ICBHI_2017/ICBHI_final_database/122_2b1_Ar_mc_LittC2SE.wav,/nas/home/pcallandrone/DeepLearning/dataset/ICBHI_2017/ICBHI_final_database/122_2b1_Ar_mc_LittC2SE.txt,44100,20.0,0.07833437555092498,0.32596564292907715,0.0,-6.483587640104815e-05,0.0799135469682185,0.32554230093955994,0.0,12.199740418638838,0.015566666666666666,27,0.06695071068043235,0.07051057128476453,0.08051879585889327,0.09614291931550678,0,0.0,0.32554230093955994,False,0.0,wheezes,5,14.950000000000001,0.7363210702341138,0.02572321305684275,0.006316260603374681,0.9742799492784804,2.0993701985627016e-07,14.384142127504454,,False,,0.2673913043478261,0.3239130434782609,0.12282608695652174,0.15108695652173912,0.6456521739130435,0.12934782608695652,0.8119565217391305,0.9489130434782609,0.7516304347826087,0.7880434782608695,0.4320652173913043,0.5978260869565217,0.11630434782608695,0.32717391304347826,0.45086956521739135
122,2b1,122_2b1,Tc,mc,LittC2SE,122_2b1_Tc_mc_LittC2SE,/nas/home/pcallandrone/DeepLearning/dataset/ICBHI_2017/ICBHI_final_database/122_2b1_Tc_mc_LittC2SE.wav,/nas/home/pcallandrone/DeepLearning/dataset/ICBHI_2017/ICBHI_final_database/122_2b1_Tc_mc_LittC2SE.txt,44100,20.0,0.0799642961129435,0.47702980041503906,0.0,-1.5012486073828768e-05,0.08205981517269946,0.4764867424964905,0.0,15.27840573188669,0.031516666666666665,27,0.05643238922955381,0.05890962571430893,0.07556841836283155,0.17742566698846898,0,0.0,0.4764867424964905,False,0.0,wheezes,5,14.993,0.0,0.02838855691391684,0.011126165437565139,0.9716265510875536,4.2881044979610385e-07,16.03320701790244,,False,,0.275,0.2782608695652174,0.1282608695652174,0.2358695652173913,0.2793478260869565,0.13478260869565217,0.7358695652173913,0.39402173913043476,0.7516304347826087,0.9755434782608695,0.4320652173913043,0.14402173913043478,0.1532608695652174,0.7228260869565217,0.36834782608695654
122,2b2,122_2b2,Al,mc,LittC2SE,122_2b2_Al_mc_LittC2SE,/nas/home/pcallandrone/DeepLearning/dataset/ICBHI_2017/ICBHI_final_database/122_2b2_Al_mc_LittC2SE.wav,/nas/home/pcallandrone/DeepLearning/dataset/ICBHI_2017/ICBHI_final_database/122_2b2_Al_mc_LittC2SE.txt,44100,20.0,0.055072456755146396,0.24631629884243011,0.0,0.00012172578135505319,0.05696321143538361,0.22245892882347107,0.0,11.833107504677026,0.014783333333333334,27,0.04288559235769568,0.04854809750481184,0.056688688753275124,0.1110205520872029,0,0.0,0.22245892882347107,False,0.0,normal,5,14.964,1.0,0.011020911802756238,0.002767908140734052,0.9898279844595257,3.3481235140770133e-07,12.354302848010144,,False,,0.17608695652173914,0.21304347826086956,0.043478260869565216,0.07934782608695652,0.5402173913043479,0.04782608695652174,0.7630434782608696,0.9608695652173913,0.7516304347826087,0.871195652173913,0.4320652173913043,0.8347826086956521,0.075,0.2793478260869565,0.4042445652173913
122,2b2,122_2b2,Ar,mc,LittC2SE,122_2b2_Ar_mc_LittC2SE,/nas/home/pcallandrone/DeepLearning/dataset/ICBHI_2017/ICBHI_final_database/122_2b2_Ar_mc_LittC2SE.wav,/nas/home/pcallandrone/DeepLearning/dataset/ICBHI_2017/ICBHI_final_database/122_2b2_Ar_mc_LittC2SE.txt,44100,20.0,0.08257676536386689,0.36673271656036377,0.0,0.000112996029201895,0.08739095951728097,0.3662053942680359,0.0,12.445164579940904,0.017733333333333334,27,0.07308995735252058,0.07619331123359849,0.08584935341303747,0.10237513105309991,0,0.0,0.3662053942680359,False,0.0,normal,5,14.964,1.0,0.01851642271155183,0.002373145762841356,0.9815549208114155,2.1336004500992149e-07,13.685365909118055,,False,,0.29891304347826086,0.34891304347826085,0.08695652173913043,0.06956521739130435,0.5989130434782609,0.09782608695652174,0.8108695652173913,0.883695652173913,0.7516304347826087,0.871195652173913,0.4320652173913043,0.8347826086956521,0.10760869565217392,0.3521739130434783,0.4622010869565218
122,2b2,122_2b2,Tc,mc,LittC2SE,122_2b2_Tc_mc_LittC2SE,/nas/home/pcallandrone/DeepLearning/dataset/ICBHI_2017/ICBHI_final_database/122_2b2_Tc_mc_LittC2SE.wav,/nas/home/pcallandrone/DeepLearning/dataset/ICBHI_2017/ICBHI_final_database/122_2b2_Tc_mc_LittC2SE.txt,44100,20.0,0.08871353925127587,0.9999606013298035,0.00017913832199546484,3.9257491152966395e-05,0.09412529002230494,1.0023210048675537,0.00021666666666666666,20.54601007582026,0.05145,27,0.06950442181530499,0.07779561259313873,0.09387797569807364,0.17929566779918976,0,0.001625,1.0023210048675537,False,0.0,wheezes,5,14.95,0.07264214046822737,0.03437622542782994,0.011552133909924496,0.9657258049074537,3.6333079816705554e-07,16.65869902009814,,False,,0.3347826086956522,0.3565217391304348,0.16195652173913044,0.24347826086956523,0.26956521739130435,0.1673913043478261,0.7478260869565218,0.14891304347826087,0.41630434782608694,0.775,0.4320652173913043,0.30543478260869567,0.1641304347826087,0.7510869565217392,0.3755815217391305
122,2b3,122_2b3,Al,mc,LittC2SE,122_2b3_Al_mc_LittC2SE,/nas/home/pcallandrone/DeepLearning/dataset/ICBHI_2017/ICBHI_final_database/122_2b3_Al_mc_LittC2SE.wav,/nas/home/pcallandrone/DeepLearning/dataset/ICBHI_2017/ICBHI_final_database/122_2b3_Al_mc_LittC2SE.txt,44100,20.0,0.05797030043965122,0.2152199000120163,0.0,9.651444270275533e-05,0.05711585988638723,0.2148612141609192,0.0,11.508026105256818,0.013866666666666666,27,0.04029798688863911,0.04470989927066358,0.05468488202381654,0.16117561278336787,0,0.0,0.2148612141609192,False,0.0,wheezes,4,14.964,0.7460572039561615,0.01553315248962885,0.004963969643744272,0.9852544589067325,3.434219546200949e-07,13.314909358049473,,False,,0.17717391304347826,0.1815217391304348,0.07173913043478261,0.13478260869565217,0.3282608695652174,0.075,0.7576086956521739,0.9815217391304348,0.7516304347826087,0.871195652173913,0.19510869565217392,0.6065217391304348,0.09565217391304348,0.24891304347826088,0.3639619565217391
122,2b3,122_2b3,Ar,mc,LittC2SE,122_2b3_Ar_mc_LittC2SE,/nas/home/pcallandrone/DeepLearning/dataset/ICBHI_2017/ICBHI_final_database/122_2b3_Ar_mc_LittC2SE.wav,/nas/home/pcallandrone/DeepLearning/dataset/ICBHI_2017/ICBHI_final_database/122_2b3_Ar_mc_LittC2SE.txt,44100,20.0,0.0922657033849349,0.41380664706230164,0.0,5.201483145356178e-05,0.09002896961894422,0.39106449484825134,0.0,12.757322150747202,0.0204,27,0.06621437347942884,0.07361290717404545,0.09066367109766144,0.13863351130223714,0,0.0,0.39106449484825134,False,0.0,wheezes,4,14.964,0.7536754878374766,0.021129435538381272,0.004008980814901051,0.9791291355314294,1.867423400817965e-07,14.543655105716713,,False,,0.3119565217391304,0.33695652173913043,0.1,0.11521739130434783,0.40108695652173915,0.10543478260869565,0.8228260869565217,0.7875,0.7516304347826087,0.871195652173913,0.19510869565217392,0.6130434782608696,0.12173913043478261,0.39891304347826084,0.420858695652174
122,2b3,122_2b3,Tc,mc,LittC2SE,122_2b3_Tc_mc_LittC2SE,/nas/home/pcallandrone/DeepLearning/dataset/ICBHI_2017/ICBHI_final_database/122_2b3_Tc_mc_LittC2SE.wav,/nas/home/pcallandrone/DeepLearning/dataset/ICBHI_2017/ICBHI_final_database/122_2b3_Tc_mc_LittC2SE.txt,44100,20.0,0.08055170982768285,1.000024676322937,0.00017913832199546484,-2.479505565133877e-05,0.08107053549353761,1.0155755281448364,0.00015,21.956983702701436,0.06415,27,0.053406242821854064,0.05863662855504931,0.07384414265020701,0.25650370211204315,0,0.001125,1.0155755281448364,False,0.0,normal,4,14.964,1.0,0.04421657418987844,0.018178167198175346,0.955831604273451,6.200123426894503e-07,19.174254668790812,,False,,0.27065217391304347,0.27608695652173915,0.19456521739130433,0.3521739130434783,0.15217391304347827,0.19891304347826086,0.6880434782608695,0.10326086956521739,0.4320652173913043,0.871195652173913,0.19510869565217392,0.8347826086956521,0.20108695652173914,0.5673913043478261,0.39069021739130433
123,1b1,123_1b1,Al,sc,Meditron,123_1b1_Al_sc_Meditron,/nas/home/pcallandrone/DeepLearning/dataset/ICBHI_2017/ICBHI_final_database/123_1b1_Al_sc_Meditron.wav,/nas/home/pcallandrone/DeepLearning/dataset/ICBHI_2017/ICBHI_final_database/123_1b1_Al_sc_Meditron.txt,44100,20.0,0.21200948168985803,0.9999848008155823,0.0002517006802721088,-1.5320463717216626e-05,0.21528570667791522,1.00177001953125,0.00031666666666666665,13.355056660929097,0.022866666666666667,27,0.18949146672130113,0.1918622371285583,0.20510110443777135,0.09935261202947589,0,0.002375,1.00177001953125,False,0.0,normal,6,14.55,1.0,0.1302507181400476,0.0029973020254245564,0.8710735511720733,8.228117793456474e-09,27.418550113091534,,False,,0.6652173913043479,0.7010869565217391,0.5097826086956522,0.09239130434782608,0.6217391304347826,0.5108695652173914,0.9358695652173913,0.6956521739130435,0.4027173913043478,0.4891304347826087,0.6375,0.8347826086956521,0.4326086956521739,0.4771739130434783,0.6542826086956522
124,1b1,124_1b1,Al,sc,Litt3200,124_1b1_Al_sc_Litt3200,/nas/home/pcallandrone/DeepLearning/dataset/ICBHI_2017/ICBHI_final_database/124_1b1_Al_sc_Litt3200.wav,/nas/home/pcallandrone/DeepLearning/dataset/ICBHI_2017/ICBHI_final_database/124_1b1_Al_sc_Litt3200.txt,4000,12.528,0.12901775241363667,1.020203948020935,1.9955300127713922e-05,-0.020234452560544014,0.12893922365403995,1.020203948020935,5e-05,17.96603897046893,0.04945,27,0.06405903387689414,0.07783765881553968,0.13869573944080782,0.219876504663996,0,0.000375,1.020203948020935,True,0.0,both,8,12.528,0.22999680715197968,0.2322670313436603,0.2234667580286088,0.7677413827136595,2.031275315106217e-09,51.13675721181839,,False,,0.4489130434782609,0.3576086956521739,0.7141304347826087,0.941304347826087,0.1967391304347826,0.725,0.9630434782608696,0.15978260869565217,0.4625,0.06304347826086956,0.8864130434782609,0.41304347826086957,0.8152173913043478,0.9978260869565218,0.5816956521739132
124,1b1,124_1b1,Ar,sc,Litt3200,124_1b1_Ar_sc_Litt3200,/nas/home/pcallandrone/DeepLearning/dataset/ICBHI_2017/ICBHI_final_database/124_1b1_Ar_sc_Litt3200.wav,/nas/home/pcallandrone/DeepLearning/dataset/ICBHI_2017/ICBHI_final_database/124_1b1_Ar_sc_Litt3200.txt,4000,11.248,0.11385792531531701,0.9890891313552856,2.2226173541963017e-05,0.010880355723202229,0.11380602223415576,0.9890891313552856,0.0,18.781403703331026,0.06478333333333333,27,0.06284384538470303,0.08964685297504411,0.11781588828438683,0.15505218256684622,0,0.0,0.9890891313552856,True,0.0,wheezes,7,10.53321,0.30864285436253525,0.4701845617046098,0.4600820964898117,0.5298978469379824,1.2505151110534157e-07,79.85998521974733,,False,,0.4,0.3978260869565217,0.9173913043478261,0.9858695652173913,0.34891304347826085,0.925,0.85,0.10217391304347827,0.7516304347826087,0.01956521739130435,0.7880434782608695,0.45869565217391306,0.941304347826087,0.9315217391304348,0.6448858695652174
124,1b1,124_1b1,Ll,sc,Litt3200,124_1b1_Ll_sc_Litt3200,/nas/home/pcallandrone/DeepLearning/dataset/ICBHI_2017/ICBHI_final_database/124_1b1_Ll_sc_Litt3200.wav,/nas/home/pcallandrone/DeepLearning/dataset/ICBHI_2017/ICBHI_final_database/124_1b1_Ll_sc_Litt3200.txt,4000,18.224,0.0662502371992692,0.9990951418876648,1.3718173836698859e-05,0.0008743485668674111,0.07116306406576559,0.9990951418876648,1.6666666666666667e-05,22.947044147720156,0.09305,27,0.03732399253042647,0.042764052821972875,0.06801851626323037,0.27276087877210603,0,0.000125,0.9990951418876648,False,0.0,normal,10,13.988900000000001,1.0,0.14391008045413442,0.11805781061539407,0.8565023967342108,1.8441397533062042e-09,42.376262716970686,,False,,0.2326086956521739,0.17608695652173914,0.5510869565217391,0.8347826086956521,0.13369565217391305,0.5554347826086956,0.9652173913043478,0.04891304347826087,0.4907608695652174,0.3108695652173913,0.9652173913043478,0.8347826086956521,0.7293478260869565,0.44130434782608696,0.5027771739130434
124,1b1,124_1b1,Lr,sc,Litt3200,124_1b1_Lr_sc_Litt3200,/nas/home/pcallandrone/DeepLearning/dataset/ICBHI_2017/ICBHI_final_database/124_1b1_Lr_sc_Litt3200.wav,/nas/home/pcallandrone/DeepLearning/dataset/ICBHI_2017/ICBHI_final_database/124_1b1_Lr_sc_Litt3200.txt,4000,17.264,0.053438272589362144,1.0016554594039917,2.896200185356812e-05,-0.0016859963070601225,0.05641272331401596,1.0016554594039917,3.3333333333333335e-05,24.986825918985538,0.16938333333333333,27,0.016776054335195623,0.018688728529026435,0.05503663116656161,0.42466432673725546,0,0.00025,1.0016554594039917,False,0.0,normal,10,13.6022,1.0,0.04625408206519817,0.008448728746508158,0.954181670456663,2.5730947986134738e-09,27.58588941457852,,False,,0.17173913043478262,0.07173913043478261,0.20217391304347826,0.18695652173913044,0.03369565217391304,0.20652173913043478,0.9543478260869566,0.009782608695652175,0.4722826086956522,0.20217391304347826,0.9652173913043478,0.8347826086956521,0.43478260869565216,0.21521739130434783,0.31020108695652177
124,1b1,124_1b1,Pl,sc,Litt3200,124_1b1_Pl_sc_Litt3200,/nas/home/pcallandrone/DeepLearning/dataset/ICBHI_2017/ICBHI_final_database/124_1b1_Pl_sc_Litt3200.wav,/nas/home/pcallandrone/DeepLearning/dataset/ICBHI_2017/ICBHI_final_database/124_1b1_Pl_sc_Litt3200.txt,4000,9.584,0.08884241928456932,0.999180257320404,2.6085141903171954e-05,-0.000819765089545399,0.0933084173858,0.999180257320404,3.3333333333333335e-05,20.594460408790837,0.11623333333333333,27,0.03530227489763439,0.04543932981422047,0.09047954735435919,0.3007349177500973,0,0.000125,0.999180257320404,True,0.0,both,7,9.584,0.7251638146911519,0.15862674585893577,0.13813283010128918,0.8413739536783696,4.120751987814101e-08,45.411211744794116,,False,,0.3282608695652174,0.1858695652173913,0.5836956521739131,0.8706521739130435,0.10869565217391304,0.5891304347826087,0.9021739130434783,0.03369565217391304,0.4722826086956522,0.010869565217391304,0.7880434782608695,0.591304347826087,0.7739130434782608,0.7423913043478261,0.4816467391304347
124,1b1,124_1b1,Pr,sc,Litt3200,124_1b1_Pr_sc_Litt3200,/nas/home/pcallandrone/DeepLearning/dataset/ICBHI_2017/ICBHI_final_database/124_1b1_Pr_sc_Litt3200.wav,/nas/home/pcallandrone/DeepLearning/dataset/ICBHI_2017/ICBHI_final_database/124_1b1_Pr_sc_Litt3200.txt,4000,7.856,0.10219090335842189,1.00736665725708,3.182281059063136e-05,0.007366683334112167,0.10375130673281575,1.00736665725708,0.0001,19.743879927396005,0.07198333333333333,27,0.06486214429764665,0.07258348186236768,0.10135299320593444,0.1861803580548387,0,0.000375,1.00736665725708,True,0.0,normal,6,7.856,1.0,0.2812371999387699,0.22004997476747107,0.7191345275890697,1.8888947013099197e-08,59.06904048317422,,False,,0.3673913043478261,0.33043478260869563,0.7684782608695652,0.9380434782608695,0.25217391304347825,0.782608695652174,0.925,0.08260869565217391,0.4451086956521739,0.003260869565217391,0.6375,0.8347826086956521,0.8619565217391304,0.8347826086956521,0.5969565217391305
125,1b1,125_1b1,Tc,sc,Meditron,125_1b1_Tc_sc_Meditron,/nas/home/pcallandrone/DeepLearning/dataset/ICBHI_2017/ICBHI_final_database/125_1b1_Tc_sc_Meditron.wav,/nas/home/pcallandrone/DeepLearning/dataset/ICBHI_2017/ICBHI_final_database/125_1b1_Tc_sc_Meditron.txt,44100,20.0,0.09585068162919903,0.5635673999786377,0.0,-0.0002129018830601126,0.09321655789834918,0.5632753968238831,0.0,15.624554390804375,0.039266666666666665,27,0.07588996808693903,0.08123554566051291,0.09297925955935277,0.10585811444636253,0,0.0,0.5632753968238831,False,0.0,crackles,5,14.95,0.5160535117056855,0.06551273862924269,0.01971126938489942,0.9345925817471603,8.57422503899921e-05,43.174384724791125,,False,,0.32717391304347826,0.3706521739130435,0.2684782608695652,0.3826086956521739,0.5706521739130435,0.27391304347826084,0.0641304347826087,0.2673913043478261,0.7516304347826087,0.775,0.4320652173913043,0.5347826086956522,0.7434782608695653,0.7760869565217391,0.4470108695652175
126,1b1,126_1b1,Al,sc,Meditron,126_1b1_Al_sc_Meditron,/nas/home/pcallandrone/DeepLearning/dataset/ICBHI_2017/ICBHI_final_database/126_1b1_Al_sc_Meditron.wav,/nas/home/pcallandrone/DeepLearning/dataset/ICBHI_2017/ICBHI_final_database/126_1b1_Al_sc_Meditron.txt,44100,20.0,0.039444177868586644,0.25812968611717224,0.0,0.00010367487266194075,0.03797970342635642,0.2530395984649658,0.0,16.47273838969206,0.031566666666666666,27,0.027062220782427662,0.028288137991231636,0.03671403349137822,0.1938932234142198,0,0.0,0.2530395984649658,False,0.0,normal,9,14.978,1.0,0.15211086318517467,0.029688080262326513,0.847986183094816,1.3522672425778363e-06,22.344389245658864,,False,,0.11195652173913044,0.11521739130434783,0.5673913043478261,0.5108695652173914,0.2358695652173913,0.5760869565217391,0.5510869565217391,0.3923913043478261,0.7516304347826087,0.9304347826086956,0.9353260869565218,0.8347826086956521,0.29239130434782606,0.8554347826086957,0.49768478260869575
127,1b1,127_1b1,Ar,sc,Meditron,127_1b1_Ar_sc_Meditron,/nas/home/pcallandrone/DeepLearning/dataset/ICBHI_2017/ICBHI_final_database/127_1b1_Ar_sc_Meditron.wav,/nas/home/pcallandrone/DeepLearning/dataset/ICBHI_2017/ICBHI_final_database/127_1b1_Ar_sc_Meditron.txt,44100,19.97,0.04862480838803168,0.21426814794540405,0.0,-4.229174919601064e-06,0.04822348619176578,0.21390898525714874,0.0,12.939408464917967,0.019133333333333332,27,0.03869248233242844,0.04180872349928963,0.04828805128714637,0.0799472854903022,0,0.0,0.21390898525714874,False,0.0,crackles,7,14.950000000000001,0.7442809364548496,0.05344757526235463,0.0075482330375589435,0.9469624916225622,1.61587213031542e-06,20.015694306895682,,False,,0.14456521739130435,0.17282608695652174,0.2326086956521739,0.1641304347826087,0.7793478260869565,0.2358695652173913,0.5206521739130435,0.8353260869565218,0.7516304347826087,0.7880434782608695,0.7880434782608695,0.6054347826086957,0.22282608695652173,0.42717391304347824,0.4377391304347826
128,1b3,128_1b3,Tc,mc,LittC2SE,128_1b3_Tc_mc_LittC2SE,/nas/home/pcallandrone/DeepLearning/dataset/ICBHI_2017/ICBHI_final_database/128_1b3_Tc_mc_LittC2SE.wav,/nas/home/pcallandrone/DeepLearning/dataset/ICBHI_2017/ICBHI_final_database/128_1b3_Tc_mc_LittC2SE.txt,44100,20.0,0.004488161379778848,0.021571097895503044,0.0,-7.726525836915243e-07,0.004441429332822036,0.021562404930591583,0.0,13.72348862687123,0.021066666666666668,27,0.0032945153586205526,0.0036767534605317014,0.004062373373617222,0.14994468469032565,0,0.0,0.021562404930591583,False,0.0,crackles,4,14.978,0.33095206302577107,0.10863476795442069,0.01943956939380904,0.8915205114195528,4.7101042756409985e-06,27.986422182088994,,False,,0.008695652173913044,0.010869565217391304,0.44782608695652176,0.3739130434782609,0.3717391304347826,0.45108695652173914,0.32608695652173914,0.7570652173913044,0.7516304347826087,0.9304347826086956,0.19510869565217392,0.4706521739130435,0.45108695652173914,0.5217391304347826,0.3893097826086957
129,1b1,129_1b1,Ar,sc,Meditron,129_1b1_Ar_sc_Meditron,/nas/home/pcallandrone/DeepLearning/dataset/ICBHI_2017/ICBHI_final_database/129_1b1_Ar_sc_Meditron.wav,/nas/home/pcallandrone/DeepLearning/dataset/ICBHI_2017/ICBHI_final_database/129_1b1_Ar_sc_Meditron.txt,44100,20.0,0.046590536427325524,0.19198130071163177,0.0,-8.677016012370586e-05,0.046816791547817226,0.1918332427740097,0.0,12.250444400485456,0.016733333333333333,27,0.03906031679473266,0.04050185982139169,0.04538966176217601,0.08733328160005702,0,0.0,0.1918332427740097,False,0.0,crackles,7,14.964,0.2596899224806202,0.019722094420205342,0.0023026723956287077,0.9849434932132789,1.0149958330688803e-07,16.296203076258955,,False,,0.1423913043478261,0.1673913043478261,0.09565217391304348,0.06630434782608696,0.7108695652173913,0.08152173913043478,0.8652173913043478,0.9141304347826087,0.7516304347826087,0.871195652173913,0.7880434782608695,0.4315217391304348,0.15869565217391304,0.3347826086956522,0.4047934782608696
130,1p2,130_1p2,Al,mc,AKGC417L,130_1p2_Al_mc_AKGC417L,/nas/home/pcallandrone/DeepLearning/dataset/ICBHI_2017/ICBHI_final_database/130_1p2_Al_mc_AKGC417L.wav,/nas/home/pcallandrone/DeepLearning/dataset/ICBHI_2017/ICBHI_final_database/130_1p2_Al_mc_AKGC417L.txt,44100,20.0,0.16099120900061828,0.9278598427772522,0.0,6.48956120130606e-06,0.16140182903051403,0.8985509872436523,0.0,14.912685470208194,0.03791666666666667,27,0.1351015674870474,0.13944783418318482,0.1640011493044374,0.10145570588057143,0,0.0,0.8985509872436523,False,0.0,both,6,14.302999999999999,0.35572956722365934,0.3150557614990165,0.027345550341320798,0.6860162264113266,5.277824045585295e-07,39.73372907329394,,False,,0.5304347826086957,0.558695652173913,0.8097826086956522,0.48695652173913045,0.6043478260869565,0.8184782608695652,0.7086956521739131,0.29130434782608694,0.7516304347826087,0.4097826086956522,0.6375,0.4782608695652174,0.6967391304347826,0.6793478260869565,0.6630326086956522
130,1p2,130_1p2,Ar,mc,AKGC417L,130_1p2_Ar_mc_AKGC417L,/nas/home/pcallandrone/DeepLearning/dataset/ICBHI_2017/ICBHI_final_database/130_1p2_Ar_mc_AKGC417L.wav,/nas/home/pcallandrone/DeepLearning/dataset/ICBHI_2017/ICBHI_final_database/130_1p2_Ar_mc_AKGC417L.txt,44100,20.0,0.08508175815635954,0.8479394912719727,0.0,-1.4410624316951726e-05,0.08504563754361184,0.7705428600311279,0.0,19.14289517740582,0.05951666666666667,27,0.06700238827776944,0.07271649839756121,0.08637784635364607,0.1035226381916737,0,0.0,0.7705428600311279,False,0.0,both,6,14.302999999999999,0.0,0.24201072963605358,0.016463702518241495,0.7580790628284056,1.5788675792495e-07,38.83492990774618,,False,,0.29130434782608694,0.33152173913043476,0.7304347826086957,0.325,0.5869565217391305,0.7423913043478261,0.8304347826086956,0.11630434782608695,0.7516304347826087,0.4097826086956522,0.6375,0.14402173913043478,0.6858695652173913,0.8989130434782608,0.535413043478261
130,1p2,130_1p2,Ll,mc,AKGC417L,130_1p2_Ll_mc_AKGC417L,/nas/home/pcallandrone/DeepLearning/dataset/ICBHI_2017/ICBHI_final_database/130_1p2_Ll_mc_AKGC417L.wav,/nas/home/pcallandrone/DeepLearning/dataset/ICBHI_2017/ICBHI_final_database/130_1p2_Ll_mc_AKGC417L.txt,44100,20.0,0.22191962453020583,1.000014066696167,0.0034421768707482993,1.4043181181477848e-05,0.22067853388713035,1.0028674602508545,0.003,13.149668998523778,0.028266666666666666,27,0.19957693769295126,0.20342329579586071,0.2194175837671378,0.05721578670293684,0,0.00625,1.0028674602508545,False,0.0,both,6,14.302999999999999,0.0,0.33383511606626737,0.016383782251232885,0.7522948895753009,2.4167575184882503e-06,41.18785599509714,,False,,0.6804347826086956,0.7380434782608696,0.8271739130434783,0.32282608695652176,0.9282608695652174,0.7445652173913043,0.4467391304347826,0.49130434782608695,0.266304347826087,0.4097826086956522,0.6375,0.14402173913043478,0.7184782608695652,0.45108695652173914,0.6751032608695652
130,1p2,130_1p2,Lr,mc,AKGC417L,130_1p2_Lr_mc_AKGC417L,/nas/home/pcallandrone/DeepLearning/dataset/ICBHI_2017/ICBHI_final_database/130_1p2_Lr_mc_AKGC417L.wav,/nas/home/pcallandrone/DeepLearning/dataset/ICBHI_2017/ICBHI_final_database/130_1p2_Lr_mc_AKGC417L.txt,44100,20.0,0.21863963238569928,1.000191330909729,0.0018866213151927439,0.0001913485466502607,0.20699580955750527,1.00434410572052,0.0013666666666666666,13.718419625476045,0.03,27,0.15544154911211974,0.17756771072245298,0.20421768065137547,0.11659026220673274,0,0.005875,1.00434410572052,False,0.0,both,6,14.302999999999999,0.0,0.2748794517724281,0.019868518402590494,0.7279074550333587,2.3079362201215315e-06,35.224879666274695,,False,,0.6467391304347826,0.6706521739130434,0.7619565217391304,0.3858695652173913,0.5021739130434782,0.7728260869565218,0.45543478260869563,0.43369565217391304,0.33152173913043476,0.4097826086956522,0.6375,0.14402173913043478,0.6173913043478261,0.5184782608695652,0.613711956521739
130,1p2,130_1p2,Pl,mc,AKGC417L,130_1p2_Pl_mc_AKGC417L,/nas/home/pcallandrone/DeepLearning/dataset/ICBHI_2017/ICBHI_final_database/130_1p2_Pl_mc_AKGC417L.wav,/nas/home/pcallandrone/DeepLearning/dataset/ICBHI_2017/ICBHI_final_database/130_1p2_Pl_mc_AKGC417L.txt,44100,20.0,0.4532268515666891,1.0007668733596802,0.043607709750566895,-0.0007669904152862728,0.4531755228898738,1.0293328762054443,0.04228333333333333,7.12578798904028,0.014666666666666666,27,0.39476304091288034,0.418042025081131,0.43834526868303764,0.05538575574641862,0,0.07675,1.0293328762054443,False,0.0,both,6,14.302999999999999,0.0,0.06283002839691232,0.015775208208255093,0.9372071360032187,2.6813427960192296e-07,21.83131454401821,,False,,0.9586956521739131,0.9695652173913043,0.25869565217391305,0.3065217391304348,0.941304347826087,0.26413043478260867,0.7902173913043479,0.9652173913043478,0.04891304347826087,0.4097826086956522,0.6375,0.14402173913043478,0.2728260869565217,0.041304347826086954,0.651125
130,1p2,130_1p2,Pr,mc,AKGC417L,130_1p2_Pr_mc_AKGC417L,/nas/home/pcallandrone/DeepLearning/dataset/ICBHI_2017/ICBHI_final_database/130_1p2_Pr_mc_AKGC417L.wav,/nas/home/pcallandrone/DeepLearning/dataset/ICBHI_2017/ICBHI_final_database/130_1p2_Pr_mc_AKGC417L.txt,44100,20.0,0.3451176141720148,1.0006026029586792,0.006388888888888889,0.0006026019109413028,0.3485314504838369,1.0022228956222534,0.006866666666666667,9.174446921718559,0.0171,27,0.3091824098451231,0.3202036778747405,0.3439228446023433,0.06123671408698996,0,0.015875,1.0022228956222534,False,0.0,both,6,14.302999999999999,0.12067398447878064,0.046007742848099935,0.006907257408043955,0.9541368909438019,1.0861767259353752e-07,17.450420861954296,,False,,0.8804347826086957,0.9108695652173913,0.2,0.15434782608695652,0.8956521739130435,0.2076086956521739,0.8576086956521739,0.903804347826087,0.1967391304347826,0.4097826086956522,0.6375,0.3293478260869565,0.17173913043478262,0.11956521739130435,0.6196086956521739
130,1p2,130_1p2,Tc,mc,AKGC417L,130_1p2_Tc_mc_AKGC417L,/nas/home/pcallandrone/DeepLearning/dataset/ICBHI_2017/ICBHI_final_database/130_1p2_Tc_mc_AKGC417L.wav,/nas/home/pcallandrone/DeepLearning/dataset/ICBHI_2017/ICBHI_final_database/130_1p2_Tc_mc_AKGC417L.txt,44100,20.0,0.16886232850021513,1.0000263452529907,0.0024104308390022677,2.628847141750157e-05,0.17990575428554353,1.1266324520111084,0.002033333333333333,15.934744039370694,0.04515,27,0.13217630072574812,0.14236478116412363,0.16977339526282972,0.17044843208907254,0,0.009375,1.1266324520111084,False,0.0,both,6,14.302999999999999,0.0,0.28402374672192526,0.17546135491390477,0.7166124377808315,0.00013988781579072878,129.37754463432614,,False,,0.5739130434782609,0.5684782608695652,0.775,0.9108695652173913,0.29782608695652174,0.7869565217391304,0.05434782608695652,0.1934782608695652,0.29728260869565215,0.4097826086956522,0.6375,0.14402173913043478,0.9782608695652174,0.808695652173913,0.5863369565217391
130,1p3,130_1p3,Al,mc,AKGC417L,130_1p3_Al_mc_AKGC417L,/nas/home/pcallandrone/DeepLearning/dataset/ICBHI_2017/ICBHI_final_database/130_1p3_Al_mc_AKGC417L.wav,/nas/home/pcallandrone/DeepLearning/dataset/ICBHI_2017/ICBHI_final_database/130_1p3_Al_mc_AKGC417L.txt,44100,20.0,0.21479897822828764,1.0001957416534424,0.0024523809523809524,-0.00019585205882322043,0.21845919107717962,1.003170132637024,0.00235,13.240085440982485,0.03115,27,0.17357170263583696,0.17994889211917478,0.21921897850386637,0.1399910591664263,0,0.0125,1.003170132637024,False,0.0,both,4,13.934,0.0,0.1788949919945744,0.013556418739083023,0.8215125760258967,3.124654984696951e-07,30.358969700918244,,False,,0.6728260869565217,0.6760869565217391,0.6239130434782608,0.27391304347826084,0.3978260869565217,0.6369565217391304,0.7728260869565218,0.4032608695652174,0.28695652173913044,0.2940217391304348,0.19510869565217392,0.14402173913043478,0.5141304347826087,0.46195652173913043,0.5611195652173913
130,1p3,130_1p3,Ar,mc,AKGC417L,130_1p3_Ar_mc_AKGC417L,/nas/home/pcallandrone/DeepLearning/dataset/ICBHI_2017/ICBHI_final_database/130_1p3_Ar_mc_AKGC417L.wav,/nas/home/pcallandrone/DeepLearning/dataset/ICBHI_2017/ICBHI_final_database/130_1p3_Ar_mc_AKGC417L.txt,44100,20.0,0.13230682786313372,1.0000419616699219,0.0004580498866213152,-4.2036615923279896e-05,0.13386383917024058,1.0011916160583496,0.0006,17.47707855188188,0.04658333333333333,27,0.10992337416218954,0.1114399762203165,0.13115364026130577,0.1229832090629908,0,0.004,1.0011916160583496,False,0.0,both,4,13.934,0.0,0.1773551350398783,0.014847993221472029,0.8231360099436514,1.2468666862804631e-07,34.141398696440184,,False,,0.4673913043478261,0.47391304347826085,0.6195652173913043,0.29239130434782606,0.4771739130434783,0.6293478260869565,0.8521739130434782,0.1782608695652174,0.3717391304347826,0.2940217391304348,0.19510869565217392,0.14402173913043478,0.5956521739130435,0.9576086956521739,0.5152826086956522
130,1p3,130_1p3,Ll,mc,AKGC417L,130_1p3_Ll_mc_AKGC417L,/nas/home/pcallandrone/DeepLearning/dataset/ICBHI_2017/ICBHI_final_database/130_1p3_Ll_mc_AKGC417L.wav,/nas/home/pcallandrone/DeepLearning/dataset/ICBHI_2017/ICBHI_final_database/130_1p3_Ll_mc_AKGC417L.txt,44100,20.0,0.2662877436098839,1.000266194343567,0.014197278911564627,0.0002661602047737688,0.2564071013345096,1.006951928138733,0.0113,11.881573772698877,0.027066666666666666,27,0.21825439863559332,0.2343478967697576,0.25956791785206484,0.08059310495769259,0,0.02475,1.006951928138733,False,0.0,both,4,13.934,0.0,0.3130077647390841,0.0162324297124569,0.731349403340228,1.7933284319895705e-06,42.475581711020816,,False,,0.7576086956521739,0.8054347826086956,0.808695652173913,0.31630434782608696,0.7739130434782608,0.7695652173913043,0.5010869565217392,0.5413043478260869,0.15434782608695652,0.2940217391304348,0.19510869565217392,0.14402173913043478,0.7315217391304348,0.2847826086956522,0.660141304347826
130,1p3,130_1p3,Lr,mc,AKGC417L,130_1p3_Lr_mc_AKGC417L,/nas/home/pcallandrone/DeepLearning/dataset/ICBHI_2017/ICBHI_final_database/130_1p3_Lr_mc_AKGC417L.wav,/nas/home/pcallandrone/DeepLearning/dataset/ICBHI_2017/ICBHI_final_database/130_1p3_Lr_mc_AKGC417L.txt,44100,20.0,0.1936789450456421,1.0001121759414673,0.0008242630385487528,-0.0001122827161452733,0.1923778944829577,1.0064150094985962,0.0004333333333333333,14.372438754227607,0.031216666666666667,27,0.15694761806522156,0.17182744304057063,0.19850004024093854,0.08047216364149622,0,0.00325,1.0064150094985962,False,0.0,wheezes,4,13.934,0.47968996698722544,0.33580352253757345,0.09246363311218565,0.6643777295193679,7.634351183039078e-06,54.49260911118099,,False,,0.6010869565217392,0.65,0.8282608695652174,0.7891304347826087,0.775,0.8380434782608696,0.24021739130434783,0.40054347826086956,0.38315217391304346,0.2940217391304348,0.19510869565217392,0.5168478260869566,0.8358695652173913,0.6206521739130435,0.6803695652173912
130,1p3,130_1p3,Pl,mc,AKGC417L,130_1p3_Pl_mc_AKGC417L,/nas/home/pcallandrone/DeepLearning/dataset/ICBHI_2017/ICBHI_final_database/130_1p3_Pl_mc_AKGC417L.wav,/nas/home/pcallandrone/DeepLearning/dataset/ICBHI_2017/ICBHI_final_database/130_1p3_Pl_mc_AKGC417L.txt,44100,20.0,0.5571817682546831,1.0015977621078491,0.14736848072562359,0.0015977993607521057,0.545441630436493,1.1090611219406128,0.07498333333333333,6.164143984716949,0.014766666666666668,27,0.41015720075791323,0.44462070186722463,0.5508832738133068,0.14034144000465806,0,0.142375,1.1090611219406128,False,0.0,wheezes,4,13.934,0.0,0.1477036877446917,0.07220204607189003,0.852646629377012,5.082134602807352e-06,38.01736044182879,,False,,0.9902173913043478,0.9782608695652174,0.5576086956521739,0.7402173913043478,0.39565217391304347,0.5641304347826087,0.3130434782608696,0.9630434782608696,0.02282608695652174,0.2940217391304348,0.19510869565217392,0.14402173913043478,0.6717391304347826,0.020652173913043477,0.661891304347826
130,1p3,130_1p3,Pr,mc,AKGC417L,130_1p3_Pr_mc_AKGC417L,/nas/home/pcallandrone/DeepLearning/dataset/ICBHI_2017/ICBHI_final_database/130_1p3_Pr_mc_AKGC417L.wav,/nas/home/pcallandrone/DeepLearning/dataset/ICBHI_2017/ICBHI_final_database/130_1p3_Pr_mc_AKGC417L.txt,44100,20.0,0.5576245255598534,1.000935435295105,0.13604081632653062,-0.0009355909423902631,0.5423111396352149,1.051472783088684,0.10331666666666667,5.750990203560876,0.01355,27,0.3806395461204697,0.469393351804714,0.5427238865468457,0.12338904510905598,0,0.222375,1.051472783088684,False,0.0,wheezes,4,13.934,0.47968996698722544,0.04884434463901484,0.00872168684117871,0.9514156741301988,1.680851077416089e-06,19.373508928601552,,False,,0.9880434782608696,0.9869565217391304,0.21304347826086956,0.1967391304347826,0.47391304347826085,0.2184782608695652,0.5097826086956522,0.9836956521739131,0.008695652173913044,0.2940217391304348,0.19510869565217392,0.5168478260869566,0.2076086956521739,0.016304347826086956,0.5782499999999999
130,1p3,130_1p3,Tc,mc,AKGC417L,130_1p3_Tc_mc_AKGC417L,/nas/home/pcallandrone/DeepLearning/dataset/ICBHI_2017/ICBHI_final_database/130_1p3_Tc_mc_AKGC417L.wav,/nas/home/pcallandrone/DeepLearning/dataset/ICBHI_2017/ICBHI_final_database/130_1p3_Tc_mc_AKGC417L.txt,44100,20.0,0.22757877095203208,1.0001603364944458,0.0035068027210884353,-0.00016046718519646674,0.23894409256883833,1.104022741317749,0.0028166666666666665,13.293634425251,0.032266666666666666,27,0.16087935323190541,0.18419274460062404,0.2148816572518748,0.16857727490253474,0,0.013125,1.104022741317749,False,0.0,wheezes,4,13.934,0.0,0.5906490063217249,0.2663349065921656,0.4096467244490453,0.0002663526570162075,223.64768107556205,,False,,0.717391304347826,0.6891304347826087,0.9576086956521739,0.9554347826086956,0.30217391304347824,0.9597826086956521,0.035869565217391305,0.38369565217391305,0.26956521739130435,0.2940217391304348,0.19510869565217392,0.14402173913043478,0.9923913043478261,0.4673913043478261,0.6515652173913041
130,1p4,130_1p4,Al,mc,AKGC417L,130_1p4_Al_mc_AKGC417L,/nas/home/pcallandrone/DeepLearning/dataset/ICBHI_2017/ICBHI_final_database/130_1p4_Al_mc_AKGC417L.wav,/nas/home/pcallandrone/DeepLearning/dataset/ICBHI_2017/ICBHI_final_database/130_1p4_Al_mc_AKGC417L.txt,44100,20.0,0.26263565031960445,1.0000474452972412,0.004524943310657596,-4.758842624141835e-05,0.2612905432981126,1.0032902956008911,0.0038,11.686058389064954,0.02395,27,0.22275143425654637,0.23413743168650653,0.2621584807307868,0.08579292242050693,0,0.014,1.0032902956008911,False,0.0,wheezes,6,14.911000000000001,0.0,0.30353655658652684,0.022360299095229935,0.698446657574204,1.052374746794665e-06,39.0800337401209,,False,,0.7728260869565218,0.8032608695652174,0.7978260869565217,0.4206521739130435,0.7336956521739131,0.808695652173913,0.6054347826086957,0.6554347826086957,0.2467391304347826,0.6826086956521739,0.6375,0.14402173913043478,0.6880434782608695,0.2619565217391304,0.7232228260869564
130,1p4,130_1p4,Ar,mc,AKGC417L,130_1p4_Ar_mc_AKGC417L,/nas/home/pcallandrone/DeepLearning/dataset/ICBHI_2017/ICBHI_final_database/130_1p4_Ar_mc_AKGC417L.wav,/nas/home/pcallandrone/DeepLearning/dataset/ICBHI_2017/ICBHI_final_database/130_1p4_Ar_mc_AKGC417L.txt,44100,20.0,0.13297180843302334,0.9659289121627808,0.0,1.869738844106905e-05,0.13123982948532892,0.96422278881073,0.0,17.32223467533226,0.044983333333333334,27,0.10853167930520227,0.11235612467468288,0.12907535293454292,0.08973868237253942,0,0.0,0.96422278881073,False,0.0,wheezes,6,14.911000000000001,0.17966601837569585,0.23687333513325215,0.016083580534342033,0.7652530278028578,1.405824965425043e-07,36.18982867421604,,False,,0.45760869565217394,0.47608695652173916,0.7217391304347827,0.3130434782608696,0.6934782608695652,0.7293478260869565,0.8402173913043478,0.1967391304347826,0.7516304347826087,0.6826086956521739,0.6375,0.3815217391304348,0.633695652173913,0.9510869565217391,0.6328152173913044
130,1p4,130_1p4,Ll,mc,AKGC417L,130_1p4_Ll_mc_AKGC417L,/nas/home/pcallandrone/DeepLearning/dataset/ICBHI_2017/ICBHI_final_database/130_1p4_Ll_mc_AKGC417L.wav,/nas/home/pcallandrone/DeepLearning/dataset/ICBHI_2017/ICBHI_final_database/130_1p4_Ll_mc_AKGC417L.txt,44100,20.0,0.29716614758628807,1.0003364086151123,0.016139455782312927,0.0003363972355145961,0.29753922288879436,1.0061472654342651,0.01505,10.582346532949154,0.022833333333333334,27,0.25253227276592155,0.2741790046816705,0.29596427252351726,0.06750040755974823,0,0.023625,1.0061472654342651,False,0.0,wheezes,6,14.911000000000001,0.0,0.197380930226813,0.011210193541206726,0.8060622552134187,1.7709280551086456e-06,36.93512254112625,,False,,0.8206521739130435,0.8641304347826086,0.6641304347826087,0.23804347826086958,0.8608695652173913,0.6717391304347826,0.5032608695652174,0.6972826086956522,0.1358695652173913,0.6826086956521739,0.6375,0.14402173913043478,0.6489130434782608,0.18695652173913044,0.6962391304347826
130,1p4,130_1p4,Lr,mc,AKGC417L,130_1p4_Lr_mc_AKGC417L,/nas/home/pcallandrone/DeepLearning/dataset/ICBHI_2017/ICBHI_final_database/130_1p4_Lr_mc_AKGC417L.wav,/nas/home/pcallandrone/DeepLearning/dataset/ICBHI_2017/ICBHI_final_database/130_1p4_Lr_mc_AKGC417L.txt,44100,20.0,0.591877930993016,1.000603199005127,0.16526757369614511,0.0006032373639754951,0.5984172822076392,1.109071135520935,0.14345,5.359105501965967,0.012833333333333334,27,0.5253105998181197,0.5550606531512644,0.5897136913420644,0.06538417100585675,0,0.2325,1.109071135520935,False,0.0,wheezes,6,14.911000000000001,0.18684192877741268,0.2694794100819809,0.02716424086797785,0.7316582137052833,2.208232027570764e-06,37.339087918974364,,False,,0.9945652173913043,0.9956521739130435,0.7554347826086957,0.48478260869565215,0.8706521739130435,0.7684782608695652,0.4652173913043478,0.9934782608695653,0.004347826086956522,0.6826086956521739,0.6375,0.3869565217391304,0.6532608695652173,0.010869565217391304,0.8094510869565217
130,1p4,130_1p4,Pl,mc,AKGC417L,130_1p4_Pl_mc_AKGC417L,/nas/home/pcallandrone/DeepLearning/dataset/ICBHI_2017/ICBHI_final_database/130_1p4_Pl_mc_AKGC417L.wav,/nas/home/pcallandrone/DeepLearning/dataset/ICBHI_2017/ICBHI_final_database/130_1p4_Pl_mc_AKGC417L.txt,44100,20.0,0.5158459488895178,1.001442313194275,0.09797165532879819,0.0014422704698517919,0.5170247051388729,1.126612663269043,0.054683333333333334,6.765266655219322,0.014383333333333333,27,0.4351372563778335,0.4528654010098715,0.5056734081920868,0.09472956583182406,0,0.142,1.126612663269043,False,0.0,wheezes,6,14.911000000000001,0.02991080410435243,0.05929190981006343,0.015337720144588849,0.9407582837407916,1.6468639074677145e-06,22.899162106468406,,False,,0.9826086956521739,0.9836956521739131,0.25,0.3010869565217391,0.6532608695652173,0.2532608695652174,0.5141304347826087,0.9717391304347827,0.041304347826086954,0.6826086956521739,0.6375,0.2891304347826087,0.3,0.03369565217391304,0.6375597826086958
130,1p4,130_1p4,Pr,mc,AKGC417L,130_1p4_Pr_mc_AKGC417L,/nas/home/pcallandrone/DeepLearning/dataset/ICBHI_2017/ICBHI_final_database/130_1p4_Pr_mc_AKGC417L.wav,/nas/home/pcallandrone/DeepLearning/dataset/ICBHI_2017/ICBHI_final_database/130_1p4_Pr_mc_AKGC417L.txt,44100,20.0,0.5280425155910125,1.001140832901001,0.10580839002267574,-0.0011409803992137313,0.5315833312510098,1.037206768989563,0.06368333333333333,5.805879758073008,0.014283333333333334,27,0.43445522734704106,0.46484503604239774,0.5336003406276437,0.08643442429051196,0,0.118375,1.037206768989563,False,0.0,normal,6,14.911000000000001,1.0,0.05885290360889786,0.013619686569336879,0.9412434899909049,1.157681222848831e-06,19.339762434569877,,False,,0.9836956521739131,0.9858695652173913,0.24891304347826088,0.27608695652173915,0.7206521739130435,0.25217391304347825,0.5869565217391305,0.975,0.029347826086956522,0.6826086956521739,0.6375,0.8347826086956521,0.20652173913043478,0.017391304347826087,0.6879945652173913
130,1p4,130_1p4,Tc,mc,AKGC417L,130_1p4_Tc_mc_AKGC417L,/nas/home/pcallandrone/DeepLearning/dataset/ICBHI_2017/ICBHI_final_database/130_1p4_Tc_mc_AKGC417L.wav,/nas/home/pcallandrone/DeepLearning/dataset/ICBHI_2017/ICBHI_final_database/130_1p4_Tc_mc_AKGC417L.txt,44100,20.0,0.09500400651249212,0.999947726726532,4.535147392290249e-06,5.217693615122698e-05,0.08233510338582317,0.7706022262573242,0.0,19.424904473045864,0.07596666666666667,27,0.04223049719820173,0.04569640624427822,0.08263245328671263,0.2730467742022038,0,0.0,0.7706022262573242,False,0.0,wheezes,6,14.911,0.0,0.783631442837466,0.42020261189122987,0.19314103410512612,0.023330061279361713,750.5716205715305,,True,,0.27717391304347827,0.1891304347826087,0.9945652173913043,0.9826086956521739,0.13152173913043477,0.9978260869565218,0.002173913043478261,0.07173913043478261,0.7516304347826087,0.6744565217391304,0.6375,0.14402173913043478,0.9836956521739131,0.8684782608695653,0.5428206521739131
130,2b2,130_2b2,Al,mc,AKGC417L,130_2b2_Al_mc_AKGC417L,/nas/home/pcallandrone/DeepLearning/dataset/ICBHI_2017/ICBHI_final_database/130_2b2_Al_mc_AKGC417L.wav,/nas/home/pcallandrone/DeepLearning/dataset/ICBHI_2017/ICBHI_final_database/130_2b2_Al_mc_AKGC417L.txt,44100,20.0,0.19899123855532844,1.0003571510314941,0.004545351473922902,-0.0003573217545635998,0.19792767830230054,1.0024696588516235,0.0036666666666666666,14.091294126744797,0.03238333333333333,27,0.1545686618772126,0.18321769460369855,0.198680362373091,0.07453687829559197,0,0.00625,1.0024696588516235,False,0.0,crackles,6,14.931,0.0,0.1268470216690098,0.019424809636764538,0.8738996816057591,4.1856539758923995e-07,35.750742677387485,,False,,0.6184782608695653,0.6869565217391305,0.5,0.37282608695652175,0.8,0.5032608695652174,0.7391304347826086,0.3809782608695652,0.2532608695652174,0.717391304347826,0.6375,0.14402173913043478,0.6271739130434782,0.5782608695652174,0.6181521739130434
130,2b2,130_2b2,Ar,mc,AKGC417L,130_2b2_Ar_mc_AKGC417L,/nas/home/pcallandrone/DeepLearning/dataset/ICBHI_2017/ICBHI_final_database/130_2b2_Ar_mc_AKGC417L.wav,/nas/home/pcallandrone/DeepLearning/dataset/ICBHI_2017/ICBHI_final_database/130_2b2_Ar_mc_AKGC417L.txt,44100,20.0,0.09885802711362031,0.5777475237846375,0.0,-2.20968449866632e-05,0.0987248432968814,0.5768654346466064,0.0,15.332961272506985,0.0311,27,0.08843952745989772,0.08901322877774992,0.09864210980946446,0.07364286594069473,0,0.0,0.5768654346466064,False,0.0,crackles,6,14.931,0.32656888353090885,0.27390213413880427,0.05454498849395514,0.7268272978179796,8.649810945643064e-07,38.38579842837883,,False,,0.3521739130434783,0.39456521739130435,0.758695652173913,0.6782608695652174,0.8097826086956522,0.775,0.633695652173913,0.4043478260869565,0.7516304347826087,0.717391304347826,0.6375,0.46956521739130436,0.6815217391304348,0.7326086956521739,0.6568804347826088
130,2b2,130_2b2,Ll,mc,AKGC417L,130_2b2_Ll_mc_AKGC417L,/nas/home/pcallandrone/DeepLearning/dataset/ICBHI_2017/ICBHI_final_database/130_2b2_Ll_mc_AKGC417L.wav,/nas/home/pcallandrone/DeepLearning/dataset/ICBHI_2017/ICBHI_final_database/130_2b2_Ll_mc_AKGC417L.txt,44100,20.0,0.09567200060746824,0.698205828666687,0.0,7.652481872355565e-05,0.09547042082959024,0.6968773603439331,0.0,17.26575036646053,0.04388333333333334,27,0.08402789795527603,0.0863640685724687,0.09678876693636791,0.06921713363510353,0,0.0,0.6968773603439331,False,0.0,crackles,6,14.931,0.0,0.4207428323193035,0.024423761365463294,0.5796177454814754,3.161731909675179e-06,43.85808095877994,,False,,0.33804347826086956,0.38804347826086955,0.8858695652173914,0.45760869565217394,0.841304347826087,0.8956521739130435,0.39456521739130435,0.20543478260869566,0.7516304347826087,0.717391304347826,0.6375,0.14402173913043478,0.7521739130434782,0.9467391304347826,0.6215652173913042
130,2b2,130_2b2,Lr,mc,AKGC417L,130_2b2_Lr_mc_AKGC417L,/nas/home/pcallandrone/DeepLearning/dataset/ICBHI_2017/ICBHI_final_database/130_2b2_Lr_mc_AKGC417L.wav,/nas/home/pcallandrone/DeepLearning/dataset/ICBHI_2017/ICBHI_final_database/130_2b2_Lr_mc_AKGC417L.txt,44100,20.0,0.10287102564189286,0.8152927756309509,0.0,-5.000939927413128e-05,0.1067120398059012,0.8143230080604553,0.0,17.651665673306336,0.04898333333333333,27,0.08729562926498993,0.09493921410614087,0.10229640151637465,0.1151366961742365,0,0.0,0.8143230080604553,False,0.0,crackles,6,14.931,0.0,0.2623070942160329,0.015018013025276371,0.7392003231827895,1.1102881177074046e-06,37.922608449786715,,False,,0.37717391304347825,0.4152173913043478,0.7489130434782608,0.2956521739130435,0.5108695652173914,0.758695652173913,0.5956521739130435,0.1641304347826087,0.7516304347826087,0.717391304347826,0.6375,0.14402173913043478,0.6663043478260869,0.9760869565217392,0.5641847826086955
130,2b2,130_2b2,Pl,mc,AKGC417L,130_2b2_Pl_mc_AKGC417L,/nas/home/pcallandrone/DeepLearning/dataset/ICBHI_2017/ICBHI_final_database/130_2b2_Pl_mc_AKGC417L.wav,/nas/home/pcallandrone/DeepLearning/dataset/ICBHI_2017/ICBHI_final_database/130_2b2_Pl_mc_AKGC417L.txt,44100,20.0,0.2559298240468661,1.0004277229309082,0.0023242630385487528,0.00042769222636707127,0.261143833237898,1.0026706457138062,0.002533333333333333,11.685570516678233,0.023466666666666667,27,0.23803889942994044,0.2439349443332724,0.26327013412707584,0.055667197550708127,0,0.004625,1.0026706457138062,False,0.0,crackles,6,14.931,0.0,0.11355318915365603,0.03356037094707178,0.8864834561236612,4.966589630325084e-07,27.854314516867905,,False,,0.7717391304347826,0.816304347826087,0.46195652173913043,0.5423913043478261,0.9380434782608695,0.4673913043478261,0.7195652173913043,0.6701086956521739,0.28152173913043477,0.717391304347826,0.6375,0.14402173913043478,0.44565217391304346,0.2608695652173913,0.6825760869565217
130,2b2,130_2b2,Pr,mc,AKGC417L,130_2b2_Pr_mc_AKGC417L,/nas/home/pcallandrone/DeepLearning/dataset/ICBHI_2017/ICBHI_final_database/130_2b2_Pr_mc_AKGC417L.wav,/nas/home/pcallandrone/DeepLearning/dataset/ICBHI_2017/ICBHI_final_database/130_2b2_Pr_mc_AKGC417L.txt,44100,20.0,0.22214427015901186,1.0000314712524414,0.00335827664399093,3.1460862373933196e-05,0.22717419134008549,1.0029140710830688,0.003933333333333333,12.898094672182449,0.027716666666666667,27,0.18842030710193414,0.20182093974156703,0.22837331486730786,0.08589529281960216,0,0.0085,1.0029140710830688,False,0.0,crackles,6,14.931,0.0,0.06785704016344296,0.012415929715519098,0.9324011082765286,2.0552528251179602e-07,26.206849581612136,,False,,0.6934782608695652,0.7326086956521739,0.2826086956521739,0.2565217391304348,0.7326086956521739,0.28804347826086957,0.8141304347826087,0.5141304347826087,0.24565217391304348,0.717391304347826,0.6375,0.14402173913043478,0.4,0.425,0.5723858695652173
130,2b2,130_2b2,Tc,mc,AKGC417L,130_2b2_Tc_mc_AKGC417L,/nas/home/pcallandrone/DeepLearning/dataset/ICBHI_2017/ICBHI_final_database/130_2b2_Tc_mc_AKGC417L.wav,/nas/home/pcallandrone/DeepLearning/dataset/ICBHI_2017/ICBHI_final_database/130_2b2_Tc_mc_AKGC417L.txt,44100,20.0,0.06591130408121257,0.9999620914459229,6.122448979591836e-05,-3.7917950976407155e-05,0.06686075762340588,1.002655029296875,5e-05,23.5196048497024,0.09008333333333333,27,0.050714302505571386,0.05243851059687704,0.0694814324706719,0.1579645998467013,0,0.000375,1.002655029296875,False,0.0,normal,6,14.931,1.0,0.3082405746787593,0.08087449272587045,0.6919657078318008,4.376189499802324e-06,45.57518860095204,,False,,0.2141304347826087,0.2391304347826087,0.8065217391304348,0.7652173913043478,0.3402173913043478,0.816304347826087,0.3358695652173913,0.05434782608695652,0.4625,0.717391304347826,0.6375,0.8347826086956521,0.7782608695652173,0.36086956521739133,0.5591413043478263
130,2b3,130_2b3,Al,mc,AKGC417L,130_2b3_Al_mc_AKGC417L,/nas/home/pcallandrone/DeepLearning/dataset/ICBHI_2017/ICBHI_final_database/130_2b3_Al_mc_AKGC417L.wav,/nas/home/pcallandrone/DeepLearning/dataset/ICBHI_2017/ICBHI_final_database/130_2b3_Al_mc_AKGC417L.txt,44100,20.0,0.19497711934124948,1.0001798868179321,0.002256235827664399,-0.00017998740077018738,0.19855004817857141,1.0025925636291504,0.002,14.065089641285988,0.030783333333333333,27,0.17077306212204205,0.19020906575451557,0.20023907685116601,0.044614669531032,0,0.004125,1.0025925636291504,False,0.0,crackles,8,14.311,0.0728810006288868,0.15677780827617027,0.031724129312634755,0.8432989790074288,5.044526963435423e-07,36.085003328833295,,False,,0.6239130434782608,0.6967391304347826,0.5815217391304348,0.5304347826086957,0.9782608695652174,0.5869565217391305,0.716304347826087,0.41195652173913044,0.29891304347826086,0.41956521739130437,0.8864130434782609,0.3076086956521739,0.6326086956521739,0.5717391304347826,0.671038043478261
130,2b3,130_2b3,Ar,mc,AKGC417L,130_2b3_Ar_mc_AKGC417L,/nas/home/pcallandrone/DeepLearning/dataset/ICBHI_2017/ICBHI_final_database/130_2b3_Ar_mc_AKGC417L.wav,/nas/home/pcallandrone/DeepLearning/dataset/ICBHI_2017/ICBHI_final_database/130_2b3_Ar_mc_AKGC417L.txt,44100,20.0,0.1311938193847133,0.6774095296859741,0.0,4.4244970922591165e-05,0.13325201151471155,0.6771141886711121,0.0,14.119762807467707,0.029033333333333335,27,0.1179869955812545,0.12375281833373902,0.13514903925791397,0.06583845524517798,0,0.0,0.6771141886711121,False,0.0,crackles,8,14.311,0.0728810006288868,0.2653481748822649,0.0425337394062741,0.734827831584086,7.709106518373885e-07,37.927631005905745,,False,,0.4652173913043478,0.5141304347826087,0.7521739130434782,0.6130434782608696,0.8684782608695653,0.7641304347826087,0.6554347826086957,0.45760869565217394,0.7516304347826087,0.41956521739130437,0.8864130434782609,0.3076086956521739,0.6673913043478261,0.5815217391304348,0.6661521739130437
130,2b3,130_2b3,Ll,mc,AKGC417L,130_2b3_Ll_mc_AKGC417L,/nas/home/pcallandrone/DeepLearning/dataset/ICBHI_2017/ICBHI_final_database/130_2b3_Ll_mc_AKGC417L.wav,/nas/home/pcallandrone/DeepLearning/dataset/ICBHI_2017/ICBHI_final_database/130_2b3_Ll_mc_AKGC417L.txt,44100,20.0,0.059468688333344226,0.3828330338001251,0.0,1.0993810064974241e-05,0.058800304732048864,0.38156235218048096,0.0,16.243718796579046,0.041716666666666666,27,0.05338804133823765,0.05543748429785107,0.059562103052824035,0.049620894492895605,0,0.0,0.38156235218048096,False,0.0,crackles,8,14.311,0.0,0.4395368891970215,0.04194176983047161,0.5644444425098489,2.6710600673821696e-06,45.55345116336065,,False,,0.1858695652173913,0.2554347826086957,0.8978260869565218,0.6054347826086957,0.9597826086956521,0.907608695652174,0.4326086956521739,0.23206521739130434,0.7516304347826087,0.41956521739130437,0.8864130434782609,0.14402173913043478,0.7771739130434783,0.8336956521739131,0.5932445652173914
130,2b3,130_2b3,Lr,mc,AKGC417L,130_2b3_Lr_mc_AKGC417L,/nas/home/pcallandrone/DeepLearning/dataset/ICBHI_2017/ICBHI_final_database/130_2b3_Lr_mc_AKGC417L.wav,/nas/home/pcallandrone/DeepLearning/dataset/ICBHI_2017/ICBHI_final_database/130_2b3_Lr_mc_AKGC417L.txt,44100,20.0,0.09598399911078279,0.6920536160469055,0.0,-9.220296306011733e-06,0.09597523158821107,0.6917145848274231,0.0,17.155355273892507,0.03905,27,0.07799012475977757,0.0847702812741693,0.09504941092206164,0.09360284547092676,0,0.0,0.6917145848274231,False,0.0,crackles,8,14.311,0.0728810006288868,0.2657210382780555,0.0233744458583602,0.7343786925086838,1.4165028130566155e-06,36.97369072992976,,False,,0.3402173913043478,0.3826086956521739,0.7532608695652174,0.4380434782608696,0.6630434782608695,0.7673913043478261,0.5402173913043479,0.2684782608695652,0.7516304347826087,0.41956521739130437,0.8864130434782609,0.3076086956521739,0.65,0.9260869565217391,0.5810652173913043
130,2b3,130_2b3,Pl,mc,AKGC417L,130_2b3_Pl_mc_AKGC417L,/nas/home/pcallandrone/DeepLearning/dataset/ICBHI_2017/ICBHI_final_database/130_2b3_Pl_mc_AKGC417L.wav,/nas/home/pcallandrone/DeepLearning/dataset/ICBHI_2017/ICBHI_final_database/130_2b3_Pl_mc_AKGC417L.txt,44100,20.0,0.12360235046840719,0.6558360457420349,0.0,-1.1170316156494664e-06,0.12510738326980922,0.6549316048622131,0.0,14.378260153669293,0.0314,27,0.10301311011446854,0.11469821165034588,0.12469782726817642,0.07357272172780367,0,0.0,0.6549316048622131,False,0.0,crackles,8,14.311,0.0,0.1262655493329045,0.04124105701451613,0.8742597620320511,3.942018024395355e-07,30.17653503784919,,False,,0.43478260869565216,0.4891304347826087,0.49782608695652175,0.5989130434782609,0.8108695652173913,0.5021739130434782,0.7423913043478261,0.3978260869565217,0.7516304347826087,0.41956521739130437,0.8864130434782609,0.14402173913043478,0.508695652173913,0.6228260869565218,0.5775652173913045
130,2b3,130_2b3,Pr,mc,AKGC417L,130_2b3_Pr_mc_AKGC417L,/nas/home/pcallandrone/DeepLearning/dataset/ICBHI_2017/ICBHI_final_database/130_2b3_Pr_mc_AKGC417L.wav,/nas/home/pcallandrone/DeepLearning/dataset/ICBHI_2017/ICBHI_final_database/130_2b3_Pr_mc_AKGC417L.txt,44100,20.0,0.21752483646852394,1.000117301940918,0.0012811791383219955,-0.0001174412973341532,0.22213439527894463,1.002634882926941,0.0016333333333333334,13.090540002065346,0.026916666666666665,27,0.18315699689606266,0.1922006119987541,0.2144708316508473,0.11225685781903107,0,0.009375,1.002634882926941,False,0.0,crackles,8,14.311,0.0,0.07764066521510378,0.016272293788283588,0.9224797053371128,1.9531997499892633e-07,25.65818960740018,,False,,0.683695652173913,0.7032608695652174,0.3293478260869565,0.3184782608695652,0.5304347826086957,0.33695652173913043,0.8173913043478261,0.5467391304347826,0.31467391304347825,0.41956521739130437,0.8864130434782609,0.14402173913043478,0.38369565217391305,0.44456521739130433,0.5521847826086956
130,2b3,130_2b3,Tc,mc,AKGC417L,130_2b3_Tc_mc_AKGC417L,/nas/home/pcallandrone/DeepLearning/dataset/ICBHI_2017/ICBHI_final_database/130_2b3_Tc_mc_AKGC417L.wav,/nas/home/pcallandrone/DeepLearning/dataset/ICBHI_2017/ICBHI_final_database/130_2b3_Tc_mc_AKGC417L.txt,44100,20.0,0.04816611635160307,1.0000085830688477,3.514739229024943e-05,8.553878615202848e-06,0.04124693880025237,0.44457122683525085,0.0,20.650992557467156,0.0561,27,0.0320240373960869,0.03344560552270565,0.040612560393181445,0.12892109143633484,0,0.0,0.44457122683525085,False,0.0,normal,8,14.311,1.0,0.1521724660964745,0.04542038140321451,0.8479943250046299,6.150162354302443e-06,33.44326950870961,,False,,0.12608695652173912,0.13369565217391305,0.5684782608695652,0.6380434782608696,0.44565217391304346,0.575,0.2782608695652174,0.13043478260869565,0.7516304347826087,0.41956521739130437,0.8864130434782609,0.8347826086956521,0.5782608695652174,0.7358695652173913,0.47075000000000006
130,2b4,130_2b4,Al,mc,AKGC417L,130_2b4_Al_mc_AKGC417L,/nas/home/pcallandrone/DeepLearning/dataset/ICBHI_2017/ICBHI_final_database/130_2b4_Al_mc_AKGC417L.wav,/nas/home/pcallandrone/DeepLearning/dataset/ICBHI_2017/ICBHI_final_database/130_2b4_Al_mc_AKGC417L.txt,44100,20.0,0.19091774582939858,1.000108242034912,0.0016190476190476191,0.0001082112139556557,0.18965383874361882,1.0018424987792969,0.0018333333333333333,14.45675625929555,0.030533333333333332,27,0.17097201540270104,0.17231989815335574,0.1884721647846671,0.0528353895765627,0,0.003875,1.0018424987792969,False,0.0,crackles,7,14.662,0.07236393397899332,0.12496252731749694,0.02189984901849676,0.8756860532987073,5.916689058752503e-07,34.5792535265473,,False,,0.5934782608695652,0.6532608695652173,0.4902173913043478,0.41304347826086957,0.9489130434782609,0.49130434782608695,0.6923913043478261,0.41847826086956524,0.30434782608695654,0.5510869565217391,0.7880434782608695,0.3027173913043478,0.6076086956521739,0.6347826086956522,0.6308152173913043
130,2b4,130_2b4,Ar,mc,AKGC417L,130_2b4_Ar_mc_AKGC417L,/nas/home/pcallandrone/DeepLearning/dataset/ICBHI_2017/ICBHI_final_database/130_2b4_Ar_mc_AKGC417L.wav,/nas/home/pcallandrone/DeepLearning/dataset/ICBHI_2017/ICBHI_final_database/130_2b4_Ar_mc_AKGC417L.txt,44100,20.0,0.14101171696627787,0.6534106135368347,0.0,8.694042480783537e-05,0.13945582934302897,0.63304203748703,0.0,13.139917548924453,0.02565,27,0.12371094054662146,0.1260371943303693,0.13610757291869627,0.08066512511695334,0,0.0,0.63304203748703,False,0.0,crackles,7,14.662,0.0,0.23086614481132892,0.027904063292411,0.7693944912226132,7.289607998146978e-07,35.51096661184369,,False,,0.483695652173913,0.525,0.7108695652173913,0.49130434782608695,0.7728260869565218,0.7217391304347827,0.6652173913043479,0.5782608695652174,0.7516304347826087,0.5510869565217391,0.7880434782608695,0.14402173913043478,0.625,0.44782608695652176,0.6376141304347827
130,2b4,130_2b4,Ll,mc,AKGC417L,130_2b4_Ll_mc_AKGC417L,/nas/home/pcallandrone/DeepLearning/dataset/ICBHI_2017/ICBHI_final_database/130_2b4_Ll_mc_AKGC417L.wav,/nas/home/pcallandrone/DeepLearning/dataset/ICBHI_2017/ICBHI_final_database/130_2b4_Ll_mc_AKGC417L.txt,44100,20.0,0.061249028384195985,0.4938552975654602,0.0,5.905601028644014e-06,0.06066392416293321,0.4334765672683716,0.0,17.080702494504006,0.0436,27,0.05004190818504903,0.0565706555485994,0.05947146379261592,0.1013837078869049,0,0.0,0.4334765672683716,False,0.0,crackles,7,14.662,0.07236393397899332,0.3770167078405907,0.023059723035345453,0.6239471985967806,2.7195405372195483e-06,41.848345489883286,,False,,0.19456521739130433,0.266304347826087,0.8532608695652174,0.4326086956521739,0.6054347826086957,0.8619565217391304,0.4282608695652174,0.20978260869565218,0.7516304347826087,0.5510869565217391,0.7880434782608695,0.3027173913043478,0.7239130434782609,0.9152173913043479,0.5542554347826087
130,2b4,130_2b4,Lr,mc,AKGC417L,130_2b4_Lr_mc_AKGC417L,/nas/home/pcallandrone/DeepLearning/dataset/ICBHI_2017/ICBHI_final_database/130_2b4_Lr_mc_AKGC417L.wav,/nas/home/pcallandrone/DeepLearning/dataset/ICBHI_2017/ICBHI_final_database/130_2b4_Lr_mc_AKGC417L.txt,44100,20.0,0.10782623202248516,0.833582878112793,0.0,0.0001158669765572995,0.10601476692903652,0.7019703388214111,0.0,16.419047969082786,0.0379,27,0.09226390397911764,0.09930613618062216,0.10815611940640882,0.049204107106571186,0,0.0,0.7019703388214111,False,0.0,crackles,7,14.662,0.07236393397899332,0.2335194567138683,0.0163025649231608,0.7690276940867138,1.094678169311159e-06,35.50707267635478,,False,,0.375,0.4326086956521739,0.717391304347826,0.32065217391304346,0.9630434782608696,0.7239130434782609,0.6,0.29239130434782606,0.7516304347826087,0.5510869565217391,0.7880434782608695,0.3027173913043478,0.6239130434782608,0.8489130434782609,0.6149510869565218
130,2b4,130_2b4,Pl,mc,AKGC417L,130_2b4_Pl_mc_AKGC417L,/nas/home/pcallandrone/DeepLearning/dataset/ICBHI_2017/ICBHI_final_database/130_2b4_Pl_mc_AKGC417L.wav,/nas/home/pcallandrone/DeepLearning/dataset/ICBHI_2017/ICBHI_final_database/130_2b4_Pl_mc_AKGC417L.txt,44100,20.0,0.11716054917588753,0.6409451961517334,0.0,8.156495459843427e-05,0.11358905270769105,0.5592928528785706,0.0,13.846055829961532,0.02615,27,0.09795709921859043,0.10453315442341406,0.11566672587718571,0.06203477422816201,0,0.0,0.5592928528785706,False,0.0,both,7,14.662,0.07236393397899332,0.11289307417368435,0.03187311444836698,0.887135385811529,4.499789694946323e-07,28.396721493497235,,False,,0.39891304347826084,0.45,0.45869565217391306,0.5315217391304348,0.8923913043478261,0.46304347826086956,0.7304347826086957,0.5673913043478261,0.7516304347826087,0.5510869565217391,0.7880434782608695,0.3027173913043478,0.4652173913043478,0.533695652173913,0.5831576086956523
130,2p3,130_2p3,Pl,mc,AKGC417L,130_2p3_Pl_mc_AKGC417L,/nas/home/pcallandrone/DeepLearning/dataset/ICBHI_2017/ICBHI_final_database/130_2p3_Pl_mc_AKGC417L.wav,/nas/home/pcallandrone/DeepLearning/dataset/ICBHI_2017/ICBHI_final_database/130_2p3_Pl_mc_AKGC417L.txt,44100,20.0,0.7966550769708823,1.0055006742477417,0.4816360544217687,0.0055006640031933784,0.8042140011214658,1.0579172372817993,0.25116666666666665,2.3816012717693527,0.004916666666666666,27,0.7643305719910548,0.778595133577209,0.799918559761556,0.04180889819524428,0,0.37175,1.0579172372817993,False,0.0,crackles,8,14.756,0.0,0.10507138973796826,0.020463882058883904,0.8950580851483587,1.201353050978704e-06,24.073116070793095,,False,,1.0,1.0,0.4358695652173913,0.3934782608695652,0.9826086956521739,0.4380434782608696,0.5771739130434783,0.9989130434782608,0.0010869565217391304,0.5869565217391305,0.8864130434782609,0.14402173913043478,0.3402173913043478,0.002173913043478261,0.7200380434782608
130,2p5,130_2p5,Al,mc,AKGC417L,130_2p5_Al_mc_AKGC417L,/nas/home/pcallandrone/DeepLearning/dataset/ICBHI_2017/ICBHI_final_database/130_2p5_Al_mc_AKGC417L.wav,/nas/home/pcallandrone/DeepLearning/dataset/ICBHI_2017/ICBHI_final_database/130_2p5_Al_mc_AKGC417L.txt,44100,20.0,0.5322834839537488,1.001354455947876,0.13473356009070295,0.001354494015686214,0.5414469518668674,1.0220887660980225,0.08483333333333333,5.5186540340093915,0.016283333333333334,27,0.4472634537266918,0.5190569121047677,0.5467345428101668,0.04980876666257167,0,0.114375,1.0220887660980225,False,0.0,crackles,8,14.958,0.0,0.14302097723062981,0.022054144055129267,0.8572788825372545,9.028594487090484e-07,29.404361264630822,,False,,0.9869565217391304,0.9934782608695653,0.5467391304347826,0.41739130434782606,0.9576086956521739,0.5532608695652174,0.6304347826086957,0.9239130434782609,0.015217391304347827,0.8206521739130435,0.8864130434782609,0.14402173913043478,0.4880434782608696,0.014130434782608696,0.7638858695652175
130,2p5,130_2p5,Ar,mc,AKGC417L,130_2p5_Ar_mc_AKGC417L,/nas/home/pcallandrone/DeepLearning/dataset/ICBHI_2017/ICBHI_final_database/130_2p5_Ar_mc_AKGC417L.wav,/nas/home/pcallandrone/DeepLearning/dataset/ICBHI_2017/ICBHI_final_database/130_2p5_Ar_mc_AKGC417L.txt,44100,20.0,0.45697016060475243,1.0023488998413086,0.10330612244897959,-0.0023490767925977707,0.4691834637679766,1.0668479204177856,0.06191666666666667,7.135196355305263,0.039766666666666665,27,0.39781246522176783,0.4433314362463875,0.46592330916266333,0.05623940977026759,0,0.080875,1.0668479204177856,False,0.0,crackles,8,14.958,0.0,0.07958086520047712,0.019619092091951645,0.9204210953906161,4.177045074113084e-06,25.59389788068898,,False,,0.966304347826087,0.9771739130434782,0.34456521739130436,0.3782608695652174,0.9326086956521739,0.3521739130434783,0.34456521739130436,0.2576086956521739,0.03260869565217391,0.8206521739130435,0.8864130434782609,0.14402173913043478,0.3793478260869565,0.043478260869565216,0.6507228260869566
130,2p5,130_2p5,Lr,mc,AKGC417L,130_2p5_Lr_mc_AKGC417L,/nas/home/pcallandrone/DeepLearning/dataset/ICBHI_2017/ICBHI_final_database/130_2p5_Lr_mc_AKGC417L.wav,/nas/home/pcallandrone/DeepLearning/dataset/ICBHI_2017/ICBHI_final_database/130_2p5_Lr_mc_AKGC417L.txt,44100,20.0,0.46520235081390443,1.002364158630371,0.11624716553287982,-0.002364249201491475,0.46010286608449286,1.03183913230896,0.06268333333333333,7.015141114039145,0.028416666666666666,27,0.4148125263431532,0.42958722101446334,0.47859006496495504,0.05782572050615831,0,0.081625,1.03183913230896,False,0.0,crackles,8,14.958,0.1599144270624414,0.17034661983984414,0.032299753349916915,0.8300759783077433,4.540404771730231e-06,29.458776283040372,,False,,0.9630434782608696,0.9728260869565217,0.6054347826086957,0.5369565217391304,0.9217391304347826,0.6141304347826086,0.33043478260869563,0.48478260869565215,0.03152173913043478,0.8206521739130435,0.8864130434782609,0.3641304347826087,0.49130434782608695,0.0391304347826087,0.7524619565217392
130,2p5,130_2p5,Pl,mc,AKGC417L,130_2p5_Pl_mc_AKGC417L,/nas/home/pcallandrone/DeepLearning/dataset/ICBHI_2017/ICBHI_final_database/130_2p5_Pl_mc_AKGC417L.wav,/nas/home/pcallandrone/DeepLearning/dataset/ICBHI_2017/ICBHI_final_database/130_2p5_Pl_mc_AKGC417L.txt,44100,20.0,0.31286607889741147,1.0001047849655151,0.023361678004535147,0.00010481324716238305,0.33853269262726216,1.0036062002182007,0.0275,9.43925440058611,0.03891666666666667,27,0.08685020536772309,0.11335881123540985,0.33394589095792354,0.39730822169581886,0,0.069125,1.0036062002182007,False,0.0,both,8,14.958,0.0,0.032281551375170046,0.007875437029351257,0.9677625592322275,5.860973065105725e-07,15.471377191146372,,False,,0.866304347826087,0.48478260869565215,0.14782608695652175,0.17173913043478262,0.04673913043478261,0.1565217391304348,0.6945652173913044,0.2728260869565217,0.08478260869565217,0.8206521739130435,0.8864130434782609,0.14402173913043478,0.14456521739130435,0.13152173913043477,0.42430978260869573
130,2p5,130_2p5,Pr,mc,AKGC417L,130_2p5_Pr_mc_AKGC417L,/nas/home/pcallandrone/DeepLearning/dataset/ICBHI_2017/ICBHI_final_database/130_2p5_Pr_mc_AKGC417L.wav,/nas/home/pcallandrone/DeepLearning/dataset/ICBHI_2017/ICBHI_final_database/130_2p5_Pr_mc_AKGC417L.txt,44100,20.0,0.11789350665416176,0.7793879508972168,0.0,-0.00023089097521733493,0.11833549340080639,0.7712137699127197,0.0,16.28119497898603,0.036616666666666665,27,0.10749456262991187,0.11012183701444629,0.11625799529497241,0.05792131222327872,0,0.0,0.7712137699127197,False,0.0,both,8,14.958,0.0,0.08070813429074984,0.012579280838812152,0.9260478016029834,2.5184793186648068e-05,21.19123155106754,,False,,0.4141304347826087,0.4641304347826087,0.34891304347826085,0.2608695652173913,0.9195652173913044,0.3217391304347826,0.12391304347826088,0.3130434782608696,0.7516304347826087,0.8206521739130435,0.8864130434782609,0.14402173913043478,0.2565217391304348,0.8380434782608696,0.4941304347826087
130,2p5,130_2p5,Tc,mc,AKGC417L,130_2p5_Tc_mc_AKGC417L,/nas/home/pcallandrone/DeepLearning/dataset/ICBHI_2017/ICBHI_final_database/130_2p5_Tc_mc_AKGC417L.wav,/nas/home/pcallandrone/DeepLearning/dataset/ICBHI_2017/ICBHI_final_database/130_2p5_Tc_mc_AKGC417L.txt,44100,20.0,0.0702758138313673,0.284757524728775,0.0,-0.0002118600532412529,0.07109836114912925,0.2771148383617401,0.0,11.816003806569322,0.02305,27,0.05861081601117804,0.06339444840742396,0.07078776394846434,0.08808753866450188,0,0.0,0.2771148383617401,False,0.0,both,8,14.958,0.11652627356598477,0.032756422807418625,0.01295689611025056,0.9765953913977833,3.0038048821930944e-05,11.427158974064968,,False,,0.23152173913043478,0.2956521739130435,0.15217391304347827,0.266304347826087,0.7021739130434783,0.12065217391304348,0.11304347826086956,0.6885869565217392,0.7516304347826087,0.8206521739130435,0.8864130434782609,0.32717391304347826,0.059782608695652176,0.27608695652173915,0.3884619565217392
130,3b3,130_3b3,Ll,mc,AKGC417L,130_3b3_Ll_mc_AKGC417L,/nas/home/pcallandrone/DeepLearning/dataset/ICBHI_2017/ICBHI_final_database/130_3b3_Ll_mc_AKGC417L.wav,/nas/home/pcallandrone/DeepLearning/dataset/ICBHI_2017/ICBHI_final_database/130_3b3_Ll_mc_AKGC417L.txt,44100,20.0,0.2011604302239461,0.8918028473854065,0.0,-3.74977316823788e-05,0.20922055594591812,0.89068603515625,0.0,12.58240582375832,0.025833333333333333,27,0.16249433155638907,0.1679964732440606,0.20165766908951238,0.15339753115971272,0,0.0,0.89068603515625,False,0.0,crackles,5,14.361,0.0,0.09796259342466133,0.006159731487244,0.9021372856137018,1.1209626971571151e-06,21.627392580556663,,False,,0.6510869565217391,0.6380434782608696,0.40869565217391307,0.14673913043478262,0.3565217391304348,0.4141304347826087,0.5934782608695652,0.5760869565217391,0.7516304347826087,0.43369565217391304,0.4320652173913043,0.14402173913043478,0.26956521739130435,0.3793478260869565,0.504967391304348
130,3b4,130_3b4,Al,mc,AKGC417L,130_3b4_Al_mc_AKGC417L,/nas/home/pcallandrone/DeepLearning/dataset/ICBHI_2017/ICBHI_final_database/130_3b4_Al_mc_AKGC417L.wav,/nas/home/pcallandrone/DeepLearning/dataset/ICBHI_2017/ICBHI_final_database/130_3b4_Al_mc_AKGC417L.txt,44100,20.0,0.024939828115405745,0.17759741842746735,0.0,2.8709740945487283e-05,0.02497064511168663,0.17748215794563293,0.0,17.03449872737773,0.0447,27,0.019746970305365773,0.021144761355062,0.02440210561608265,0.12375499230470545,0,0.0,0.17748215794563293,False,0.0,normal,4,13.586,1.0,0.2537038457234219,0.01911116388158388,0.7479659150288305,1.5898309406252744e-06,41.77877720846859,,False,,0.07717391304347826,0.08695652173913043,0.7380434782608696,0.36630434782608695,0.4673913043478261,0.75,0.5239130434782608,0.19945652173913042,0.7516304347826087,0.19891304347826086,0.19510869565217392,0.8347826086956521,0.7228260869565217,0.908695652173913,0.46819021739130445
130,3b4,130_3b4,Ar,mc,AKGC417L,130_3b4_Ar_mc_AKGC417L,/nas/home/pcallandrone/DeepLearning/dataset/ICBHI_2017/ICBHI_final_database/130_3b4_Ar_mc_AKGC417L.wav,/nas/home/pcallandrone/DeepLearning/dataset/ICBHI_2017/ICBHI_final_database/130_3b4_Ar_mc_AKGC417L.txt,44100,20.0,0.09879450555845216,1.0001693964004517,0.0037970521541950113,0.00016941224748734385,0.10360038229097795,1.0017462968826294,0.0049833333333333335,19.70792774532981,0.5781,27,0.003302577212550796,0.003621807346543079,0.031006612243914388,0.9451563055965115,0,0.027875,1.0017462968826294,False,0.0,normal,4,13.586,1.0,0.046961604720056345,0.013688263786536772,0.9531711168721907,1.2417650651285175e-06,16.699945652178442,,False,,0.36630434782608695,0.009782608695652175,0.20543478260869566,0.27717391304347827,0.003260869565217391,0.20978260869565218,0.5652173913043478,0.0010869565217391304,0.22065217391304348,0.19891304347826086,0.19510869565217392,0.8347826086956521,0.16521739130434782,0.8391304347826087,0.2776684782608696
130,3b4,130_3b4,Lr,mc,AKGC417L,130_3b4_Lr_mc_AKGC417L,/nas/home/pcallandrone/DeepLearning/dataset/ICBHI_2017/ICBHI_final_database/130_3b4_Lr_mc_AKGC417L.wav,/nas/home/pcallandrone/DeepLearning/dataset/ICBHI_2017/ICBHI_final_database/130_3b4_Lr_mc_AKGC417L.txt,44100,20.0,0.011928953977713748,0.3220822811126709,0.0,1.1689810889947694e-05,0.012817216161179912,0.17415902018547058,0.0,22.663045212131383,0.07135,27,0.00961128238122868,0.010151456528068654,0.01279305496653431,0.16171772202448317,0,0.0,0.17415902018547058,False,0.0,crackles,4,13.586,0.0,0.2816165982570973,0.040607043808026766,0.7190753591505665,2.5644539790433665e-05,37.49810352196625,,False,,0.043478260869565216,0.043478260869565216,0.7695652173913043,0.5934782608695652,0.32717391304347826,0.783695652173913,0.11956521739130435,0.08695652173913043,0.7516304347826087,0.19891304347826086,0.19510869565217392,0.14402173913043478,0.6565217391304348,0.47608695652173916,0.3678695652173914
130,3b4,130_3b4,Pl,mc,AKGC417L,130_3b4_Pl_mc_AKGC417L,/nas/home/pcallandrone/DeepLearning/dataset/ICBHI_2017/ICBHI_final_database/130_3b4_Pl_mc_AKGC417L.wav,/nas/home/pcallandrone/DeepLearning/dataset/ICBHI_2017/ICBHI_final_database/130_3b4_Pl_mc_AKGC417L.txt,44100,20.0,0.09868715529491218,0.5486777424812317,0.0,6.429057248169556e-05,0.10444681617147797,0.5481584072113037,0.0,14.400217458397865,0.031966666666666664,27,0.0641543763667943,0.07462634682995363,0.10016299064302785,0.2600762897673158,0,0.0,0.5481584072113037,False,0.0,crackles,4,13.586,0.0,0.05773498859037427,0.007798407538466487,0.9424614947119845,1.891076731258791e-07,21.616315874093075,,False,,0.3684782608695652,0.3423913043478261,0.2467391304347826,0.16847826086956522,0.14782608695652175,0.25,0.8195652173913044,0.3847826086956522,0.7516304347826087,0.19891304347826086,0.19510869565217392,0.14402173913043478,0.2684782608695652,0.6271739130434782,0.3461847826086957
130,3b4,130_3b4,Pr,mc,AKGC417L,130_3b4_Pr_mc_AKGC417L,/nas/home/pcallandrone/DeepLearning/dataset/ICBHI_2017/ICBHI_final_database/130_3b4_Pr_mc_AKGC417L.wav,/nas/home/pcallandrone/DeepLearning/dataset/ICBHI_2017/ICBHI_final_database/130_3b4_Pr_mc_AKGC417L.txt,44100,20.0,0.056427709241519804,0.30718719959259033,0.0,3.8506426790263504e-05,0.057180206268935954,0.3066498339176178,0.0,14.587940307452156,0.03141666666666667,27,0.04199286702741998,0.046019376511757526,0.058082483516215345,0.13810453253783617,0,0.0,0.3066498339176178,False,0.0,crackles,4,13.586,0.0,0.15615849936822407,0.008465872766563284,0.8442477024677719,1.2665470115862766e-06,29.642470268811827,,False,,0.1782608695652174,0.1934782608695652,0.5804347826086956,0.18804347826086956,0.4032608695652174,0.5836956521739131,0.5608695652173913,0.39619565217391306,0.7516304347826087,0.19891304347826086,0.19510869565217392,0.14402173913043478,0.4945652173913043,0.6445652173913043,0.38769021739130444
130,3p2,130_3p2,Al,mc,AKGC417L,130_3p2_Al_mc_AKGC417L,/nas/home/pcallandrone/DeepLearning/dataset/ICBHI_2017/ICBHI_final_database/130_3p2_Al_mc_AKGC417L.wav,/nas/home/pcallandrone/DeepLearning/dataset/ICBHI_2017/ICBHI_final_database/130_3p2_Al_mc_AKGC417L.txt,44100,20.0,0.21851675455290456,1.0001416206359863,0.008191609977324262,0.00014156840916257352,0.2216527036405991,1.0064852237701416,0.0077666666666666665,13.142687403053817,0.029983333333333334,27,0.19516125996929823,0.2018617715342045,0.21898704399179664,0.06315490488287752,0,0.012375,1.0064852237701416,False,0.0,crackles,6,13.539,0.0,0.3516762393737349,0.018810017416126132,0.6492477661421664,2.5003113458417308e-05,43.81861115014283,,False,,0.6815217391304348,0.7336956521739131,0.8369565217391305,0.36086956521739133,0.883695652173913,0.8478260869565217,0.125,0.43478260869565216,0.1793478260869565,0.1826086956521739,0.6375,0.14402173913043478,0.7510869565217392,0.4489130434782609,0.6417771739130436
130,3p2,130_3p2,Ar,mc,AKGC417L,130_3p2_Ar_mc_AKGC417L,/nas/home/pcallandrone/DeepLearning/dataset/ICBHI_2017/ICBHI_final_database/130_3p2_Ar_mc_AKGC417L.wav,/nas/home/pcallandrone/DeepLearning/dataset/ICBHI_2017/ICBHI_final_database/130_3p2_Ar_mc_AKGC417L.txt,44100,20.0,0.20151135919343632,1.0002360343933105,0.004979591836734694,0.00023607253388036042,0.2078809407381857,1.0061033964157104,0.0045,13.696558827830355,0.08763333333333333,27,0.10583006342455381,0.13407125470803397,0.2039602788484944,0.22291572068745458,0,0.018,1.0061033964157104,False,0.0,crackles,6,13.539,0.34943496565477505,0.12518494391158086,0.01901289114198489,0.8750121150663464,1.6789376563302903e-06,28.41041013757882,,False,,0.6489130434782608,0.55,0.4934782608695652,0.3652173913043478,0.1891304347826087,0.4945652173913043,0.5108695652173914,0.058695652173913045,0.23043478260869565,0.1826086956521739,0.6375,0.475,0.4673913043478261,0.5163043478260869,0.4859510869565219
130,3p2,130_3p2,Pl,mc,AKGC417L,130_3p2_Pl_mc_AKGC417L,/nas/home/pcallandrone/DeepLearning/dataset/ICBHI_2017/ICBHI_final_database/130_3p2_Pl_mc_AKGC417L.wav,/nas/home/pcallandrone/DeepLearning/dataset/ICBHI_2017/ICBHI_final_database/130_3p2_Pl_mc_AKGC417L.txt,44100,20.0,0.3421608910921951,1.0005053281784058,0.015031746031746031,0.0005052876658737659,0.33680895706637975,1.0027527809143066,0.015916666666666666,9.47620484756014,0.0216,27,0.24750033425061588,0.2798707458986618,0.33267371485005376,0.11850422921867862,0,0.04225,1.0027527809143066,False,0.0,crackles,6,13.539,0.0,0.030093525039070177,0.00456599708753795,0.9699072475789592,1.3524939421092406e-07,15.76988858764966,,False,,0.8641304347826086,0.8717391304347826,0.13695652173913042,0.125,0.4967391304347826,0.14456521739130435,0.8434782608695652,0.7456521739130435,0.1282608695652174,0.1826086956521739,0.6375,0.14402173913043478,0.14782608695652175,0.13260869565217392,0.5117989130434784
130,3p2,130_3p2,Pr,mc,AKGC417L,130_3p2_Pr_mc_AKGC417L,/nas/home/pcallandrone/DeepLearning/dataset/ICBHI_2017/ICBHI_final_database/130_3p2_Pr_mc_AKGC417L.wav,/nas/home/pcallandrone/DeepLearning/dataset/ICBHI_2017/ICBHI_final_database/130_3p2_Pr_mc_AKGC417L.txt,44100,20.0,0.16105977661021353,0.7679001092910767,0.0,4.759346120408736e-05,0.16120112116808336,0.5977447032928467,0.0,11.38295356299001,0.0201,27,0.15304289558248294,0.15463244119179284,0.16145515976488498,0.029951408411860447,0,0.0,0.5977447032928467,False,0.0,crackles,6,13.539,0.0,0.5362136096155056,0.024498285993318693,0.8826796311255092,6.53997888918383e-06,43.47651868153119,,False,,0.5293478260869565,0.5989130434782609,0.9380434782608695,0.45869565217391306,0.9967391304347826,0.4771739130434783,0.27065217391304347,0.8,0.7516304347826087,0.1826086956521739,0.6375,0.14402173913043478,0.7478260869565218,0.2391304347826087,0.6340978260869565
130,3p2,130_3p2,Tc,mc,AKGC417L,130_3p2_Tc_mc_AKGC417L,/nas/home/pcallandrone/DeepLearning/dataset/ICBHI_2017/ICBHI_final_database/130_3p2_Tc_mc_AKGC417L.wav,/nas/home/pcallandrone/DeepLearning/dataset/ICBHI_2017/ICBHI_final_database/130_3p2_Tc_mc_AKGC417L.txt,44100,20.0,0.011572533596583693,0.04489721730351448,0.0,2.835221130226273e-05,0.011717239543679404,0.04410403221845627,0.0,11.513059688486564,0.0209,27,0.007931562833787776,0.00980696340181946,0.01131268767776668,0.14314590427546467,0,0.0,0.04410403221845627,False,0.0,crackles,6,13.539,0.0,0.026309194353091453,0.009276829076635388,0.9826830962043895,2.3232689750498376e-05,9.792049528963025,,False,,0.03804347826086957,0.041304347826086954,0.12391304347826088,0.2076086956521739,0.3858695652173913,0.09021739130434783,0.12608695652173912,0.7711956521739131,0.7516304347826087,0.1826086956521739,0.6375,0.14402173913043478,0.034782608695652174,0.25,0.21208152173913042
130,3p3,130_3p3,Al,mc,AKGC417L,130_3p3_Al_mc_AKGC417L,/nas/home/pcallandrone/DeepLearning/dataset/ICBHI_2017/ICBHI_final_database/130_3p3_Al_mc_AKGC417L.wav,/nas/home/pcallandrone/DeepLearning/dataset/ICBHI_2017/ICBHI_final_database/130_3p3_Al_mc_AKGC417L.txt,44100,20.0,0.21181090800744093,1.0003563165664673,0.0016394557823129251,-0.0003564183134585619,0.21545175239710032,1.0047436952590942,0.0016166666666666666,13.374105173410696,0.027966666666666667,27,0.19233621678268362,0.19953054283337177,0.21591173842818528,0.059798428609833094,0,0.00425,1.0047436952590942,False,0.0,crackles,6,14.589,0.0,0.24142736276987764,0.013332210716641604,0.7622963478533492,2.16212282916154e-05,35.07542032273025,,False,,0.6673913043478261,0.7260869565217392,0.7293478260869565,0.27065217391304347,0.9032608695652173,0.7336956521739131,0.13369565217391305,0.5054347826086957,0.3173913043478261,0.5092391304347826,0.6375,0.14402173913043478,0.6130434782608696,0.4782608695652174,0.6354347826086956
130,3p3,130_3p3,Pl,mc,AKGC417L,130_3p3_Pl_mc_AKGC417L,/nas/home/pcallandrone/DeepLearning/dataset/ICBHI_2017/ICBHI_final_database/130_3p3_Pl_mc_AKGC417L.wav,/nas/home/pcallandrone/DeepLearning/dataset/ICBHI_2017/ICBHI_final_database/130_3p3_Pl_mc_AKGC417L.txt,44100,20.0,0.32545433373557087,1.000584602355957,0.02965419501133787,-0.0005847555585205555,0.33554873750907016,1.0037062168121338,0.030766666666666668,9.51702009698905,0.026633333333333332,27,0.17234736102013107,0.216270426304603,0.3385984090654833,0.2098054555039118,0,0.06325,1.0037062168121338,False,0.0,crackles,6,14.589,0.0,0.029393376355811143,0.0049116507624979225,0.9706894163953396,1.5650806547574467e-07,15.733446889695413,,False,,0.8608695652173913,0.7706521739130435,0.13152173913043477,0.13260869565217392,0.20869565217391303,0.13804347826086957,0.8326086956521739,0.5576086956521739,0.06956521739130435,0.5092391304347826,0.6375,0.14402173913043478,0.14673913043478262,0.13478260869565217,0.4755543478260871
130,3p3,130_3p3,Pr,mc,AKGC417L,130_3p3_Pr_mc_AKGC417L,/nas/home/pcallandrone/DeepLearning/dataset/ICBHI_2017/ICBHI_final_database/130_3p3_Pr_mc_AKGC417L.wav,/nas/home/pcallandrone/DeepLearning/dataset/ICBHI_2017/ICBHI_final_database/130_3p3_Pr_mc_AKGC417L.txt,44100,20.0,0.18946613135965804,1.0002217292785645,0.0005351473922902495,-0.00022187750437296927,0.1868326789526814,1.0019609928131104,0.00048333333333333334,14.587959461556041,0.027916666666666666,27,0.1646998137418378,0.1712330791170803,0.18636429482546374,0.053871064266702386,0,0.00225,1.0019609928131104,False,0.0,both,6,14.589,0.0,0.45923073202112197,0.018843203456960392,0.8622002198741953,3.820481119541115e-06,39.69230489245511,,False,,0.5891304347826087,0.6489130434782608,0.9108695652173913,0.36195652173913045,0.9445652173913044,0.5347826086956522,0.35434782608695653,0.5070652173913044,0.3766304347826087,0.5092391304347826,0.6375,0.14402173913043478,0.6945652173913044,0.6456521739130435,0.6495978260869565
130,3p3,130_3p3,Tc,mc,AKGC417L,130_3p3_Tc_mc_AKGC417L,/nas/home/pcallandrone/DeepLearning/dataset/ICBHI_2017/ICBHI_final_database/130_3p3_Tc_mc_AKGC417L.wav,/nas/home/pcallandrone/DeepLearning/dataset/ICBHI_2017/ICBHI_final_database/130_3p3_Tc_mc_AKGC417L.txt,44100,20.0,0.012426292714766028,0.05368812382221222,0.0,-5.192908429307863e-05,0.012129330768704738,0.05295880511403084,0.0,12.802026693532708,0.024166666666666666,27,0.010522794271927293,0.011160192096822159,0.01235969795346839,0.07459164010497493,0,0.0,0.05295880511403084,False,0.0,crackles,6,14.589,0.1664267598875866,0.022816388009364422,0.007714451014363411,0.9850743214007963,1.721843521400514e-05,9.571402206393223,,False,,0.04021739130434782,0.05217391304347826,0.10652173913043478,0.16521739130434782,0.7989130434782609,0.07934782608695652,0.14782608695652175,0.6445652173913043,0.7516304347826087,0.5092391304347826,0.6375,0.3717391304347826,0.03260869565217391,0.40217391304347827,0.28804891304347824
130,3p4,130_3p4,Al,mc,AKGC417L,130_3p4_Al_mc_AKGC417L,/nas/home/pcallandrone/DeepLearning/dataset/ICBHI_2017/ICBHI_final_database/130_3p4_Al_mc_AKGC417L.wav,/nas/home/pcallandrone/DeepLearning/dataset/ICBHI_2017/ICBHI_final_database/130_3p4_Al_mc_AKGC417L.txt,44100,20.0,0.21899996931205395,1.0003465414047241,0.003759637188208617,0.00034656492061913013,0.21675428634614421,1.0036940574645996,0.0025166666666666666,13.31267316356739,0.02745,27,0.18022876195089713,0.19236103627752554,0.22019651076312763,0.0820406744896167,0,0.00625,1.0036940574645996,False,0.0,both,6,14.934000000000001,0.10867818400964235,0.20460112831433447,0.01333220364896454,0.7958622075344972,2.529963712916561e-05,33.602710106929614,,False,,0.6695652173913044,0.7043478260869566,0.6739130434782609,0.26956521739130435,0.7597826086956522,0.683695652173913,0.12173913043478261,0.5271739130434783,0.2826086956521739,0.7255434782608695,0.6375,0.32065217391304346,0.5836956521739131,0.46956521739130436,0.6328260869565218
130,3p4,130_3p4,Pl,mc,AKGC417L,130_3p4_Pl_mc_AKGC417L,/nas/home/pcallandrone/DeepLearning/dataset/ICBHI_2017/ICBHI_final_database/130_3p4_Pl_mc_AKGC417L.wav,/nas/home/pcallandrone/DeepLearning/dataset/ICBHI_2017/ICBHI_final_database/130_3p4_Pl_mc_AKGC417L.txt,44100,20.0,0.30953374510048254,1.0010526180267334,0.015158730158730158,0.0010526480618864298,0.2996508168215342,1.0040203332901,0.007,10.502540842930891,0.02493333333333333,27,0.22349171040521737,0.2335148080362663,0.3007591066757209,0.12998700051140058,0,0.02175,1.0040203332901,False,0.0,both,6,14.934000000000001,0.0,0.030534885791432088,0.0046845419006241165,0.9694828897783505,1.925430180226669e-07,15.792789256148717,,False,,0.8239130434782609,0.8021739130434783,0.1391304347826087,0.12608695652173912,0.44130434782608696,0.14782608695652175,0.8184782608695652,0.6086956521739131,0.1891304347826087,0.7255434782608695,0.6375,0.14402173913043478,0.15108695652173912,0.1815217391304348,0.521804347826087
130,3p4,130_3p4,Pr,mc,AKGC417L,130_3p4_Pr_mc_AKGC417L,/nas/home/pcallandrone/DeepLearning/dataset/ICBHI_2017/ICBHI_final_database/130_3p4_Pr_mc_AKGC417L.wav,/nas/home/pcallandrone/DeepLearning/dataset/ICBHI_2017/ICBHI_final_database/130_3p4_Pr_mc_AKGC417L.txt,44100,20.0,0.1740847057752007,0.9076977968215942,0.0,0.00011170130892423913,0.17316923938858314,0.9041014909744263,0.0,14.354928715953344,0.026166666666666668,27,0.15815358986213437,0.16448915231998273,0.17242762741688172,0.035131196085511136,0,0.0,0.9041014909744263,False,0.0,both,6,14.934000000000001,0.0,0.46018377004113525,0.019176484285775734,0.8695073969749045,4.65976449020854e-06,39.74662665473647,,False,,0.5543478260869565,0.6239130434782608,0.9119565217391304,0.3673913043478261,0.9923913043478261,0.5163043478260869,0.32717391304347826,0.5657608695652174,0.7516304347826087,0.7255434782608695,0.6375,0.14402173913043478,0.6978260869565217,0.6195652173913043,0.6709891304347825
130,3p4,130_3p4,Tc,mc,AKGC417L,130_3p4_Tc_mc_AKGC417L,/nas/home/pcallandrone/DeepLearning/dataset/ICBHI_2017/ICBHI_final_database/130_3p4_Tc_mc_AKGC417L.wav,/nas/home/pcallandrone/DeepLearning/dataset/ICBHI_2017/ICBHI_final_database/130_3p4_Tc_mc_AKGC417L.txt,44100,20.0,0.0121094197499289,0.04942139610648155,0.0,8.49029646587951e-08,0.011968825246794284,0.04812395200133324,0.0,12.08619510613794,0.023983333333333332,27,0.00968874273897142,0.01016269977133166,0.011680072184331423,0.1312112951827899,0,0.0,0.04812395200133324,False,0.0,both,6,14.934000000000001,0.0,0.019208207644885008,0.006207063706468311,0.9872493026783472,1.4482112594850772e-05,8.95693669161985,,False,,0.0391304347826087,0.04456521739130435,0.09130434782608696,0.14782608695652175,0.4358695652173913,0.06630434782608696,0.16304347826086957,0.6527173913043478,0.7516304347826087,0.7255434782608695,0.6375,0.14402173913043478,0.02608695652173913,0.3130434782608696,0.24204347826086958
131,1b1,131_1b1,Al,sc,Meditron,131_1b1_Al_sc_Meditron,/nas/home/pcallandrone/DeepLearning/dataset/ICBHI_2017/ICBHI_final_database/131_1b1_Al_sc_Meditron.wav,/nas/home/pcallandrone/DeepLearning/dataset/ICBHI_2017/ICBHI_final_database/131_1b1_Al_sc_Meditron.txt,44100,20.0,0.1614915928690515,0.9237568974494934,0.0,0.0002848672738764435,0.17245349167637453,0.9217044711112976,0.0,14.558394039801382,0.02395,27,0.10114540176859671,0.10736456836405324,0.16504733397993196,0.3246076272603103,0,0.0,0.9217044711112976,False,0.0,wheezes,9,14.963999999999999,0.8625367548783748,0.00948890031814621,0.002035331135622038,0.9905576572124887,2.6657561467443088e-08,7.011075877436108,,False,,0.5510869565217391,0.45652173913043476,0.035869565217391305,0.05652173913043478,0.09239130434782608,0.04456521739130435,0.9163043478260869,0.6554347826086957,0.7516304347826087,0.845108695652174,0.9353260869565218,0.6543478260869565,0.014130434782608696,0.6413043478260869,0.44991847826086967
132,2b1,132_2b1,Lr,mc,LittC2SE,132_2b1_Lr_mc_LittC2SE,/nas/home/pcallandrone/DeepLearning/dataset/ICBHI_2017/ICBHI_final_database/132_2b1_Lr_mc_LittC2SE.wav,/nas/home/pcallandrone/DeepLearning/dataset/ICBHI_2017/ICBHI_final_database/132_2b1_Lr_mc_LittC2SE.txt,44100,20.0,0.06666879216259922,0.8911688923835754,0.0,8.996640826808289e-05,0.07196287200857139,0.8910289406776428,0.0,21.855666440842217,0.06893333333333333,27,0.03497674531418844,0.040054598633911184,0.048519943626027365,0.42556307033251367,0,0.0,0.8910289406776428,False,0.0,crackles,7,14.95,0.1576588628762542,0.01995405041004009,0.008700387450411401,0.980053834659462,2.8383107484638597e-08,12.683924385263653,,False,,0.23804347826086958,0.16304347826086957,0.0967391304347826,0.1956521739130435,0.03260869565217391,0.10434782608695652,0.9130434782608695,0.09130434782608696,0.7516304347826087,0.775,0.7880434782608695,0.36086956521739133,0.08478260869565217,0.5880434782608696,0.3150597826086957
132,2b2,132_2b2,Lr,mc,LittC2SE,132_2b2_Lr_mc_LittC2SE,/nas/home/pcallandrone/DeepLearning/dataset/ICBHI_2017/ICBHI_final_database/132_2b2_Lr_mc_LittC2SE.wav,/nas/home/pcallandrone/DeepLearning/dataset/ICBHI_2017/ICBHI_final_database/132_2b2_Lr_mc_LittC2SE.txt,44100,20.0,0.07345320315115085,0.5503841042518616,0.0,-0.00010390657553216442,0.07576298709625891,0.5503694415092468,0.0,17.22394445068059,0.036566666666666664,27,0.05272577073887149,0.05505693700040841,0.06304988009653174,0.2333877018052745,0,0.0,0.5503694415092468,False,0.0,crackles,7,14.993,0.12385780030680982,0.003820776115794586,0.0009991867396770139,0.9961844046625544,1.7200296595727345e-08,10.952849548353518,,False,,0.25217391304347825,0.2532608695652174,0.013043478260869565,0.02282608695652174,0.1782608695652174,0.013043478260869565,0.9271739130434783,0.3141304347826087,0.7516304347826087,0.9755434782608695,0.7880434782608695,0.33152173913043476,0.05217391304347826,0.933695652173913,0.3428586956521738
133,2p2,133_2p2,Al,mc,AKGC417L,133_2p2_Al_mc_AKGC417L,/nas/home/pcallandrone/DeepLearning/dataset/ICBHI_2017/ICBHI_final_database/133_2p2_Al_mc_AKGC417L.wav,/nas/home/pcallandrone/DeepLearning/dataset/ICBHI_2017/ICBHI_final_database/133_2p2_Al_mc_AKGC417L.txt,44100,20.0,0.45676326529913686,1.0013232231140137,0.05187074829931973,0.0013232533819973469,0.46196810380345715,1.005778193473816,0.03125,6.75780448300463,0.014616666666666667,27,0.39968346315823955,0.42540559014302737,0.4694487024681073,0.07305895773843736,0,0.049875,1.005778193473816,False,0.0,crackles,7,14.863000000000001,0.6724079930027584,0.06449313593791829,0.014667378161103186,0.9360181626812265,1.7316353329235839e-06,24.233896030285067,,False,,0.9641304347826087,0.9717391304347827,0.26304347826086955,0.28695652173913044,0.8130434782608695,0.2673913043478261,0.5076086956521739,0.966304347826087,0.06739130434782609,0.621195652173913,0.7880434782608695,0.5739130434782609,0.34782608695652173,0.03260869565217391,0.6753641304347828
133,2p2,133_2p2,Ar,mc,AKGC417L,133_2p2_Ar_mc_AKGC417L,/nas/home/pcallandrone/DeepLearning/dataset/ICBHI_2017/ICBHI_final_database/133_2p2_Ar_mc_AKGC417L.wav,/nas/home/pcallandrone/DeepLearning/dataset/ICBHI_2017/ICBHI_final_database/133_2p2_Ar_mc_AKGC417L.txt,44100,20.0,0.24766645027190592,1.0004141330718994,0.0005714285714285715,0.0004141793178860098,0.24752062083655357,1.0005136728286743,0.0004333333333333333,12.132232843185928,0.0256,27,0.21633295148938095,0.22864802895945885,0.24476915616089728,0.06953076614790754,0,0.0015,1.0005136728286743,False,0.0,normal,7,14.863000000000001,1.0,0.0438147206100156,0.008205940967949682,0.9563974043903273,9.99189976943514e-07,22.841373121002295,,False,,0.7391304347826086,0.7945652173913044,0.1923913043478261,0.17717391304347826,0.8402173913043478,0.19782608695652174,0.6108695652173913,0.5820652173913043,0.38315217391304346,0.621195652173913,0.7880434782608695,0.8347826086956521,0.29782608695652174,0.3184782608695652,0.6141141304347825
133,2p2,133_2p2,Pl,mc,AKGC417L,133_2p2_Pl_mc_AKGC417L,/nas/home/pcallandrone/DeepLearning/dataset/ICBHI_2017/ICBHI_final_database/133_2p2_Pl_mc_AKGC417L.wav,/nas/home/pcallandrone/DeepLearning/dataset/ICBHI_2017/ICBHI_final_database/133_2p2_Pl_mc_AKGC417L.txt,44100,20.0,0.380894319418966,1.0010377168655396,0.017391156462585034,0.0010377023136243224,0.37482885582714054,1.0057982206344604,0.009616666666666667,8.573556912478148,0.017466666666666665,27,0.3509576384687323,0.3593902961669604,0.37623886397721495,0.04207298762302966,0,0.024125,1.0057982206344604,False,0.0,crackles,7,14.863000000000001,0.0,0.10870871940952448,0.045155726450000766,0.8921533448124562,2.7795548840710286e-06,26.09872118824557,,False,,0.908695652173913,0.941304347826087,0.4489130434782609,0.6347826086956522,0.9815217391304348,0.44782608695652176,0.42282608695652174,0.8923913043478261,0.16304347826086957,0.621195652173913,0.7880434782608695,0.14402173913043478,0.3967391304347826,0.08804347826086957,0.7107336956521739
133,2p2,133_2p2,Tc,mc,AKGC417L,133_2p2_Tc_mc_AKGC417L,/nas/home/pcallandrone/DeepLearning/dataset/ICBHI_2017/ICBHI_final_database/133_2p2_Tc_mc_AKGC417L.wav,/nas/home/pcallandrone/DeepLearning/dataset/ICBHI_2017/ICBHI_final_database/133_2p2_Tc_mc_AKGC417L.txt,44100,20.0,0.11725488368907151,0.9999589323997498,9.297052154195012e-05,4.092387462151237e-05,0.12058234674652915,1.001623272895813,8.333333333333333e-05,18.38841349560361,0.042366666666666664,27,0.1072411652927979,0.11094382211336878,0.12045018936979175,0.07034960183561592,0,0.000625,1.001623272895813,False,0.0,crackles,7,14.863000000000001,0.686806162954989,0.0821232473130171,0.04714736491017431,0.9179064937578938,1.2398490730207773e-06,30.693330077019546,,False,,0.4217391304347826,0.46956521739130436,0.3532608695652174,0.6510869565217391,0.8326086956521739,0.358695652173913,0.566304347826087,0.22391304347826088,0.45163043478260867,0.621195652173913,0.7880434782608695,0.5771739130434783,0.5239130434782608,0.9706521739130435,0.5688260869565217
133,2p3,133_2p3,Al,mc,AKGC417L,133_2p3_Al_mc_AKGC417L,/nas/home/pcallandrone/DeepLearning/dataset/ICBHI_2017/ICBHI_final_database/133_2p3_Al_mc_AKGC417L.wav,/nas/home/pcallandrone/DeepLearning/dataset/ICBHI_2017/ICBHI_final_database/133_2p3_Al_mc_AKGC417L.txt,44100,20.0,0.46338601720608885,1.000126600265503,0.06482993197278912,0.00012658635387197137,0.4670359030981491,1.0205752849578857,0.06065,6.78989557695664,0.014783333333333334,27,0.4138350505722138,0.44543947953548,0.46901927571614466,0.05466205640163763,0,0.099625,1.0205752849578857,False,0.0,normal,6,14.958,1.0,0.06489000268470033,0.016292004545869633,0.9356421610812686,2.157301391264002e-06,25.07769511873174,,False,,0.9652173913043478,0.9793478260869565,0.26413043478260867,0.31956521739130433,0.9434782608695652,0.2684782608695652,0.46956521739130436,0.9608695652173913,0.034782608695652174,0.8206521739130435,0.6375,0.8347826086956521,0.3695652173913043,0.034782608695652174,0.7198097826086957
133,2p3,133_2p3,Ar,mc,AKGC417L,133_2p3_Ar_mc_AKGC417L,/nas/home/pcallandrone/DeepLearning/dataset/ICBHI_2017/ICBHI_final_database/133_2p3_Ar_mc_AKGC417L.wav,/nas/home/pcallandrone/DeepLearning/dataset/ICBHI_2017/ICBHI_final_database/133_2p3_Ar_mc_AKGC417L.txt,44100,20.0,0.26194415408890503,1.0003361701965332,0.002196145124716553,0.0003361973795108497,0.26059531235306915,1.0014761686325073,0.0014333333333333333,11.69348039499608,0.021066666666666668,27,0.23071623876712904,0.2473014644277841,0.26313010188430275,0.050620529366195946,0,0.00575,1.0014761686325073,False,0.0,normal,6,14.958,1.0,0.040197011190005294,0.007459137101520336,0.9601146190988727,1.0764230498873136e-06,21.993368775646676,,False,,0.7684782608695652,0.8217391304347826,0.1782608695652174,0.16195652173913044,0.9532608695652174,0.1858695652173913,0.6032608695652174,0.7570652173913044,0.3282608695652174,0.8206521739130435,0.6375,0.8347826086956521,0.2793478260869565,0.26304347826086955,0.6442499999999999
133,2p3,133_2p3,Pl,mc,AKGC417L,133_2p3_Pl_mc_AKGC417L,/nas/home/pcallandrone/DeepLearning/dataset/ICBHI_2017/ICBHI_final_database/133_2p3_Pl_mc_AKGC417L.wav,/nas/home/pcallandrone/DeepLearning/dataset/ICBHI_2017/ICBHI_final_database/133_2p3_Pl_mc_AKGC417L.txt,44100,20.0,0.3869829684779639,1.0002164840698242,0.026090702947845806,-0.0002166365011362359,0.3898128875718303,1.0110745429992676,0.02735,8.278539649682347,0.01775,27,0.3299335424742305,0.34748729894718255,0.3959243390413662,0.09422845252058729,0,0.085375,1.0110745429992676,False,0.0,crackles,6,14.958,0.16472790480010702,0.09201949311979402,0.03399463946427325,0.9082973056908509,2.464907937858752e-06,25.42730000246511,,False,,0.9206521739130434,0.9326086956521739,0.3847826086956522,0.5456521739130434,0.657608695652174,0.39021739130434785,0.4434782608695652,0.8826086956521739,0.08586956521739131,0.8206521739130435,0.6375,0.3706521739130435,0.375,0.08043478260869565,0.6827228260869566
133,2p3,133_2p3,Pr,mc,AKGC417L,133_2p3_Pr_mc_AKGC417L,/nas/home/pcallandrone/DeepLearning/dataset/ICBHI_2017/ICBHI_final_database/133_2p3_Pr_mc_AKGC417L.wav,/nas/home/pcallandrone/DeepLearning/dataset/ICBHI_2017/ICBHI_final_database/133_2p3_Pr_mc_AKGC417L.txt,44100,20.0,0.13183537482956822,0.6939308047294617,0.0,0.00023487431462854147,0.1328718204464995,0.6895619034767151,0.0,14.302807485671984,0.0274,27,0.11756177901374307,0.1241341195767926,0.13452128429146726,0.05666838961156632,0,0.0,0.6895619034767151,False,0.0,crackles,6,14.958,0.826447386014173,0.1218593062739925,0.055070747475976976,0.8786376959735811,1.3724908834920262e-05,27.59439598983947,,False,,0.4641304347826087,0.5163043478260869,0.4826086956521739,0.6804347826086956,0.9293478260869565,0.48478260869565215,0.1673913043478261,0.5293478260869565,0.7516304347826087,0.8206521739130435,0.6375,0.6429347826086956,0.4358695652173913,0.6141304347826086,0.6254347826086954
133,2p3,133_2p3,Tc,mc,AKGC417L,133_2p3_Tc_mc_AKGC417L,/nas/home/pcallandrone/DeepLearning/dataset/ICBHI_2017/ICBHI_final_database/133_2p3_Tc_mc_AKGC417L.wav,/nas/home/pcallandrone/DeepLearning/dataset/ICBHI_2017/ICBHI_final_database/133_2p3_Tc_mc_AKGC417L.txt,44100,20.0,0.1328830435368055,0.8609583377838135,0.0,0.00011744987568818033,0.13038201659446041,0.5724208354949951,0.0,12.849954779604234,0.0255,27,0.11136958506368914,0.12215459991145357,0.12977022235710578,0.06149887274731288,0,0.0,0.5724208354949951,False,0.0,crackles,6,14.958,0.826447386014173,0.05292987569185518,0.030910746483005864,0.9475020576976722,9.76580810623691e-07,26.794310816568284,,False,,0.4543478260869565,0.508695652173913,0.22826086956521738,0.5217391304347826,0.8945652173913043,0.23369565217391305,0.6130434782608696,0.5847826086956521,0.7516304347826087,0.8206521739130435,0.6375,0.6429347826086956,0.41304347826086957,0.4141304347826087,0.5777065217391305
133,2p4,133_2p4,Al,mc,AKGC417L,133_2p4_Al_mc_AKGC417L,/nas/home/pcallandrone/DeepLearning/dataset/ICBHI_2017/ICBHI_final_database/133_2p4_Al_mc_AKGC417L.wav,/nas/home/pcallandrone/DeepLearning/dataset/ICBHI_2017/ICBHI_final_database/133_2p4_Al_mc_AKGC417L.txt,44100,20.0,0.489430520960012,1.0023711919784546,0.0751031746031746,0.002371137961745262,0.4801693536063153,1.011024832725525,0.03981666666666667,6.467347692164923,0.014433333333333333,27,0.42402642991526074,0.44706366704169576,0.480957524606102,0.059228213560899856,0,0.06475,1.011024832725525,False,0.0,wheezes,6,13.934,0.8680206688675183,0.0937707276741013,0.018102854876367376,0.906362438516529,3.1339099724693295e-06,27.37637459711112,,False,,0.9717391304347827,0.9804347826086957,0.3978260869565217,0.34891304347826085,0.907608695652174,0.40108695652173915,0.3978260869565217,0.9695652173913043,0.051086956521739134,0.2940217391304348,0.6375,0.6565217391304348,0.42934782608695654,0.02826086956521739,0.69675
133,2p4,133_2p4,Ar,mc,AKGC417L,133_2p4_Ar_mc_AKGC417L,/nas/home/pcallandrone/DeepLearning/dataset/ICBHI_2017/ICBHI_final_database/133_2p4_Ar_mc_AKGC417L.wav,/nas/home/pcallandrone/DeepLearning/dataset/ICBHI_2017/ICBHI_final_database/133_2p4_Ar_mc_AKGC417L.txt,44100,20.0,0.26419391733953124,1.000321865081787,0.0012494331065759636,-0.0003219856589566916,0.2716334046093203,1.001272439956665,0.0016333333333333334,11.331381703273895,0.022066666666666665,27,0.24369416256666704,0.2567207826446684,0.26958967591276767,0.049974656999024133,0,0.005125,1.001272439956665,False,0.0,crackles,6,13.934,0.8214439500502368,0.04459536224150254,0.008305439259305483,0.9558045418040176,1.3317656550240762e-06,21.59190509605401,,False,,0.7847826086956522,0.8445652173913043,0.1956521739130435,0.1815217391304348,0.9554347826086956,0.2,0.558695652173913,0.7217391304347827,0.31467391304347825,0.2940217391304348,0.6375,0.6407608695652174,0.2673913043478261,0.23478260869565218,0.597266304347826
133,2p4,133_2p4,Pl,mc,AKGC417L,133_2p4_Pl_mc_AKGC417L,/nas/home/pcallandrone/DeepLearning/dataset/ICBHI_2017/ICBHI_final_database/133_2p4_Pl_mc_AKGC417L.wav,/nas/home/pcallandrone/DeepLearning/dataset/ICBHI_2017/ICBHI_final_database/133_2p4_Pl_mc_AKGC417L.txt,44100,20.0,0.43085804937319994,1.0001474618911743,0.03817800453514739,0.0001474300806876272,0.4240669867939217,1.0044561624526978,0.035633333333333336,7.489930461669202,0.016383333333333333,27,0.3619178517121889,0.3801670294165914,0.4163730568047736,0.08812331154881492,0,0.092,1.0044561624526978,False,0.0,crackles,6,13.934,0.0,0.10635110505128459,0.04180111540386534,0.8937016706011071,2.5239340676837755e-06,26.552213380463318,,False,,0.9380434782608695,0.9532608695652174,0.44021739130434784,0.6032608695652174,0.7010869565217391,0.4434782608695652,0.4391304347826087,0.9211956521739131,0.057608695652173914,0.2940217391304348,0.6375,0.14402173913043478,0.4076086956521739,0.059782608695652176,0.6565054347826087
133,2p4,133_2p4,Pr,mc,AKGC417L,133_2p4_Pr_mc_AKGC417L,/nas/home/pcallandrone/DeepLearning/dataset/ICBHI_2017/ICBHI_final_database/133_2p4_Pr_mc_AKGC417L.wav,/nas/home/pcallandrone/DeepLearning/dataset/ICBHI_2017/ICBHI_final_database/133_2p4_Pr_mc_AKGC417L.txt,44100,20.0,0.14243195964232944,0.6403075456619263,0.0,8.009791599761229e-06,0.14104302015150078,0.6332307457923889,0.0,13.044207882687438,0.0253,27,0.12415496178049995,0.12810513080354308,0.1394588509958932,0.07405774325719396,0,0.0,0.6332307457923889,False,0.0,crackles,6,13.934,0.8214439500502368,0.122759497705024,0.05570309840141479,0.8776394910932312,1.1284234315094162e-05,28.182817156333318,,False,,0.4902173913043478,0.532608695652174,0.483695652173913,0.6869565217391305,0.8054347826086956,0.48695652173913045,0.19456521739130433,0.5934782608695652,0.7516304347826087,0.2940217391304348,0.6375,0.6407608695652174,0.4597826086956522,0.4391304347826087,0.5856358695652173
133,2p4,133_2p4,Tc,mc,AKGC417L,133_2p4_Tc_mc_AKGC417L,/nas/home/pcallandrone/DeepLearning/dataset/ICBHI_2017/ICBHI_final_database/133_2p4_Tc_mc_AKGC417L.wav,/nas/home/pcallandrone/DeepLearning/dataset/ICBHI_2017/ICBHI_final_database/133_2p4_Tc_mc_AKGC417L.txt,44100,20.0,0.11694018839413696,0.6597794890403748,0.0,4.717811862064991e-06,0.11754599865212131,0.6599206328392029,0.0,14.985677133471576,0.029933333333333333,27,0.09597306530927413,0.10668360154781294,0.11926013783286711,0.06841402834454431,0,0.0,0.6599206328392029,False,0.0,both,6,13.934,0.6980048801492751,0.0853886039160788,0.04932589530378791,0.9146640624151089,1.6194750229718421e-06,31.932805766612677,,False,,0.41195652173913044,0.45543478260869563,0.3652173913043478,0.6565217391304348,0.8521739130434782,0.3684782608695652,0.5195652173913043,0.4358695652173913,0.7516304347826087,0.2940217391304348,0.6375,0.5804347826086956,0.55,0.6891304347826087,0.5542989130434782
133,3p2,133_3p2,Al,mc,AKGC417L,133_3p2_Al_mc_AKGC417L,/nas/home/pcallandrone/DeepLearning/dataset/ICBHI_2017/ICBHI_final_database/133_3p2_Al_mc_AKGC417L.wav,/nas/home/pcallandrone/DeepLearning/dataset/ICBHI_2017/ICBHI_final_database/133_3p2_Al_mc_AKGC417L.txt,44100,20.0,0.4367659369687296,1.0009442567825317,0.035143990929705216,-0.0009443290182389319,0.43296781493464226,1.0065300464630127,0.0272,7.327422596085501,0.015966666666666667,27,0.37700623642908465,0.4032290176753706,0.4326631963249877,0.05974204368054402,0,0.0555,1.0065300464630127,False,0.0,wheezes,7,14.149,0.290338539826136,0.12437191399078708,0.015252460151906497,0.8764490656897586,2.6675313600533386e-06,28.13352160966065,,False,,0.9456521739130435,0.9597826086956521,0.4880434782608696,0.29891304347826086,0.9054347826086957,0.4891304347826087,0.43369565217391304,0.9326086956521739,0.08695652173913043,0.37119565217391304,0.7880434782608695,0.4489130434782609,0.4543478260869565,0.05217391304347826,0.702179347826087
133,3p2,133_3p2,Ar,mc,AKGC417L,133_3p2_Ar_mc_AKGC417L,/nas/home/pcallandrone/DeepLearning/dataset/ICBHI_2017/ICBHI_final_database/133_3p2_Ar_mc_AKGC417L.wav,/nas/home/pcallandrone/DeepLearning/dataset/ICBHI_2017/ICBHI_final_database/133_3p2_Ar_mc_AKGC417L.txt,44100,20.0,0.23146401258691132,1.0002838373184204,0.00015192743764172337,-0.0002839724184013903,0.2328597299005582,1.0008916854858398,0.00018333333333333334,12.665853839441972,0.0259,27,0.2001458274664874,0.21305926806137704,0.22999486940909467,0.06913007430936166,0,0.001375,1.0008916854858398,False,0.0,wheezes,7,14.149,0.09513039790797939,0.11939542926211878,0.007750890917552237,0.8809313296073639,2.051820387066803e-06,28.987306092931433,,False,,0.7065217391304348,0.7608695652173914,0.4782608695652174,0.1673913043478261,0.8434782608695652,0.4815217391304348,0.48043478260869565,0.575,0.4217391304347826,0.37119565217391304,0.7880434782608695,0.31521739130434784,0.4815217391304348,0.38804347826086955,0.6084076086956522
133,3p2,133_3p2,Pl,mc,AKGC417L,133_3p2_Pl_mc_AKGC417L,/nas/home/pcallandrone/DeepLearning/dataset/ICBHI_2017/ICBHI_final_database/133_3p2_Pl_mc_AKGC417L.wav,/nas/home/pcallandrone/DeepLearning/dataset/ICBHI_2017/ICBHI_final_database/133_3p2_Pl_mc_AKGC417L.txt,44100,20.0,0.17271663893360145,1.0002484321594238,3.514739229024943e-05,0.00024838215904310346,0.1795851302012964,0.9217601418495178,0.0,14.206951011996694,0.029266666666666667,27,0.1345190736769456,0.14902261222232244,0.17852349518040236,0.13143542206282163,0,0.0,0.9217601418495178,False,0.0,both,7,14.149,0.36348858576577847,0.0694006045107975,0.023073607984866556,0.9311702749920594,2.677054262605657e-06,20.59703897745198,,False,,0.5717391304347826,0.5869565217391305,0.2891304347826087,0.43369565217391304,0.43369565217391304,0.29239130434782606,0.4315217391304348,0.45,0.7516304347826087,0.37119565217391304,0.7880434782608695,0.48043478260869565,0.2391304347826087,0.6010869565217392,0.5072282608695652
133,3p2,133_3p2,Pr,mc,AKGC417L,133_3p2_Pr_mc_AKGC417L,/nas/home/pcallandrone/DeepLearning/dataset/ICBHI_2017/ICBHI_final_database/133_3p2_Pr_mc_AKGC417L.wav,/nas/home/pcallandrone/DeepLearning/dataset/ICBHI_2017/ICBHI_final_database/133_3p2_Pr_mc_AKGC417L.txt,44100,20.0,0.1568372642968603,1.0003952980041504,4.0816326530612245e-05,-0.00042582349851727486,0.16037488876608222,0.8401495218276978,0.0,14.384404322244597,0.028666666666666667,27,0.1287083953227174,0.14531581850584735,0.16105324459252746,0.07383490223855313,0,0.0,0.8401495218276978,False,0.0,both,7,14.149,0.0,0.11208649600844359,0.04313002166473325,0.8901461429211329,1.1270351652108142e-05,24.573036918698946,,False,,0.5271739130434783,0.5760869565217391,0.45652173913043476,0.6217391304347826,0.808695652173913,0.4543478260869565,0.1967391304347826,0.47391304347826085,0.7516304347826087,0.37119565217391304,0.7880434782608695,0.14402173913043478,0.3576086956521739,0.625,0.5515217391304348
133,3p4,133_3p4,Tc,mc,AKGC417L,133_3p4_Tc_mc_AKGC417L,/nas/home/pcallandrone/DeepLearning/dataset/ICBHI_2017/ICBHI_final_database/133_3p4_Tc_mc_AKGC417L.wav,/nas/home/pcallandrone/DeepLearning/dataset/ICBHI_2017/ICBHI_final_database/133_3p4_Tc_mc_AKGC417L.txt,44100,20.0,0.1126416311235843,0.7516939043998718,0.0,-0.00012057901767548174,0.11715257147311871,0.7518882751464844,0.0,16.148029729342184,0.03601666666666667,27,0.09478174025570515,0.10007340075230456,0.10807668134606942,0.17922171780504687,0,0.0,0.7518882751464844,False,0.0,wheezes,6,14.244,0.1822521763549565,0.08139873255266036,0.04222436448516051,0.9186549009185359,8.31821445190867e-07,27.567137261025984,,False,,0.4097826086956522,0.4358695652173913,0.3521739130434783,0.6108695652173913,0.27065217391304347,0.3565217391304348,0.6402173913043478,0.3239130434782609,0.7516304347826087,0.39891304347826084,0.6375,0.38369565217391305,0.43369565217391304,0.8228260869565217,0.47960869565217396
134,2b1,134_2b1,Al,mc,LittC2SE,134_2b1_Al_mc_LittC2SE,/nas/home/pcallandrone/DeepLearning/dataset/ICBHI_2017/ICBHI_final_database/134_2b1_Al_mc_LittC2SE.wav,/nas/home/pcallandrone/DeepLearning/dataset/ICBHI_2017/ICBHI_final_database/134_2b1_Al_mc_LittC2SE.txt,44100,20.0,0.07351760550725522,0.32596704363822937,0.0,-7.496153557440266e-05,0.07824721677412831,0.3256021738052368,0.0,12.384367926869482,0.01495,27,0.06709064608029312,0.06914879057014463,0.07734058882666146,0.09248072278445829,0,0.0,0.3256021738052368,False,0.0,normal,4,14.95,1.0,0.008225805460887635,0.0013366322028975687,0.9917796545940042,8.331863554737852e-08,13.78133011920959,,False,,0.25869565217391305,0.31521739130434784,0.030434782608695653,0.03260869565217391,0.6739130434782609,0.034782608695652174,0.8739130434782608,0.9554347826086956,0.7516304347826087,0.775,0.19510869565217392,0.8347826086956521,0.10978260869565218,0.34782608695652173,0.43586956521739134
134,2b1,134_2b1,Ar,mc,LittC2SE,134_2b1_Ar_mc_LittC2SE,/nas/home/pcallandrone/DeepLearning/dataset/ICBHI_2017/ICBHI_final_database/134_2b1_Ar_mc_LittC2SE.wav,/nas/home/pcallandrone/DeepLearning/dataset/ICBHI_2017/ICBHI_final_database/134_2b1_Ar_mc_LittC2SE.txt,44100,20.0,0.11182799295119178,0.4939112365245819,0.0,-6.249213038245216e-05,0.11273033425753592,0.49371254444122314,0.0,12.828667339304602,0.018616666666666667,27,0.0923493897127787,0.09930065625740402,0.11574340789723384,0.10259993497429173,0,0.0,0.49371254444122314,False,0.0,normal,4,14.964,1.0,0.005605387934274583,0.001910531005353547,0.9944244448641013,5.093635761520395e-08,13.356812869272174,,False,,0.39456521739130435,0.4315217391304348,0.017391304347826087,0.051086956521739134,0.5967391304347827,0.017391304347826087,0.8956521739130435,0.8521739130434782,0.7516304347826087,0.871195652173913,0.19510869565217392,0.8347826086956521,0.09782608695652174,0.4076086956521739,0.46891847826086963
134,2b2,134_2b2,Al,mc,LittC2SE,134_2b2_Al_mc_LittC2SE,/nas/home/pcallandrone/DeepLearning/dataset/ICBHI_2017/ICBHI_final_database/134_2b2_Al_mc_LittC2SE.wav,/nas/home/pcallandrone/DeepLearning/dataset/ICBHI_2017/ICBHI_final_database/134_2b2_Al_mc_LittC2SE.txt,44100,20.0,0.14148636599105816,0.535470187664032,0.0,-0.00046056401333771646,0.140228858258659,0.524088442325592,0.0,11.451343680240253,0.015783333333333333,27,0.1190979392437602,0.12489540832130365,0.14012377362230466,0.07067352980954544,0,0.0,0.524088442325592,False,0.0,normal,5,14.978,1.0,0.004110630504396066,0.000750021126176445,0.9959041642433069,6.034061523225762e-08,14.016359497508876,,False,,0.4880434782608696,0.5173913043478261,0.015217391304347827,0.011956521739130435,0.8293478260869566,0.015217391304347827,0.8869565217391304,0.9385869565217392,0.7516304347826087,0.9304347826086956,0.4320652173913043,0.8347826086956521,0.11195652173913044,0.24347826086956523,0.528342391304348
134,2b2,134_2b2,Ar,mc,LittC2SE,134_2b2_Ar_mc_LittC2SE,/nas/home/pcallandrone/DeepLearning/dataset/ICBHI_2017/ICBHI_final_database/134_2b2_Ar_mc_LittC2SE.wav,/nas/home/pcallandrone/DeepLearning/dataset/ICBHI_2017/ICBHI_final_database/134_2b2_Ar_mc_LittC2SE.txt,44100,20.0,0.1751443993434791,0.6287440061569214,0.0,-0.00020682094327639788,0.17973070753066675,0.6286153197288513,0.0,10.875253532394822,0.014866666666666667,27,0.13117392543815828,0.1413607805067141,0.17108268184374179,0.153036921182728,0,0.0,0.6286153197288513,False,0.0,normal,5,14.950000000000001,1.0,0.002029692000690579,0.0008633439908032001,0.9979708279258365,2.1446794060173512e-08,12.823102896036648,,False,,0.5728260869565217,0.566304347826087,0.005434782608695652,0.015217391304347827,0.36086956521739133,0.006521739130434782,0.9228260869565217,0.9576086956521739,0.7516304347826087,0.7880434782608695,0.4320652173913043,0.8347826086956521,0.08586956521739131,0.20217391304347826,0.49168478260869575
134,2b3,134_2b3,Ar,mc,LittC2SE,134_2b3_Ar_mc_LittC2SE,/nas/home/pcallandrone/DeepLearning/dataset/ICBHI_2017/ICBHI_final_database/134_2b3_Ar_mc_LittC2SE.wav,/nas/home/pcallandrone/DeepLearning/dataset/ICBHI_2017/ICBHI_final_database/134_2b3_Ar_mc_LittC2SE.txt,44100,20.0,0.16951991184103696,0.6223756074905396,0.0,2.9217484552646056e-05,0.17041382076662426,0.622218132019043,0.0,11.24875697568518,0.0142,27,0.13197433596398367,0.14884062448110308,0.16408937344306024,0.11578617441709292,0,0.0,0.622218132019043,False,0.0,wheezes,5,14.950000000000001,0.7420066889632106,0.002852420658756987,0.001121888696291602,0.9971487493634099,2.4522844875338003e-08,13.591917252235996,,False,,0.5489130434782609,0.5847826086956521,0.008695652173913044,0.02608695652173913,0.5065217391304347,0.008695652173913044,0.9173913043478261,0.9771739130434782,0.7516304347826087,0.7880434782608695,0.4320652173913043,0.6021739130434782,0.10543478260869565,0.22934782608695653,0.49067391304347835
135,2b1,135_2b1,Al,mc,LittC2SE,135_2b1_Al_mc_LittC2SE,/nas/home/pcallandrone/DeepLearning/dataset/ICBHI_2017/ICBHI_final_database/135_2b1_Al_mc_LittC2SE.wav,/nas/home/pcallandrone/DeepLearning/dataset/ICBHI_2017/ICBHI_final_database/135_2b1_Al_mc_LittC2SE.txt,44100,20.0,0.1835616192499481,0.8095722198486328,0.0,-0.0004362880135886371,0.18871955589340653,0.8091825246810913,0.0,12.644591779238937,0.018383333333333335,27,0.1515420680487172,0.16365252241889125,0.17655620371435862,0.11283239626209611,0,0.0,0.8091825246810913,False,0.0,normal,7,14.993,1.0,0.01954246982318976,0.008254771478515098,0.9804816341791431,3.3827555522571654e-08,14.744113407990307,,False,,0.591304347826087,0.6217391304347826,0.09347826086956522,0.1793478260869565,0.5271739130434783,0.10108695652173913,0.908695652173913,0.8597826086956522,0.7516304347826087,0.9755434782608695,0.7880434782608695,0.8347826086956521,0.12608695652173912,0.3858695652173913,0.577163043478261
135,2b1,135_2b1,Ar,mc,LittC2SE,135_2b1_Ar_mc_LittC2SE,/nas/home/pcallandrone/DeepLearning/dataset/ICBHI_2017/ICBHI_final_database/135_2b1_Ar_mc_LittC2SE.wav,/nas/home/pcallandrone/DeepLearning/dataset/ICBHI_2017/ICBHI_final_database/135_2b1_Ar_mc_LittC2SE.txt,44100,20.0,0.2879918383488557,1.0001285076141357,0.002478458049886621,0.00012849170889239758,0.30404452853704694,1.0007017850875854,0.0033166666666666665,10.347349638446968,0.015733333333333332,27,0.2091970270864008,0.22297732118635175,0.2650147088623096,0.2324183758081293,0,0.022375,1.0007017850875854,False,0.0,normal,7,14.978,1.0,0.008485591477559645,0.0024712817143366346,0.9915692170945685,2.1980321569538735e-08,11.507529615199187,,False,,0.8293478260869566,0.783695652173913,0.03152173913043478,0.07173913043478261,0.1793478260869565,0.03804347826086957,0.9206521739130434,0.941304347826087,0.2619565217391304,0.9304347826086956,0.7880434782608695,0.8347826086956521,0.06086956521739131,0.175,0.5611630434782608
135,2b1,135_2b1,Pl,mc,LittC2SE,135_2b1_Pl_mc_LittC2SE,/nas/home/pcallandrone/DeepLearning/dataset/ICBHI_2017/ICBHI_final_database/135_2b1_Pl_mc_LittC2SE.wav,/nas/home/pcallandrone/DeepLearning/dataset/ICBHI_2017/ICBHI_final_database/135_2b1_Pl_mc_LittC2SE.txt,44100,20.0,0.06452691099468871,0.6444864273071289,0.0,0.0001221741986228153,0.06926769624762895,0.6443831920623779,0.0,19.372269188395215,0.04466666666666667,27,0.0501984493518919,0.05234420312518176,0.06886946828087942,0.14850926180335858,0,0.0,0.6443831920623779,False,0.0,crackles,7,14.963999999999999,0.2887596899224806,0.3892600597738904,0.19673701790322567,0.6108301900320836,2.2821361210531262e-07,54.94752329117316,,False,,0.22608695652173913,0.23695652173913043,0.8608695652173913,0.925,0.3739130434782609,0.8706521739130435,0.8054347826086956,0.20108695652173914,0.7516304347826087,0.845108695652174,0.7880434782608695,0.44782608695652176,0.842391304347826,0.8739130434782608,0.632663043478261
135,2b1,135_2b1,Tc,mc,LittC2SE,135_2b1_Tc_mc_LittC2SE,/nas/home/pcallandrone/DeepLearning/dataset/ICBHI_2017/ICBHI_final_database/135_2b1_Tc_mc_LittC2SE.wav,/nas/home/pcallandrone/DeepLearning/dataset/ICBHI_2017/ICBHI_final_database/135_2b1_Tc_mc_LittC2SE.txt,44100,20.0,0.12109854233095348,0.9933648109436035,0.0,9.395653614774346e-05,0.1296357148622778,0.9865832328796387,0.0,17.62818126125206,0.038266666666666664,27,0.07221926729726941,0.08318926172616553,0.1014008422799676,0.40594430161061273,0,0.0,0.9865832328796387,False,0.0,normal,7,14.993,1.0,0.026782201305138933,0.015933287592882314,0.973220624974822,8.706563950113691e-07,16.367295858496583,,False,,0.45217391304347826,0.3793478260869565,0.12608695652173912,0.30978260869565216,0.041304347826086954,0.13260869565217392,0.6326086956521739,0.2847826086956522,0.7516304347826087,0.9755434782608695,0.7880434782608695,0.8347826086956521,0.15978260869565217,0.9728260869565217,0.4503913043478261
135,2b2,135_2b2,Al,mc,LittC2SE,135_2b2_Al_mc_LittC2SE,/nas/home/pcallandrone/DeepLearning/dataset/ICBHI_2017/ICBHI_final_database/135_2b2_Al_mc_LittC2SE.wav,/nas/home/pcallandrone/DeepLearning/dataset/ICBHI_2017/ICBHI_final_database/135_2b2_Al_mc_LittC2SE.txt,44100,20.0,0.14881690838207473,0.6495214700698853,0.0,-1.3140956980350893e-05,0.15071451935757446,0.6490193605422974,0.0,12.682051180551051,0.019416666666666665,27,0.12298795749253384,0.1329428437143159,0.14800195569732708,0.10445472087046168,0,0.0,0.6490193605422974,False,0.0,normal,6,14.978,1.0,0.0237768448817039,0.010207163166906976,0.9762867457665524,5.2890182435811214e-08,14.480390529423502,,False,,0.5163043478260869,0.5445652173913044,0.11413043478260869,0.2184782608695652,0.5815217391304348,0.12391304347826088,0.8923913043478261,0.8255434782608696,0.7516304347826087,0.9304347826086956,0.6375,0.8347826086956521,0.11847826086956521,0.39021739130434785,0.5564076086956523
135,2b2,135_2b2,Ar,mc,LittC2SE,135_2b2_Ar_mc_LittC2SE,/nas/home/pcallandrone/DeepLearning/dataset/ICBHI_2017/ICBHI_final_database/135_2b2_Ar_mc_LittC2SE.wav,/nas/home/pcallandrone/DeepLearning/dataset/ICBHI_2017/ICBHI_final_database/135_2b2_Ar_mc_LittC2SE.txt,44100,20.0,0.15345014491947687,0.6683797836303711,0.0,0.00043631973676383495,0.15931846382932455,0.6679495573043823,0.0,12.449551116958364,0.0178,27,0.12610883026443476,0.13896756073865316,0.155488367313661,0.10033461536861352,0,0.0,0.6679495573043823,False,0.0,normal,6,14.964,1.0,0.012019501340946622,0.0035200579703116917,0.9879824849476722,4.1993615669750995e-08,12.156951531208259,,False,,0.525,0.5565217391304348,0.05,0.10652173913043478,0.6130434782608696,0.059782608695652176,0.9010869565217391,0.8798913043478261,0.7516304347826087,0.871195652173913,0.6375,0.8347826086956521,0.07173913043478261,0.35543478260869565,0.5361847826086956
135,2b2,135_2b2,Pl,mc,LittC2SE,135_2b2_Pl_mc_LittC2SE,/nas/home/pcallandrone/DeepLearning/dataset/ICBHI_2017/ICBHI_final_database/135_2b2_Pl_mc_LittC2SE.wav,/nas/home/pcallandrone/DeepLearning/dataset/ICBHI_2017/ICBHI_final_database/135_2b2_Pl_mc_LittC2SE.txt,44100,20.0,0.05870964808835471,0.9999629855155945,1.4739229024943311e-05,3.6865581932943314e-05,0.06250805013519828,1.0014568567276,1.6666666666666667e-05,24.093925837985786,0.09216666666666666,27,0.03692031331470884,0.04015946509174423,0.04698807380373364,0.36693317795221003,0,0.000125,1.0014568567276,False,0.0,normal,5,14.978,1.0,0.24731564110041906,0.10167931604502858,0.7533052707923205,3.42726923096361e-07,43.99077542126406,,False,,0.20217391304347826,0.16521739130434782,0.7336956521739131,0.8076086956521739,0.06739130434782609,0.7434782608695653,0.758695652173913,0.05,0.4907608695652174,0.9304347826086956,0.4320652173913043,0.8347826086956521,0.7565217391304347,0.29130434782608694,0.5411956521739131
135,2b2,135_2b2,Tc,mc,LittC2SE,135_2b2_Tc_mc_LittC2SE,/nas/home/pcallandrone/DeepLearning/dataset/ICBHI_2017/ICBHI_final_database/135_2b2_Tc_mc_LittC2SE.wav,/nas/home/pcallandrone/DeepLearning/dataset/ICBHI_2017/ICBHI_final_database/135_2b2_Tc_mc_LittC2SE.txt,44100,20.0,0.08977494211306078,0.44438767433166504,0.0,5.756921382271685e-05,0.09029303456790554,0.44410210847854614,0.0,13.836571711531736,0.021766666666666667,27,0.05879432585556418,0.06558675216105637,0.08258580805632758,0.20085504844653337,0,0.0,0.44410210847854614,False,0.0,normal,6,14.964,1.0,0.05176424230617244,0.024151882428495523,0.9484096953664528,2.074039394779688e-06,19.674004744285455,,False,,0.3130434782608696,0.30434782608695654,0.225,0.45217391304347826,0.2217391304347826,0.23043478260869565,0.4771739130434783,0.7336956521739131,0.7516304347826087,0.871195652173913,0.6375,0.8347826086956521,0.21630434782608696,0.532608695652174,0.46287500000000004
135,2b3,135_2b3,Al,mc,LittC2SE,135_2b3_Al_mc_LittC2SE,/nas/home/pcallandrone/DeepLearning/dataset/ICBHI_2017/ICBHI_final_database/135_2b3_Al_mc_LittC2SE.wav,/nas/home/pcallandrone/DeepLearning/dataset/ICBHI_2017/ICBHI_final_database/135_2b3_Al_mc_LittC2SE.txt,44100,20.0,0.20006764812379252,0.9996503591537476,0.00012811791383219955,0.00034951622365042567,0.20549706727726197,0.8738102912902832,0.0,12.572230536144636,0.021383333333333334,27,0.14566357471342264,0.1593721066254165,0.2187851679419944,0.1570229344930907,0,0.0,0.8738102912902832,False,0.0,normal,6,14.892999999999999,1.0,0.016063255317030116,0.007747676973638795,0.9839842722725511,4.482471181284571e-08,13.59041542538772,,False,,0.6434782608695652,0.6086956521739131,0.07391304347826087,0.16630434782608697,0.34456521739130436,0.08586956521739131,0.8989130434782608,0.75,0.7516304347826087,0.6445652173913043,0.6375,0.8347826086956521,0.10434782608695652,0.3782608695652174,0.5242173913043477
135,2b3,135_2b3,Ar,mc,LittC2SE,135_2b3_Ar_mc_LittC2SE,/nas/home/pcallandrone/DeepLearning/dataset/ICBHI_2017/ICBHI_final_database/135_2b3_Ar_mc_LittC2SE.wav,/nas/home/pcallandrone/DeepLearning/dataset/ICBHI_2017/ICBHI_final_database/135_2b3_Ar_mc_LittC2SE.txt,44100,20.0,0.2082812056792698,1.0001055002212524,7.936507936507937e-05,-0.00018303691467735916,0.21926249257442787,0.999820351600647,0.00013333333333333334,13.179152512546539,0.0194,27,0.13025469302170098,0.15252251845402687,0.17645373536216974,0.34319305092703456,0,0.001,0.999820351600647,False,0.0,normal,6,14.907,1.0,0.009080501588250692,0.0034256141249117563,0.9909307186302627,5.304341991097288e-08,11.571547362435663,,False,,0.6760869565217391,0.5956521739130435,0.03369565217391304,0.10434782608695652,0.08043478260869565,0.041304347826086954,0.8913043478260869,0.8271739130434783,0.4375,0.6554347826086957,0.6375,0.8347826086956521,0.06521739130434782,0.45652173913043476,0.4805652173913044
135,2b3,135_2b3,Pl,mc,LittC2SE,135_2b3_Pl_mc_LittC2SE,/nas/home/pcallandrone/DeepLearning/dataset/ICBHI_2017/ICBHI_final_database/135_2b3_Pl_mc_LittC2SE.wav,/nas/home/pcallandrone/DeepLearning/dataset/ICBHI_2017/ICBHI_final_database/135_2b3_Pl_mc_LittC2SE.txt,44100,20.0,0.05923383007283552,0.6208825707435608,0.0,-3.438765634200536e-05,0.06143405418052869,0.618517279624939,0.0,20.058853199777154,0.04533333333333334,27,0.04766612881331766,0.05122804553765931,0.06084021742043012,0.10565953385349641,0,0.0,0.618517279624939,False,0.0,normal,6,14.764,1.0,0.07768612532640783,0.04480352993973908,0.9223420101092099,3.09518584519756e-07,24.534022025012487,,False,,0.19891304347826086,0.23152173913043478,0.33043478260869563,0.6304347826086957,0.5739130434782609,0.33804347826086956,0.775,0.19021739130434784,0.7516304347826087,0.5880434782608696,0.6375,0.8347826086956521,0.3565217391304348,0.8097826086956522,0.49206521739130443
135,2b3,135_2b3,Pr,mc,LittC2SE,135_2b3_Pr_mc_LittC2SE,/nas/home/pcallandrone/DeepLearning/dataset/ICBHI_2017/ICBHI_final_database/135_2b3_Pr_mc_LittC2SE.wav,/nas/home/pcallandrone/DeepLearning/dataset/ICBHI_2017/ICBHI_final_database/135_2b3_Pr_mc_LittC2SE.txt,44100,20.0,0.2251476764051564,1.0004242658615112,0.001873015873015873,0.0004242783470544964,0.22879795082466794,1.0005959272384644,0.0025,12.816132003105793,0.021916666666666668,27,0.1724067012753205,0.17821677128616176,0.20934379996699193,0.22938478067313908,0,0.01875,1.0005959272384644,False,0.0,normal,6,14.821,1.0,0.0035548176683373248,0.0015778331637278488,0.9964527891772047,5.025314153460301e-09,8.407162238794147,,False,,0.6967391304347826,0.6717391304347826,0.011956521739130435,0.04021739130434782,0.18043478260869567,0.011956521739130435,0.9391304347826087,0.7304347826086957,0.28369565217391307,0.595108695652174,0.6375,0.8347826086956521,0.02282608695652174,0.40652173913043477,0.4829021739130436
135,2b3,135_2b3,Tc,mc,LittC2SE,135_2b3_Tc_mc_LittC2SE,/nas/home/pcallandrone/DeepLearning/dataset/ICBHI_2017/ICBHI_final_database/135_2b3_Tc_mc_LittC2SE.wav,/nas/home/pcallandrone/DeepLearning/dataset/ICBHI_2017/ICBHI_final_database/135_2b3_Tc_mc_LittC2SE.txt,44100,20.0,0.12485695617983061,0.9998935461044312,0.0003764172335600907,0.00010636114893713966,0.13772973115310325,1.0003503561019897,0.0005,17.222488620189388,0.042666666666666665,27,0.07432960878216247,0.0769795026987886,0.09212731327086449,0.5393720808476605,0,0.00375,1.0003503561019897,False,0.0,normal,6,14.721,1.0,0.03364983326008805,0.021281609706585866,0.9663624638244478,8.13423911052539e-07,15.355834337409272,,False,,0.4771739130434783,0.35108695652173916,0.15760869565217392,0.40543478260869564,0.016304347826086956,0.1641304347826087,0.6456521739130435,0.21739130434782608,0.3739130434782609,0.5842391304347826,0.6375,0.8347826086956521,0.14130434782608695,0.9326086956521739,0.4144347826086957
136,1b1,136_1b1,Ar,sc,Meditron,136_1b1_Ar_sc_Meditron,/nas/home/pcallandrone/DeepLearning/dataset/ICBHI_2017/ICBHI_final_database/136_1b1_Ar_sc_Meditron.wav,/nas/home/pcallandrone/DeepLearning/dataset/ICBHI_2017/ICBHI_final_database/136_1b1_Ar_sc_Meditron.txt,44100,20.0,0.21073645263209825,1.000565767288208,0.001461451247165533,-0.0005962770665064454,0.2062763582294318,1.0012311935424805,0.0017666666666666666,13.721698320933651,0.026066666666666665,27,0.18656287329502297,0.19344757854912878,0.205211376751923,0.05925335175059818,0,0.0045,1.0012311935424805,False,0.0,normal,7,14.936,1.0,0.07115146120555858,0.003811048063864509,0.9290120579649997,1.6956784994621803e-08,18.84496966801569,,False,,0.6456521739130435,0.7086956521739131,0.29891304347826086,0.1108695652173913,0.9065217391304348,0.30543478260869567,0.9282608695652174,0.5701086956521739,0.3092391304347826,0.7358695652173913,0.7880434782608695,0.8347826086956521,0.19456521739130433,0.5206521739130435,0.6407391304347826
137,1b1,137_1b1,Ar,sc,Meditron,137_1b1_Ar_sc_Meditron,/nas/home/pcallandrone/DeepLearning/dataset/ICBHI_2017/ICBHI_final_database/137_1b1_Ar_sc_Meditron.wav,/nas/home/pcallandrone/DeepLearning/dataset/ICBHI_2017/ICBHI_final_database/137_1b1_Ar_sc_Meditron.txt,44100,20.0,0.1257146755983903,0.5934000611305237,0.0,0.0003499147715047002,0.1202358513314168,0.45014283061027527,0.0,11.466327088858248,0.01565,27,0.09594736510988798,0.10089832988920523,0.11839816922099801,0.10324131296296188,0,0.0,0.45014283061027527,False,0.0,normal,6,14.964,1.0,0.04102123702848182,0.0013958581614601242,0.9600716408643853,2.1586665610414246e-08,18.251818752017204,,False,,0.4206521739130435,0.44021739130434784,0.1815217391304348,0.03369565217391304,0.5880434782608696,0.18695652173913044,0.9217391304347826,0.9445652173913044,0.7516304347826087,0.871195652173913,0.6375,0.8347826086956521,0.18695652173913044,0.2467391304347826,0.5292554347826087
137,1b1,137_1b1,Ll,sc,Meditron,137_1b1_Ll_sc_Meditron,/nas/home/pcallandrone/DeepLearning/dataset/ICBHI_2017/ICBHI_final_database/137_1b1_Ll_sc_Meditron.wav,/nas/home/pcallandrone/DeepLearning/dataset/ICBHI_2017/ICBHI_final_database/137_1b1_Ll_sc_Meditron.txt,44100,20.0,0.07986474985427776,0.4069739878177643,0.0,0.0004494464083109051,0.0799100343885211,0.40682849287986755,0.0,14.136200874307981,0.021616666666666666,27,0.06412286329938195,0.06965459383798031,0.07494454965232286,0.1292229471044102,0,0.0,0.40682849287986755,False,0.0,normal,7,14.95,1.0,0.016073506131674773,0.0009277917373759762,0.9839872194571485,6.223824110440285e-08,13.810750612132889,,False,,0.266304347826087,0.3184782608695652,0.075,0.01847826086956522,0.44456521739130433,0.08478260869565217,0.883695652173913,0.7434782608695653,0.7516304347826087,0.775,0.7880434782608695,0.8347826086956521,0.1108695652173913,0.5869565217391305,0.4369076086956522
138,1p2,138_1p2,Al,mc,AKGC417L,138_1p2_Al_mc_AKGC417L,/nas/home/pcallandrone/DeepLearning/dataset/ICBHI_2017/ICBHI_final_database/138_1p2_Al_mc_AKGC417L.wav,/nas/home/pcallandrone/DeepLearning/dataset/ICBHI_2017/ICBHI_final_database/138_1p2_Al_mc_AKGC417L.txt,44100,20.0,0.1956784851972314,1.0002479553222656,0.0004988662131519275,0.000247911928454414,0.19840118983431385,1.0022050142288208,0.00065,14.068245974295044,0.028033333333333334,27,0.16592305304575006,0.1682416333791759,0.1918008712209809,0.11893860192659676,0,0.004125,1.0022050142288208,False,0.0,both,4,14.841,0.0,0.4449043546048795,0.11201294596783803,0.5554345713670472,1.0652977918464853e-05,52.976289146486316,,False,,0.6228260869565218,0.6423913043478261,0.9021739130434783,0.8217391304347826,0.4956521739130435,0.9130434782608695,0.20543478260869566,0.5021739130434782,0.3695652173913043,0.6130434782608696,0.19510869565217392,0.14402173913043478,0.8228260869565217,0.5728260869565217,0.6672989130434782
138,1p2,138_1p2,Ar,mc,AKGC417L,138_1p2_Ar_mc_AKGC417L,/nas/home/pcallandrone/DeepLearning/dataset/ICBHI_2017/ICBHI_final_database/138_1p2_Ar_mc_AKGC417L.wav,/nas/home/pcallandrone/DeepLearning/dataset/ICBHI_2017/ICBHI_final_database/138_1p2_Ar_mc_AKGC417L.txt,44100,20.0,0.11241053903268311,0.898714542388916,0.0,0.0002970883506350219,0.1131939561179218,0.8904905319213867,0.0,17.916121341956735,0.041383333333333334,27,0.0892193098920819,0.09955296970542306,0.10934403106842441,0.10756096262309141,0,0.0,0.8904905319213867,False,0.0,crackles,4,14.841,0.48143656087864695,0.17508149905422407,0.026107832346565666,0.8247915276291768,0.00019401774257978878,31.44703569909152,,False,,0.3978260869565217,0.43369565217391304,0.6130434782608696,0.475,0.5608695652173913,0.625,0.04456521739130435,0.2391304347826087,0.7516304347826087,0.6130434782608696,0.19510869565217392,0.5184782608695652,0.5380434782608695,0.9945652173913043,0.5296086956521739
138,1p2,138_1p2,Ll,mc,AKGC417L,138_1p2_Ll_mc_AKGC417L,/nas/home/pcallandrone/DeepLearning/dataset/ICBHI_2017/ICBHI_final_database/138_1p2_Ll_mc_AKGC417L.wav,/nas/home/pcallandrone/DeepLearning/dataset/ICBHI_2017/ICBHI_final_database/138_1p2_Ll_mc_AKGC417L.txt,44100,20.0,0.24558963421375626,1.0003803968429565,0.0011938775510204082,0.00038042603409849107,0.24675462333903342,1.007106065750122,0.0008166666666666667,12.216198258405813,0.0244,27,0.20825608560276412,0.22145514912223127,0.24792665784827556,0.0860341068513013,0,0.003875,1.007106065750122,False,0.0,crackles,4,14.841,0.0,0.22103726500865306,0.05212267545936081,0.779824002088972,3.3208059267895157e-06,36.62671498363017,,False,,0.7369565217391304,0.7793478260869565,0.6978260869565217,0.6717391304347826,0.7271739130434782,0.7086956521739131,0.3847826086956522,0.6391304347826087,0.35380434782608694,0.6130434782608696,0.19510869565217392,0.14402173913043478,0.6402173913043478,0.3293478260869565,0.6792934782608695
138,1p2,138_1p2,Lr,mc,AKGC417L,138_1p2_Lr_mc_AKGC417L,/nas/home/pcallandrone/DeepLearning/dataset/ICBHI_2017/ICBHI_final_database/138_1p2_Lr_mc_AKGC417L.wav,/nas/home/pcallandrone/DeepLearning/dataset/ICBHI_2017/ICBHI_final_database/138_1p2_Lr_mc_AKGC417L.txt,44100,20.0,0.13496192933043244,0.9410347938537598,0.0,0.0001870670384960249,0.13543319648102853,0.9309667348861694,0.0,16.74418068108156,0.0385,27,0.08616531933298437,0.11409969271819062,0.13484684934380484,0.1202299989265915,0,0.0,0.9309667348861694,False,0.0,both,4,14.841,0.0,0.10539978294820929,0.02491175535181821,0.8962590785958502,3.360833720029129e-05,25.914331336740915,,False,,0.4717391304347826,0.48695652173913045,0.4391304347826087,0.4641304347826087,0.49130434782608695,0.4315217391304348,0.10869565217391304,0.28097826086956523,0.7516304347826087,0.6130434782608696,0.19510869565217392,0.14402173913043478,0.39021739130434785,0.8913043478260869,0.4693532608695653
138,1p2,138_1p2,Pl,mc,AKGC417L,138_1p2_Pl_mc_AKGC417L,/nas/home/pcallandrone/DeepLearning/dataset/ICBHI_2017/ICBHI_final_database/138_1p2_Pl_mc_AKGC417L.wav,/nas/home/pcallandrone/DeepLearning/dataset/ICBHI_2017/ICBHI_final_database/138_1p2_Pl_mc_AKGC417L.txt,44100,20.0,0.49292423575720934,1.0002267360687256,0.09039682539682539,-0.0002572496305219829,0.5050794335154145,1.0222760438919067,0.08911666666666666,6.1241699766030235,0.014316666666666667,27,0.43330739326406575,0.44896755184907833,0.490082218266493,0.10468586864572448,0,0.188625,1.0222760438919067,False,0.0,both,4,14.841,0.0,0.23342715716039403,0.06880093000684534,0.7666241851288472,1.9627114126083456e-06,36.923620563819576,,False,,0.9804347826086957,0.9815217391304348,0.716304347826087,0.7315217391304348,0.5804347826086956,0.7282608695652174,0.48695652173913045,0.9739130434782609,0.010869565217391304,0.6130434782608696,0.19510869565217392,0.14402173913043478,0.6478260869565218,0.01956521739130435,0.749853260869565
138,1p2,138_1p2,Pr,mc,AKGC417L,138_1p2_Pr_mc_AKGC417L,/nas/home/pcallandrone/DeepLearning/dataset/ICBHI_2017/ICBHI_final_database/138_1p2_Pr_mc_AKGC417L.wav,/nas/home/pcallandrone/DeepLearning/dataset/ICBHI_2017/ICBHI_final_database/138_1p2_Pr_mc_AKGC417L.txt,44100,20.0,0.29728251850857373,1.0000139474868774,0.0053503401360544215,-1.407029867550591e-05,0.30026180604088876,1.0052145719528198,0.00575,10.495173660152464,0.020933333333333335,27,0.2482315876895497,0.26420298167058764,0.30870660762972707,0.09125989917976628,0,0.01575,1.0052145719528198,False,0.0,both,4,14.841,0.0,0.19025090294362051,0.06086170601191447,0.809777820482,3.2987609276724335e-06,33.783078142771245,,False,,0.8282608695652174,0.8489130434782609,0.6532608695652173,0.7,0.6815217391304348,0.6663043478260869,0.38913043478260867,0.7673913043478261,0.20706521739130435,0.6130434782608696,0.19510869565217392,0.14402173913043478,0.5869565217391305,0.18043478260869567,0.689304347826087
138,1p2,138_1p2,Tc,mc,AKGC417L,138_1p2_Tc_mc_AKGC417L,/nas/home/pcallandrone/DeepLearning/dataset/ICBHI_2017/ICBHI_final_database/138_1p2_Tc_mc_AKGC417L.wav,/nas/home/pcallandrone/DeepLearning/dataset/ICBHI_2017/ICBHI_final_database/138_1p2_Tc_mc_AKGC417L.txt,44100,20.0,0.23987078626864064,1.0000195503234863,0.0016190476190476191,1.9537063053576276e-05,0.2424023807541822,1.0210306644439697,0.0009166666666666666,12.49003808520946,0.024833333333333332,27,0.15937530482216578,0.17361949509227428,0.22436063841770992,0.22369285343267614,0,0.005875,1.0210306644439697,False,0.0,wheezes,4,14.841,0.7615389798531096,0.10227669753716558,0.049389318385293694,0.8977984192058432,1.2332932261523566e-05,42.672274793745636,,False,,0.7271739130434782,0.6565217391304348,0.42282608695652174,0.657608695652174,0.1858695652173913,0.4260869565217391,0.18369565217391304,0.6152173913043478,0.3456521739130435,0.6130434782608696,0.19510869565217392,0.6217391304347826,0.7347826086956522,0.3630434782608696,0.563983695652174
138,1p3,138_1p3,Al,mc,AKGC417L,138_1p3_Al_mc_AKGC417L,/nas/home/pcallandrone/DeepLearning/dataset/ICBHI_2017/ICBHI_final_database/138_1p3_Al_mc_AKGC417L.wav,/nas/home/pcallandrone/DeepLearning/dataset/ICBHI_2017/ICBHI_final_database/138_1p3_Al_mc_AKGC417L.txt,44100,20.0,0.15057492761711047,0.978583574295044,0.0,-6.398712139343843e-05,0.14737020228775358,0.9714117050170898,0.0,16.379873044940616,0.03626666666666667,27,0.11865929890299291,0.1278502094093635,0.14654675546644375,0.10861219864127773,0,0.0,0.9714117050170898,False,0.0,normal,5,14.891,1.0,0.30628408136133806,0.0899076968676243,0.6989907474120861,4.403306733125098e-05,43.93063740139227,,False,,0.5065217391304347,0.5304347826086957,0.8010869565217391,0.783695652173913,0.5565217391304348,0.8065217391304348,0.09130434782608696,0.31956521739130433,0.7516304347826087,0.6353260869565217,0.4320652173913043,0.8347826086956521,0.7554347826086957,0.8456521739130435,0.6729402173913045
138,1p3,138_1p3,Ar,mc,AKGC417L,138_1p3_Ar_mc_AKGC417L,/nas/home/pcallandrone/DeepLearning/dataset/ICBHI_2017/ICBHI_final_database/138_1p3_Ar_mc_AKGC417L.wav,/nas/home/pcallandrone/DeepLearning/dataset/ICBHI_2017/ICBHI_final_database/138_1p3_Ar_mc_AKGC417L.txt,44100,20.0,0.5759222597159173,1.0003825426101685,0.1528684807256236,0.0003825260209850967,0.5702523527439358,1.0145158767700195,0.13223333333333334,5.003835242404353,0.013066666666666667,27,0.46561939008400843,0.5115051074030377,0.570021117305446,0.08335862729249502,0,0.20325,1.0145158767700195,False,0.0,crackles,5,14.891,0.0,0.13989619764951314,0.044150605415476996,0.8603116018068776,2.1235147802046617e-06,32.93912858623545,,False,,0.9934782608695653,0.9923913043478261,0.5347826086956522,0.6271739130434782,0.7510869565217392,0.5413043478260869,0.47391304347826085,0.9885869565217391,0.005434782608695652,0.6353260869565217,0.4320652173913043,0.14402173913043478,0.5652173913043478,0.006521739130434782,0.725538043478261
138,1p3,138_1p3,Ll,mc,AKGC417L,138_1p3_Ll_mc_AKGC417L,/nas/home/pcallandrone/DeepLearning/dataset/ICBHI_2017/ICBHI_final_database/138_1p3_Ll_mc_AKGC417L.wav,/nas/home/pcallandrone/DeepLearning/dataset/ICBHI_2017/ICBHI_final_database/138_1p3_Ll_mc_AKGC417L.txt,44100,20.0,0.21753111142613643,1.00075364112854,0.0016870748299319728,-0.0007537825149483979,0.21804191250176352,1.0097547769546509,0.00145,13.31351867059684,0.030316666666666665,27,0.16058505539981763,0.18308331050137386,0.22311854884653007,0.12218309639560741,0,0.00975,1.0097547769546509,False,0.0,crackles,5,14.891,0.0,0.17913375917552637,0.0315089198580033,0.8226789174384815,5.45431713795805e-06,35.192422408162415,,False,,0.6706521739130434,0.6858695652173913,0.6260869565217392,0.5271739130434783,0.483695652173913,0.6304347826086957,0.3010869565217391,0.425,0.32717391304347826,0.6353260869565217,0.4320652173913043,0.14402173913043478,0.616304347826087,0.4706521739130435,0.594467391304348
138,1p3,138_1p3,Lr,mc,AKGC417L,138_1p3_Lr_mc_AKGC417L,/nas/home/pcallandrone/DeepLearning/dataset/ICBHI_2017/ICBHI_final_database/138_1p3_Lr_mc_AKGC417L.wav,/nas/home/pcallandrone/DeepLearning/dataset/ICBHI_2017/ICBHI_final_database/138_1p3_Lr_mc_AKGC417L.txt,44100,20.0,0.1406648446382941,1.0001240968704224,0.00048752834467120183,-0.00012423629232216626,0.14555890004172312,1.0077636241912842,0.00035,16.806398256820565,0.04105,27,0.11095389294290295,0.116362174323225,0.13906053974909557,0.1654640228039734,0,0.002625,1.0077636241912842,False,0.0,crackles,5,14.891,0.0,0.15267541635767257,0.02937967974026917,0.8491433715869653,4.0470191066291874e-05,35.39112821677614,,False,,0.5032608695652174,0.49782608695652175,0.5695652173913044,0.5076086956521739,0.3130434782608696,0.5706521739130435,0.09782608695652174,0.24347826086956523,0.39945652173913043,0.6353260869565217,0.4320652173913043,0.14402173913043478,0.6217391304347826,0.8934782608695652,0.49459239130434784
138,1p3,138_1p3,Pl,mc,AKGC417L,138_1p3_Pl_mc_AKGC417L,/nas/home/pcallandrone/DeepLearning/dataset/ICBHI_2017/ICBHI_final_database/138_1p3_Pl_mc_AKGC417L.wav,/nas/home/pcallandrone/DeepLearning/dataset/ICBHI_2017/ICBHI_final_database/138_1p3_Pl_mc_AKGC417L.txt,44100,20.0,0.4533117997719418,1.0010789632797241,0.06917346938775511,-0.001079062931239605,0.4443647095837306,1.0297620296478271,0.04471666666666667,7.299946259973504,0.017366666666666666,27,0.35694686365684103,0.3702439643003337,0.46398966817192294,0.14016245864555946,0,0.108125,1.0297620296478271,False,0.0,both,5,14.891,0.0,0.1896269020253487,0.044353983990804965,0.8111078165003465,2.2568285251225e-06,31.61308028964473,,False,,0.9554347826086956,0.9445652173913044,0.6521739130434783,0.6282608695652174,0.3967391304347826,0.6652173913043479,0.46195652173913043,0.8967391304347826,0.04782608695652174,0.6353260869565217,0.4320652173913043,0.14402173913043478,0.5413043478260869,0.05,0.7003804347826089
138,1p3,138_1p3,Pr,mc,AKGC417L,138_1p3_Pr_mc_AKGC417L,/nas/home/pcallandrone/DeepLearning/dataset/ICBHI_2017/ICBHI_final_database/138_1p3_Pr_mc_AKGC417L.wav,/nas/home/pcallandrone/DeepLearning/dataset/ICBHI_2017/ICBHI_final_database/138_1p3_Pr_mc_AKGC417L.txt,44100,20.0,0.27710551422665114,1.0004013776779175,0.00495124716553288,-0.0004015211306978017,0.27768949022750183,1.0081435441970825,0.004166666666666667,11.199258600208093,0.022583333333333334,27,0.20832399125236845,0.2147333642218799,0.27257959363601914,0.17706013529902118,0,0.015375,1.0081435441970825,False,0.0,crackles,5,14.891,0.0,0.20641936030190877,0.0796537830906727,0.7938110129943696,3.9102830131726395e-06,36.63210116762867,,False,,0.7956521739130434,0.7684782608695652,0.6771739130434783,0.7630434782608696,0.28043478260869564,0.6869565217391305,0.3532608695652174,0.7097826086956521,0.2391304347826087,0.6353260869565217,0.4320652173913043,0.14402173913043478,0.6413043478260869,0.22391304347826088,0.6479130434782611
138,1p3,138_1p3,Tc,mc,AKGC417L,138_1p3_Tc_mc_AKGC417L,/nas/home/pcallandrone/DeepLearning/dataset/ICBHI_2017/ICBHI_final_database/138_1p3_Tc_mc_AKGC417L.wav,/nas/home/pcallandrone/DeepLearning/dataset/ICBHI_2017/ICBHI_final_database/138_1p3_Tc_mc_AKGC417L.txt,44100,20.0,0.25241653912656464,1.000976800918579,0.004498866213151927,-0.00097697414457798,0.2590462631653882,1.0093600749969482,0.004183333333333333,11.813375806735387,0.025433333333333332,27,0.21199114919683978,0.22746316473644845,0.25358291403718547,0.0943958191386974,0,0.01225,1.0093600749969482,False,0.0,both,5,14.891,0.28030353905043315,0.07063723708487214,0.02597695518770717,0.9293846797455735,2.2372670919903237e-05,30.690095002093,,False,,0.7663043478260869,0.7913043478260869,0.29456521739130437,0.4717391304347826,0.6565217391304348,0.3010869565217391,0.13152173913043477,0.5875,0.23804347826086958,0.6353260869565217,0.4320652173913043,0.4423913043478261,0.5228260869565218,0.275,0.5733315217391304
138,1p4,138_1p4,Ar,mc,AKGC417L,138_1p4_Ar_mc_AKGC417L,/nas/home/pcallandrone/DeepLearning/dataset/ICBHI_2017/ICBHI_final_database/138_1p4_Ar_mc_AKGC417L.wav,/nas/home/pcallandrone/DeepLearning/dataset/ICBHI_2017/ICBHI_final_database/138_1p4_Ar_mc_AKGC417L.txt,44100,20.0,0.5318659103453982,1.0007060766220093,0.13451814058956915,0.0007061181240715086,0.5441698323085038,1.0125465393066406,0.12338333333333333,5.393610637882064,0.015283333333333333,27,0.4040011967966551,0.45077821360969905,0.5517840983637351,0.12467697169725854,0,0.2105,1.0125465393066406,False,0.0,crackles,4,13.639,0.0,0.1557518004888331,0.04504047849491289,0.8452037549632017,5.049415283520887e-06,34.41658004048832,,False,,0.9891304347826086,0.9826086956521739,0.5771739130434783,0.6326086956521739,0.4641304347826087,0.5804347826086956,0.3141304347826087,0.9521739130434783,0.006521739130434782,0.21358695652173912,0.19510869565217392,0.14402173913043478,0.6010869565217392,0.011956521739130435,0.6560108695652173
138,1p4,138_1p4,Ll,mc,AKGC417L,138_1p4_Ll_mc_AKGC417L,/nas/home/pcallandrone/DeepLearning/dataset/ICBHI_2017/ICBHI_final_database/138_1p4_Ll_mc_AKGC417L.wav,/nas/home/pcallandrone/DeepLearning/dataset/ICBHI_2017/ICBHI_final_database/138_1p4_Ll_mc_AKGC417L.txt,44100,20.0,0.20325558379256697,1.0001366138458252,0.00043877551020408165,0.00013660456170327961,0.20547479552792464,1.0016447305679321,0.0003,13.759103069676136,0.028533333333333334,27,0.1819549751972476,0.18608920992071398,0.2027713699007497,0.08797115487921504,0,0.001375,1.0016447305679321,False,0.0,crackles,4,13.639,0.15052423198181697,0.15095360579797001,0.025993524738014345,0.8490862557739466,1.259106615868447e-05,32.55985949613639,,False,,0.6423913043478261,0.691304347826087,0.5641304347826087,0.47282608695652173,0.7043478260869566,0.5717391304347826,0.18043478260869567,0.4815217391304348,0.40597826086956523,0.21358695652173912,0.19510869565217392,0.3532608695652174,0.5576086956521739,0.5228260869565218,0.5713641304347827
138,1p4,138_1p4,Lr,mc,AKGC417L,138_1p4_Lr_mc_AKGC417L,/nas/home/pcallandrone/DeepLearning/dataset/ICBHI_2017/ICBHI_final_database/138_1p4_Lr_mc_AKGC417L.wav,/nas/home/pcallandrone/DeepLearning/dataset/ICBHI_2017/ICBHI_final_database/138_1p4_Lr_mc_AKGC417L.txt,44100,20.0,0.1466871895802631,1.0000351667404175,0.0008151927437641724,3.517244476824999e-05,0.15083593960184197,1.0039985179901123,0.0008166666666666667,16.46456476938745,0.039,27,0.11920908759652582,0.12570883428526347,0.1555931011160554,0.1234412293732159,0,0.00325,1.0039985179901123,False,0.0,crackles,4,13.639,0.0,0.10383938533827819,0.020973899620190993,0.8985539579674326,6.331044721112358e-05,31.875409963743827,,False,,0.5173913043478261,0.5228260869565218,0.42934782608695654,0.39891304347826084,0.4717391304347826,0.4217391304347826,0.07173913043478261,0.27065217391304347,0.35380434782608694,0.21358695652173912,0.19510869565217392,0.14402173913043478,0.5489130434782609,0.8532608695652174,0.43341847826086966
138,1p4,138_1p4,Pl,mc,AKGC417L,138_1p4_Pl_mc_AKGC417L,/nas/home/pcallandrone/DeepLearning/dataset/ICBHI_2017/ICBHI_final_database/138_1p4_Pl_mc_AKGC417L.wav,/nas/home/pcallandrone/DeepLearning/dataset/ICBHI_2017/ICBHI_final_database/138_1p4_Pl_mc_AKGC417L.txt,44100,20.0,0.4740052833988442,1.0001174211502075,0.07914512471655329,0.00011741530761355534,0.500419156778063,1.0310403108596802,0.08818333333333334,6.278834369765174,0.014916666666666667,27,0.38948614057532716,0.407035985619167,0.5132543658414753,0.13412873239509962,0,0.19225,1.0310403108596802,False,0.0,both,4,13.639,0.0,0.1742752494034655,0.04667747548973682,0.8263964813899227,1.8425638350193337e-06,30.352314165821664,,False,,0.9760869565217392,0.9630434782608696,0.6108695652173913,0.6467391304347826,0.4217391304347826,0.6228260869565218,0.49782608695652175,0.9565217391304348,0.011956521739130435,0.21358695652173912,0.19510869565217392,0.14402173913043478,0.5130434782608696,0.025,0.6672282608695651
138,1p4,138_1p4,Pr,mc,AKGC417L,138_1p4_Pr_mc_AKGC417L,/nas/home/pcallandrone/DeepLearning/dataset/ICBHI_2017/ICBHI_final_database/138_1p4_Pr_mc_AKGC417L.wav,/nas/home/pcallandrone/DeepLearning/dataset/ICBHI_2017/ICBHI_final_database/138_1p4_Pr_mc_AKGC417L.txt,44100,20.0,0.28975501453922875,1.0003913640975952,0.006108843537414966,0.0003913161053787917,0.288937519447743,1.0048834085464478,0.00545,10.82623471121087,0.02195,27,0.21935377409858056,0.24610550869392986,0.2814324677092623,0.13301673266633046,0,0.015625,1.0048834085464478,False,0.0,crackles,4,13.639,0.0,0.1817724291954051,0.06307325509012601,0.8185170917698769,3.4255758415371957e-06,33.03072173878808,,False,,0.8097826086956522,0.8206521739130435,0.6326086956521739,0.7108695652173913,0.425,0.6434782608695652,0.3760869565217391,0.7282608695652174,0.2108695652173913,0.21358695652173912,0.19510869565217392,0.14402173913043478,0.5695652173913044,0.19891304347826086,0.6212934782608693
138,1p4,138_1p4,Tc,mc,AKGC417L,138_1p4_Tc_mc_AKGC417L,/nas/home/pcallandrone/DeepLearning/dataset/ICBHI_2017/ICBHI_final_database/138_1p4_Tc_mc_AKGC417L.wav,/nas/home/pcallandrone/DeepLearning/dataset/ICBHI_2017/ICBHI_final_database/138_1p4_Tc_mc_AKGC417L.txt,44100,20.0,0.25292392543046865,1.0001548528671265,0.0031496598639455782,0.00015485286712646484,0.2641776904406499,1.0093761682510376,0.0033833333333333332,11.643138148713405,0.02445,27,0.17296743466377926,0.19571705912754148,0.2569388564453365,0.1686076183554857,0,0.012875,1.0093761682510376,False,0.0,normal,4,13.639,1.0,0.0780138041018341,0.03068231984668694,0.9219985747254569,4.812004557557109e-05,32.94213870399625,,False,,0.7760869565217391,0.716304347826087,0.3347826086956522,0.5206521739130435,0.3010869565217391,0.3423913043478261,0.08695652173913043,0.6369565217391304,0.2597826086956522,0.21358695652173912,0.19510869565217392,0.8347826086956521,0.566304347826087,0.25869565217391305,0.5354239130434783
138,2p2,138_2p2,Al,mc,AKGC417L,138_2p2_Al_mc_AKGC417L,/nas/home/pcallandrone/DeepLearning/dataset/ICBHI_2017/ICBHI_final_database/138_2p2_Al_mc_AKGC417L.wav,/nas/home/pcallandrone/DeepLearning/dataset/ICBHI_2017/ICBHI_final_database/138_2p2_Al_mc_AKGC417L.txt,44100,20.0,0.17439255631690964,1.0000885725021362,0.00018480725623582766,8.858543878886849e-05,0.17633831891888654,1.0002620220184326,0.00011666666666666667,15.075341666720464,0.03236666666666667,27,0.16392282226499796,0.1655551475410517,0.17969179979734587,0.04763373014231978,0,0.000875,1.0002620220184326,False,0.0,crackles,6,13.356,0.0,0.22604438570396426,0.023292976786737127,0.7801546779089054,2.639816717763251e-05,33.01053375679612,,False,,0.5641304347826087,0.6260869565217392,0.7032608695652174,0.4369565217391304,0.9695652173913043,0.7076086956521739,0.11630434782608695,0.3826086956521739,0.4407608695652174,0.1608695652173913,0.6375,0.14402173913043478,0.5684782608695652,0.6989130434782609,0.592945652173913
138,2p2,138_2p2,Ar,mc,AKGC417L,138_2p2_Ar_mc_AKGC417L,/nas/home/pcallandrone/DeepLearning/dataset/ICBHI_2017/ICBHI_final_database/138_2p2_Ar_mc_AKGC417L.wav,/nas/home/pcallandrone/DeepLearning/dataset/ICBHI_2017/ICBHI_final_database/138_2p2_Ar_mc_AKGC417L.txt,44100,20.0,0.33160735166199967,1.00002121925354,0.029206349206349208,2.118802149198018e-05,0.33539816055805427,1.017067551612854,0.024283333333333334,9.635782445568768,0.0216,27,0.2864935121458427,0.31787617727293876,0.3326025516436345,0.05850509861267348,0,0.03975,1.017067551612854,False,0.0,both,6,13.356,0.11500449236298294,0.29330515075397684,0.11231504906583646,0.7087047550366384,1.3246312213689562e-05,47.831716492279256,,False,,0.8597826086956522,0.907608695652174,0.7869565217391304,0.8228260869565217,0.9152173913043479,0.7989130434782609,0.175,0.7456521739130435,0.0967391304347826,0.1608695652173913,0.6375,0.32608695652173914,0.7923913043478261,0.14130434782608695,0.749711956521739
138,2p2,138_2p2,Ll,mc,AKGC417L,138_2p2_Ll_mc_AKGC417L,/nas/home/pcallandrone/DeepLearning/dataset/ICBHI_2017/ICBHI_final_database/138_2p2_Ll_mc_AKGC417L.wav,/nas/home/pcallandrone/DeepLearning/dataset/ICBHI_2017/ICBHI_final_database/138_2p2_Ll_mc_AKGC417L.txt,44100,20.0,0.42231066108503346,1.0000566244125366,0.06089569160997733,-5.672299084835686e-05,0.42671889821834424,1.0080323219299316,0.057216666666666666,7.4666516121619155,0.0191,27,0.38540330867360995,0.4102090660837393,0.4311974468313596,0.039602245165206724,0,0.07025,1.0080323219299316,False,0.0,crackles,6,13.356,0.7824947589098533,0.19351881755354297,0.048702500304762864,0.8067920350008236,2.3686558983167977e-06,36.23264665020168,,False,,0.9402173913043478,0.9652173913043478,0.657608695652174,0.6543478260869565,0.9869565217391304,0.6706521739130434,0.45217391304347826,0.8380434782608696,0.03695652173913044,0.1608695652173913,0.6375,0.6315217391304347,0.6347826086956522,0.058695652173913045,0.7751032608695653
138,2p2,138_2p2,Lr,mc,AKGC417L,138_2p2_Lr_mc_AKGC417L,/nas/home/pcallandrone/DeepLearning/dataset/ICBHI_2017/ICBHI_final_database/138_2p2_Lr_mc_AKGC417L.wav,/nas/home/pcallandrone/DeepLearning/dataset/ICBHI_2017/ICBHI_final_database/138_2p2_Lr_mc_AKGC417L.txt,44100,20.0,0.2905113448145926,1.0009372234344482,0.013727891156462585,0.0009371661581099033,0.2907398606596647,1.0058751106262207,0.012333333333333333,10.780789679754495,0.028683333333333335,27,0.25718849478004696,0.2694432510222644,0.2937756106245388,0.050431993770822636,0,0.02,1.0058751106262207,False,0.0,crackles,6,13.356,0.25501647199760413,0.11363214663100327,0.02319812865807486,0.8866456258221801,2.8235211479351823e-07,27.04532813680918,,False,,0.8119565217391305,0.8586956521739131,0.46304347826086956,0.4358695652173913,0.9543478260869566,0.46630434782608693,0.7847826086956522,0.47282608695652173,0.15,0.1608695652173913,0.6375,0.42934782608695654,0.4206521739130435,0.19782608695652174,0.6611684782608694
138,2p2,138_2p2,Pl,mc,AKGC417L,138_2p2_Pl_mc_AKGC417L,/nas/home/pcallandrone/DeepLearning/dataset/ICBHI_2017/ICBHI_final_database/138_2p2_Pl_mc_AKGC417L.wav,/nas/home/pcallandrone/DeepLearning/dataset/ICBHI_2017/ICBHI_final_database/138_2p2_Pl_mc_AKGC417L.txt,44100,20.0,0.1866337666610985,1.000046730041504,0.0006326530612244898,4.671253191190772e-05,0.1865631116654892,1.0088298320770264,0.0004166666666666667,14.659842786848811,0.028183333333333335,27,0.17066176923201587,0.17609538784469186,0.18590770056651118,0.05580932977605914,0,0.00225,1.0088298320770264,False,0.0,crackles,6,13.356,0.0,0.23225692431167633,0.06836298637418768,0.7677100619022108,3.4246403055933495e-05,30.493153424420715,,False,,0.5869565217391305,0.6619565217391304,0.7130434782608696,0.7271739130434782,0.9369565217391305,0.7260869565217392,0.10434782608695652,0.49619565217391304,0.38858695652173914,0.1608695652173913,0.6375,0.14402173913043478,0.5195652173913043,0.6521739130434783,0.6261902173913042
138,2p2,138_2p2,Pr,mc,AKGC417L,138_2p2_Pr_mc_AKGC417L,/nas/home/pcallandrone/DeepLearning/dataset/ICBHI_2017/ICBHI_final_database/138_2p2_Pr_mc_AKGC417L.wav,/nas/home/pcallandrone/DeepLearning/dataset/ICBHI_2017/ICBHI_final_database/138_2p2_Pr_mc_AKGC417L.txt,44100,20.0,0.25431837146494646,1.0004500150680542,0.01644784580498866,-0.00045013613998889923,0.25633746231098886,1.0118144750595093,0.01495,11.925776148171533,0.0291,27,0.18778621000708404,0.21387727514555,0.24816633987039327,0.15879086585817007,0,0.035625,1.0118144750595093,False,0.0,both,6,13.356,0.0,0.3081711081459409,0.13673937184734056,0.6921241487090419,1.095745021882289e-05,44.125271252295434,,False,,0.7565217391304347,0.7641304347826087,0.8054347826086956,0.8695652173913043,0.33804347826086956,0.8152173913043478,0.20108695652173914,0.45543478260869563,0.13695652173913042,0.1608695652173913,0.6375,0.14402173913043478,0.758695652173913,0.2956521739130435,0.6369510869565215
138,2p2,138_2p2,Tc,mc,AKGC417L,138_2p2_Tc_mc_AKGC417L,/nas/home/pcallandrone/DeepLearning/dataset/ICBHI_2017/ICBHI_final_database/138_2p2_Tc_mc_AKGC417L.wav,/nas/home/pcallandrone/DeepLearning/dataset/ICBHI_2017/ICBHI_final_database/138_2p2_Tc_mc_AKGC417L.txt,44100,20.0,0.06045180311090421,0.38623446226119995,0.0,4.179317329544574e-05,0.06757415435740065,0.38560622930526733,0.0,15.127268419413578,0.05243333333333333,27,0.02523412577269217,0.03453119840473483,0.06324949158256468,0.3685734039618997,0,0.0,0.38560622930526733,False,0.0,crackles,6,13.356,0.4712488769092542,0.07502233078293417,0.01217210206567993,0.9253077576625512,2.2555337016664874e-05,26.26030326990204,,False,,0.21956521739130436,0.1358695652173913,0.31956521739130433,0.25217391304347825,0.06630434782608696,0.325,0.13043478260869565,0.14347826086956522,0.7516304347826087,0.1608695652173913,0.6375,0.5119565217391304,0.40217391304347827,0.7032608695652174,0.2910108695652174
139,1b1,139_1b1,Al,sc,Litt3200,139_1b1_Al_sc_Litt3200,/nas/home/pcallandrone/DeepLearning/dataset/ICBHI_2017/ICBHI_final_database/139_1b1_Al_sc_Litt3200.wav,/nas/home/pcallandrone/DeepLearning/dataset/ICBHI_2017/ICBHI_final_database/139_1b1_Al_sc_Litt3200.txt,4000,19.632,0.08589885576088634,0.9945043325424194,1.2734311328443357e-05,0.005465161055326462,0.09491122076337932,0.9945043325424194,0.0,20.405782392115093,0.11413333333333334,27,0.02526917357531578,0.04593529519552876,0.09561003178169186,0.3691782991137138,0,0.0,0.9945043325424194,False,0.0,normal,9,13.4611,1.0,0.14237499734779271,0.1327817241080431,0.8576571676690866,7.004678100194833e-10,36.530814447928186,,False,,0.3358695652173913,0.19130434782608696,0.5434782608695652,0.8641304347826086,0.06521739130434782,0.5521739130434783,0.9945652173913043,0.034782608695652174,0.7516304347826087,0.17065217391304346,0.9353260869565218,0.8347826086956521,0.6380434782608696,0.7739130434782608,0.5163804347826086
139,1b1,139_1b1,Ar,sc,Litt3200,139_1b1_Ar_sc_Litt3200,/nas/home/pcallandrone/DeepLearning/dataset/ICBHI_2017/ICBHI_final_database/139_1b1_Ar_sc_Litt3200.wav,/nas/home/pcallandrone/DeepLearning/dataset/ICBHI_2017/ICBHI_final_database/139_1b1_Ar_sc_Litt3200.txt,4000,16.944,0.08502508576191842,0.9964578747749329,1.475448536355052e-05,0.0035116022918373346,0.08867660669170457,0.9964578747749329,0.0,21.012997542939466,0.14381666666666668,27,0.058135134260977585,0.0645343203660201,0.08894144818218035,0.22135068809548986,0,0.0,0.9964578747749329,False,0.0,normal,8,14.49168,1.0,0.1145798278293387,0.10225427388936263,0.8854443811922996,9.731035642566326e-10,28.8739445990872,,False,,0.3076086956521739,0.29891304347826086,0.46630434782608693,0.8108695652173913,0.1923913043478261,0.4706521739130435,0.9826086956521739,0.021739130434782608,0.7516304347826087,0.48478260869565215,0.8864130434782609,0.8347826086956521,0.4771739130434783,0.6902173913043478,0.5335217391304348
139,1b1,139_1b1,Ll,sc,Litt3200,139_1b1_Ll_sc_Litt3200,/nas/home/pcallandrone/DeepLearning/dataset/ICBHI_2017/ICBHI_final_database/139_1b1_Ll_sc_Litt3200.wav,/nas/home/pcallandrone/DeepLearning/dataset/ICBHI_2017/ICBHI_final_database/139_1b1_Ll_sc_Litt3200.txt,4000,20.848,0.06197665645777891,1.0003708600997925,1.1991557943207981e-05,-0.00040137977339327335,0.06949893348566279,1.0003708600997925,1.6666666666666667e-05,23.163657839031924,0.17725,27,0.01664974491469939,0.05009343624087807,0.06748848973721132,0.2626916020970422,0,0.000125,1.0003708600997925,False,0.0,both,7,13.0901,0.8489545534411501,0.2818108392102051,0.2211017518777068,0.718260513958073,1.8156181951706861e-09,59.89553055691731,,False,,0.22717391304347825,0.22282608695652173,0.7706521739130435,0.9391304347826087,0.14347826086956522,0.7847826086956522,0.966304347826087,0.007608695652173913,0.4907608695652174,0.125,0.7880434782608695,0.6489130434782608,0.866304347826087,0.4097826086956522,0.5390597826086956
139,1b1,139_1b1,Lr,sc,Litt3200,139_1b1_Lr_sc_Litt3200,/nas/home/pcallandrone/DeepLearning/dataset/ICBHI_2017/ICBHI_final_database/139_1b1_Lr_sc_Litt3200.wav,/nas/home/pcallandrone/DeepLearning/dataset/ICBHI_2017/ICBHI_final_database/139_1b1_Lr_sc_Litt3200.txt,4000,14.576,0.07627783442036376,1.0006166696548462,1.7151481888035127e-05,-0.0006471894448623061,0.07565362040024794,1.0006166696548462,1.6666666666666667e-05,22.428760342273705,0.1216,27,0.033924671861338095,0.03859824995109459,0.06701343893628778,0.38584367621212884,0,0.000125,1.0006166696548462,True,0.0,crackles,6,14.30799,0.5583306949473685,0.44086274032827993,0.3106093630894517,0.5591662628033328,2.116427238212892e-09,83.12680822560652,,False,,0.25,0.15760869565217392,0.8989130434782608,0.967391304347826,0.05326086956521739,0.9108695652173913,0.9586956521739131,0.02826086956521739,0.4907608695652174,0.4152173913043478,0.6375,0.5456521739130434,0.9456521739130435,0.5010869565217392,0.5659347826086958
139,1b1,139_1b1,Pl,sc,Litt3200,139_1b1_Pl_sc_Litt3200,/nas/home/pcallandrone/DeepLearning/dataset/ICBHI_2017/ICBHI_final_database/139_1b1_Pl_sc_Litt3200.wav,/nas/home/pcallandrone/DeepLearning/dataset/ICBHI_2017/ICBHI_final_database/139_1b1_Pl_sc_Litt3200.txt,4000,14.576,0.1284529149803359,1.0025047063827515,1.7151481888035127e-05,-0.002535190898925066,0.12943145805954273,1.0025047063827515,1.6666666666666667e-05,17.780931524698836,0.043833333333333335,27,0.09827355319289487,0.10385040190387293,0.12845225748795958,0.11488106793936609,0,0.000125,1.0025047063827515,True,0.0,wheezes,6,14.576,0.609680296377607,0.17963081112519366,0.12932550748175323,0.8204908707382917,3.006537983274704e-09,45.09306226908434,,False,,0.45,0.44782608695652176,0.6271739130434782,0.8554347826086957,0.5141304347826087,0.6380434782608696,0.9489130434782609,0.2076086956521739,0.4907608695652174,0.5005434782608695,0.6375,0.5619565217391305,0.7706521739130435,0.9826086956521739,0.637733695652174
139,1b1,139_1b1,Pr,sc,Litt3200,139_1b1_Pr_sc_Litt3200,/nas/home/pcallandrone/DeepLearning/dataset/ICBHI_2017/ICBHI_final_database/139_1b1_Pr_sc_Litt3200.wav,/nas/home/pcallandrone/DeepLearning/dataset/ICBHI_2017/ICBHI_final_database/139_1b1_Pr_sc_Litt3200.txt,4000,16.24,0.10044848367188121,1.0024447441101074,1.5394088669950738e-05,0.0024447981268167496,0.10270121021671641,1.0024447441101074,1.6666666666666667e-05,19.78969762864643,0.0667,27,0.0757550696593042,0.07844136256880463,0.10180900047366104,0.18193085624377014,0,0.000125,1.0024447441101074,False,0.0,wheezes,7,15.0,0.2365600000000001,0.3287985502108613,0.25021627674501856,0.6712569816488285,1.1662656156976836e-09,73.64400332725975,,False,,0.3641304347826087,0.35978260869565215,0.8217391304347826,0.9510869565217391,0.26413043478260867,0.8315217391304348,0.9793478260869565,0.09565217391304348,0.4907608695652174,0.9891304347826086,0.7880434782608695,0.41956521739130437,0.9304347826086956,0.8293478260869566,0.6636249999999999
140,2b2,140_2b2,Ll,mc,LittC2SE,140_2b2_Ll_mc_LittC2SE,/nas/home/pcallandrone/DeepLearning/dataset/ICBHI_2017/ICBHI_final_database/140_2b2_Ll_mc_LittC2SE.wav,/nas/home/pcallandrone/DeepLearning/dataset/ICBHI_2017/ICBHI_final_database/140_2b2_Ll_mc_LittC2SE.txt,44100,20.0,0.15686616379191326,0.7163926362991333,0.0,6.792683416279033e-05,0.1660094247606323,0.7162465453147888,0.0,12.698595905590384,0.015633333333333332,27,0.1394298936640126,0.1423070902296536,0.16425661042171433,0.1079049067213951,0,0.0,0.7162465453147888,False,0.0,crackles,8,14.978,0.8674055281078915,0.006077637109604078,0.0011557227643545246,0.9939345603515521,7.582062978418896e-09,9.487524454836928,,False,,0.5369565217391304,0.5673913043478261,0.01847826086956522,0.02717391304347826,0.5597826086956522,0.01847826086956522,0.9380434782608695,0.946195652173913,0.7516304347826087,0.9304347826086956,0.8864130434782609,0.6554347826086957,0.030434782608695653,0.3923913043478261,0.5224728260869566
140,2b2,140_2b2,Tc,mc,LittC2SE,140_2b2_Tc_mc_LittC2SE,/nas/home/pcallandrone/DeepLearning/dataset/ICBHI_2017/ICBHI_final_database/140_2b2_Tc_mc_LittC2SE.wav,/nas/home/pcallandrone/DeepLearning/dataset/ICBHI_2017/ICBHI_final_database/140_2b2_Tc_mc_LittC2SE.txt,44100,20.0,0.07705905375387403,0.4880380928516388,0.0,7.590553286718205e-05,0.07743409406082649,0.4874361455440521,0.0,15.979710172849204,0.03518333333333333,27,0.05822939224571472,0.06098324152934573,0.07150169215991237,0.1706292698188104,0,0.0,0.4874361455440521,False,0.0,crackles,8,14.964,0.8510425020048116,0.022632230000746708,0.010408656465862955,0.9773836201882882,4.378694395365317e-06,12.612631668135512,,False,,0.2576086956521739,0.28695652173913044,0.10543478260869565,0.2217391304347826,0.2956521739130435,0.11413043478260869,0.3347826086956522,0.33260869565217394,0.7516304347826087,0.871195652173913,0.8864130434782609,0.6510869565217391,0.08152173913043478,0.8130434782608695,0.37825543478260865
140,2b3,140_2b3,Ll,mc,LittC2SE,140_2b3_Ll_mc_LittC2SE,/nas/home/pcallandrone/DeepLearning/dataset/ICBHI_2017/ICBHI_final_database/140_2b3_Ll_mc_LittC2SE.wav,/nas/home/pcallandrone/DeepLearning/dataset/ICBHI_2017/ICBHI_final_database/140_2b3_Ll_mc_LittC2SE.txt,44100,20.0,0.15166111765021217,0.6031987071037292,0.0,-0.00026923761470243335,0.14989831416419602,0.6030470728874207,0.0,12.091089298686446,0.018816666666666666,27,0.11618516956019335,0.12965914605165807,0.14902713068312198,0.10542773922413766,0,0.0,0.6030470728874207,False,0.0,wheezes,7,14.793,0.5751368890691544,0.009023194955934266,0.0020935258734642802,0.9909920940553997,7.940159012879986e-09,10.110863543127126,,False,,0.5119565217391304,0.5369565217391304,0.03260869565217391,0.057608695652173914,0.5760869565217391,0.04021739130434782,0.9369565217391305,0.8456521739130435,0.7516304347826087,0.591304347826087,0.7880434782608695,0.5510869565217391,0.04021739130434782,0.3141304347826087,0.4804619565217392
140,2b3,140_2b3,Tc,mc,LittC2SE,140_2b3_Tc_mc_LittC2SE,/nas/home/pcallandrone/DeepLearning/dataset/ICBHI_2017/ICBHI_final_database/140_2b3_Tc_mc_LittC2SE.wav,/nas/home/pcallandrone/DeepLearning/dataset/ICBHI_2017/ICBHI_final_database/140_2b3_Tc_mc_LittC2SE.txt,44100,20.0,0.15175632219513133,0.7639500498771667,0.0,-0.00016828213119879365,0.15812433679163343,0.7632594108581543,0.0,13.673469010180506,0.019416666666666665,27,0.11406870024455633,0.1307007131081011,0.1546721417399775,0.13472135099616198,0,0.0,0.7632594108581543,False,0.0,wheezes,8,14.964,0.4333734295642876,0.013440317833068302,0.0030254160667710322,0.9865676752432286,3.2534507064859663e-07,12.27148045646717,,False,,0.5239130434782608,0.5402173913043479,0.06086956521739131,0.09347826086956522,0.41630434782608694,0.06956521739130435,0.7684782608695652,0.8255434782608696,0.7516304347826087,0.871195652173913,0.8864130434782609,0.5010869565217392,0.07391304347826087,0.5119565217391304,0.4869021739130436
141,1b1,141_1b1,Pr,mc,LittC2SE,141_1b1_Pr_mc_LittC2SE,/nas/home/pcallandrone/DeepLearning/dataset/ICBHI_2017/ICBHI_final_database/141_1b1_Pr_mc_LittC2SE.wav,/nas/home/pcallandrone/DeepLearning/dataset/ICBHI_2017/ICBHI_final_database/141_1b1_Pr_mc_LittC2SE.txt,44100,20.0,0.007660671728539997,0.06553073227405548,0.0,-5.6810067690094e-06,0.007903699440624884,0.05742686241865158,0.0,17.225693331705305,0.04616666666666667,27,0.0037945201271281253,0.005661150146853733,0.007783698703022986,0.20922004873010958,0,0.0,0.05742686241865158,False,0.0,both,4,14.964,0.21291098636728145,0.6091627166879878,0.5349251271130339,0.3908621855303794,6.755173243013628e-07,106.74186910528564,,True,,0.02282608695652174,0.021739130434782608,0.9630434782608696,0.991304347826087,0.20978260869565218,0.9652173913043478,0.6760869565217391,0.1826086956521739,0.7516304347826087,0.871195652173913,0.19510869565217392,0.40217391304347827,0.9652173913043478,0.9347826086956522,0.5545597826086957
141,1b2,141_1b2,Ar,mc,LittC2SE,141_1b2_Ar_mc_LittC2SE,/nas/home/pcallandrone/DeepLearning/dataset/ICBHI_2017/ICBHI_final_database/141_1b2_Ar_mc_LittC2SE.wav,/nas/home/pcallandrone/DeepLearning/dataset/ICBHI_2017/ICBHI_final_database/141_1b2_Ar_mc_LittC2SE.txt,44100,20.0,0.03094181899290023,0.4983167350292206,0.0,-0.00048725272063165903,0.03512785501127893,0.4954735040664673,0.0,22.987376046254656,0.1922,27,0.008171333677661236,0.008589066806437555,0.009726723087646385,1.124252936918865,0,0.0,0.4954735040664673,False,0.0,both,4,14.193,0.43887832029873874,0.055042056099314035,0.02007669737045503,0.9450183486067681,8.820559629643393e-07,19.909342993622776,,False,,0.10326086956521739,0.035869565217391305,0.24021739130434783,0.38804347826086955,0.0010869565217391304,0.24347826086956523,0.6315217391304347,0.005434782608695652,0.7516304347826087,0.3826086956521739,0.19510869565217392,0.5032608695652174,0.22065217391304348,0.43478260869565216,0.26252173913043486
141,1b2,141_1b2,Lr,mc,LittC2SE,141_1b2_Lr_mc_LittC2SE,/nas/home/pcallandrone/DeepLearning/dataset/ICBHI_2017/ICBHI_final_database/141_1b2_Lr_mc_LittC2SE.wav,/nas/home/pcallandrone/DeepLearning/dataset/ICBHI_2017/ICBHI_final_database/141_1b2_Lr_mc_LittC2SE.txt,44100,20.0,0.005697248393599079,0.030460001900792122,0.0,9.419447451364249e-06,0.005806765599800938,0.03031252883374691,0.0,14.353757324809681,0.0228,27,0.0052406492307640554,0.0054430844489503525,0.005789025990786943,0.06778567163416596,0,0.0,0.03031252883374691,False,0.0,wheezes,4,14.978000000000002,0.15636266524235565,0.24828212918242737,0.09546812093695899,0.7517298680744057,1.3702321569879045e-06,37.879811300039414,,False,,0.014130434782608696,0.01956521739130435,0.7358695652173913,0.7934782608695652,0.8554347826086957,0.7467391304347826,0.5478260869565217,0.7,0.7516304347826087,0.9521739130434783,0.19510869565217392,0.358695652173913,0.6652173913043479,0.6184782608695653,0.5540869565217391
141,1b2,141_1b2,Pr,mc,LittC2SE,141_1b2_Pr_mc_LittC2SE,/nas/home/pcallandrone/DeepLearning/dataset/ICBHI_2017/ICBHI_final_database/141_1b2_Pr_mc_LittC2SE.wav,/nas/home/pcallandrone/DeepLearning/dataset/ICBHI_2017/ICBHI_final_database/141_1b2_Pr_mc_LittC2SE.txt,44100,20.0,0.008792436275589776,0.07075786590576172,0.0,-6.791557098040357e-06,0.008837162306206873,0.07036148756742477,0.0,18.02044352535238,0.054766666666666665,27,0.006317333818885481,0.007011156913046178,0.009030411402477246,0.14399095984450663,0,0.0,0.07036148756742477,False,0.0,both,5,14.978,0.0361864067298705,0.7639699526956116,0.6664962150589854,0.2362022196216745,5.841383280006863e-07,125.71524471797454,,True,,0.02717391304347826,0.029347826086956522,0.9902173913043478,0.9989130434782608,0.38369565217391305,0.9902173913043478,0.6956521739130435,0.13478260869565217,0.7516304347826087,0.9304347826086956,0.4320652173913043,0.2902173913043478,0.9771739130434782,0.9989130434782608,0.583413043478261
141,1b2,141_1b2,Tc,mc,LittC2SE,141_1b2_Tc_mc_LittC2SE,/nas/home/pcallandrone/DeepLearning/dataset/ICBHI_2017/ICBHI_final_database/141_1b2_Tc_mc_LittC2SE.wav,/nas/home/pcallandrone/DeepLearning/dataset/ICBHI_2017/ICBHI_final_database/141_1b2_Tc_mc_LittC2SE.txt,44100,20.0,0.005655097559807246,0.0671999529004097,0.0,6.5641179389785975e-06,0.006004457030840504,0.06715679168701172,0.0,20.97232383410244,0.05315,27,0.003976947654252488,0.004173074893027987,0.00470768751237256,0.3174213576388452,0,0.0,0.06715679168701172,False,0.0,normal,4,14.321,1.0,0.03258958342545049,0.01414323130801489,0.967416916787886,3.3791521141308635e-06,19.421627970536697,,False,,0.016304347826086956,0.013043478260869565,0.15,0.2826086956521739,0.1,0.15869565217391304,0.3782608695652174,0.1391304347826087,0.7516304347826087,0.4298913043478261,0.19510869565217392,0.8347826086956521,0.20869565217391303,0.6923913043478261,0.25129891304347823
141,1b3,141_1b3,Al,mc,LittC2SE,141_1b3_Al_mc_LittC2SE,/nas/home/pcallandrone/DeepLearning/dataset/ICBHI_2017/ICBHI_final_database/141_1b3_Al_mc_LittC2SE.wav,/nas/home/pcallandrone/DeepLearning/dataset/ICBHI_2017/ICBHI_final_database/141_1b3_Al_mc_LittC2SE.txt,44100,20.0,0.008076522799906581,0.06929290294647217,0.0,-1.3110021654938464e-06,0.008605359214156434,0.06916984915733337,0.0,18.102956394256296,0.04908333333333333,27,0.005622864013660022,0.005725110231913463,0.0065770577270480276,0.39541947594439836,0,0.0,0.06916984915733337,False,0.0,wheezes,4,14.520999999999999,0.23311066730941388,0.06821532067199441,0.012882592224701294,0.9318204054563061,2.5161485270770528e-06,21.33678848101743,,False,,0.02391304347826087,0.02391304347826087,0.28369565217391307,0.26304347826086955,0.05,0.2891304347826087,0.4423913043478261,0.16195652173913044,0.7516304347826087,0.48586956521739133,0.19510869565217392,0.41847826086956524,0.26304347826086955,0.9923913043478261,0.2619456521739131
141,1b3,141_1b3,Ar,mc,LittC2SE,141_1b3_Ar_mc_LittC2SE,/nas/home/pcallandrone/DeepLearning/dataset/ICBHI_2017/ICBHI_final_database/141_1b3_Ar_mc_LittC2SE.wav,/nas/home/pcallandrone/DeepLearning/dataset/ICBHI_2017/ICBHI_final_database/141_1b3_Ar_mc_LittC2SE.txt,44100,20.0,0.01688476236426048,0.17757943272590637,0.0,1.004128989734454e-05,0.018170987158183823,0.17747394740581512,0.0,19.795121704288448,0.0716,27,0.007972069623842197,0.008437161533093497,0.009862402048231344,0.6318791386333407,0,0.0,0.17747394740581512,False,0.0,wheezes,4,13.693,0.48411597166435405,0.073952913209953,0.027101457201003144,0.9262358346376268,9.484537135346617e-07,21.919378521982463,,False,,0.058695652173913045,0.034782608695652174,0.31521739130434784,0.483695652173913,0.011956521739130435,0.3184782608695652,0.6184782608695653,0.08478260869565217,0.7516304347826087,0.23369565217391305,0.19510869565217392,0.5206521739130435,0.27608695652173915,0.8282608695652174,0.2856413043478261
141,1b3,141_1b3,Pr,mc,LittC2SE,141_1b3_Pr_mc_LittC2SE,/nas/home/pcallandrone/DeepLearning/dataset/ICBHI_2017/ICBHI_final_database/141_1b3_Pr_mc_LittC2SE.wav,/nas/home/pcallandrone/DeepLearning/dataset/ICBHI_2017/ICBHI_final_database/141_1b3_Pr_mc_LittC2SE.txt,44100,20.0,0.008790316274848652,0.13250727951526642,0.0,8.749675544095226e-06,0.008987219760609313,0.1323542296886444,0.0,23.362249169709493,0.1117,27,0.005857877756049541,0.007972692843859853,0.009056045896603136,0.10906747776130256,0,0.0,0.1323542296886444,False,0.0,both,4,14.978,0.0,0.7707470605067848,0.6634788752438876,0.2292643188664313,5.367045604967656e-07,123.53776368056316,,True,,0.02826086956521739,0.03260869565217391,0.991304347826087,0.9978260869565218,0.5532608695652174,0.991304347826087,0.7065217391304348,0.03695652173913044,0.7516304347826087,0.9304347826086956,0.19510869565217392,0.14402173913043478,0.9760869565217392,0.3847826086956522,0.5659891304347825
142,1b1,142_1b1,Pl,mc,LittC2SE,142_1b1_Pl_mc_LittC2SE,/nas/home/pcallandrone/DeepLearning/dataset/ICBHI_2017/ICBHI_final_database/142_1b1_Pl_mc_LittC2SE.wav,/nas/home/pcallandrone/DeepLearning/dataset/ICBHI_2017/ICBHI_final_database/142_1b1_Pl_mc_LittC2SE.txt,44100,20.0,0.00389743238657512,0.022955255582928658,0.0,9.970583505491959e-07,0.003939476319647196,0.022911665961146355,0.0,15.292363272515889,0.02455,27,0.0031434216365412606,0.0032703363969777462,0.0038784017748119837,0.13442961133807518,0,0.0,0.022911665961146355,False,0.0,crackles,7,14.964,0.0,0.09075157778012587,0.041876984643093834,0.9093006961927439,2.201531240905635e-06,23.843695188553017,,False,,0.005434782608695652,0.008695652173913044,0.3815217391304348,0.6043478260869565,0.4206521739130435,0.38913043478260867,0.46630434782608693,0.628804347826087,0.7516304347826087,0.871195652173913,0.7880434782608695,0.14402173913043478,0.33152173913043476,0.7260869565217392,0.38840760869565216
143,1b1,143_1b1,Al,sc,Meditron,143_1b1_Al_sc_Meditron,/nas/home/pcallandrone/DeepLearning/dataset/ICBHI_2017/ICBHI_final_database/143_1b1_Al_sc_Meditron.wav,/nas/home/pcallandrone/DeepLearning/dataset/ICBHI_2017/ICBHI_final_database/143_1b1_Al_sc_Meditron.txt,44100,20.0,0.045291488155419654,0.40524813532829285,0.0,2.5294362785643898e-05,0.050627433550356864,0.40495726466178894,0.0,18.06046562304969,0.04716666666666667,27,0.01836879413236137,0.02449898164575237,0.0345928187820171,0.5594786042080568,0,0.0,0.40495726466178894,False,0.0,normal,13,14.936,1.0,0.020182784459624542,0.0036485260265092913,0.9801203641619874,6.909072104023846e-07,10.048744659891655,,False,,0.15434782608695652,0.1,0.09782608695652174,0.10760869565217392,0.015217391304347827,0.10326086956521739,0.6739130434782609,0.17391304347826086,0.7516304347826087,0.7358695652173913,0.9923913043478261,0.8347826086956521,0.0391304347826087,0.9956521739130435,0.3193532608695652
144,1b1,144_1b1,Al,sc,Meditron,144_1b1_Al_sc_Meditron,/nas/home/pcallandrone/DeepLearning/dataset/ICBHI_2017/ICBHI_final_database/144_1b1_Al_sc_Meditron.wav,/nas/home/pcallandrone/DeepLearning/dataset/ICBHI_2017/ICBHI_final_database/144_1b1_Al_sc_Meditron.txt,44100,19.98,0.07932406121676008,0.5603173971176147,0.0,7.582859689136967e-05,0.08297171029012095,0.5592902302742004,0.0,16.574143806303315,0.0333,27,0.046151990053785195,0.05622487005429223,0.07232380968528708,0.33292676950417044,0,0.0,0.5592902302742004,False,0.0,normal,7,14.85,1.0,0.050369446964575154,0.004723889008045284,0.9504645344027625,2.2829356470301125e-07,12.942677011526737,,False,,0.28369565217391307,0.26413043478260867,0.21739130434782608,0.1282608695652174,0.08695652173913043,0.22065217391304348,0.8043478260869565,0.3630434782608696,0.7516304347826087,0.6173913043478261,0.7880434782608695,0.8347826086956521,0.09021739130434783,0.8673913043478261,0.40460326086956516
144,1b1,144_1b1,Tc,sc,Meditron,144_1b1_Tc_sc_Meditron,/nas/home/pcallandrone/DeepLearning/dataset/ICBHI_2017/ICBHI_final_database/144_1b1_Tc_sc_Meditron.wav,/nas/home/pcallandrone/DeepLearning/dataset/ICBHI_2017/ICBHI_final_database/144_1b1_Tc_sc_Meditron.txt,44100,20.0,0.04362630756688397,0.2301827073097229,0.0,-1.913734922709409e-05,0.04454193613454986,0.2296866625547409,0.0,14.247333709175987,0.024283333333333334,27,0.03602202388400849,0.03626811818467543,0.03883968555970235,0.18932934531759543,0,0.0,0.2296866625547409,False,0.0,normal,8,14.978000000000002,1.0,0.07966354364588596,0.010310626047875951,0.9215695581347111,4.738065742208184e-06,22.211752965803626,,False,,0.13804347826086957,0.14021739130434782,0.3467391304347826,0.22065217391304348,0.24565217391304348,0.3456521739130435,0.32282608695652176,0.6434782608695652,0.7516304347826087,0.9521739130434783,0.8864130434782609,0.8347826086956521,0.2891304347826087,0.6076086956521739,0.42319565217391303
145,2b2,145_2b2,Al,mc,AKGC417L,145_2b2_Al_mc_AKGC417L,/nas/home/pcallandrone/DeepLearning/dataset/ICBHI_2017/ICBHI_final_database/145_2b2_Al_mc_AKGC417L.wav,/nas/home/pcallandrone/DeepLearning/dataset/ICBHI_2017/ICBHI_final_database/145_2b2_Al_mc_AKGC417L.txt,44100,20.0,0.053943524136050795,0.33586350083351135,0.0,5.3198495152173564e-05,0.055524026194155265,0.33383065462112427,0.0,15.580905257195656,0.03796666666666667,27,0.037994089557668864,0.04370994694636907,0.05223029957271288,0.1712058250459867,0,0.0,0.33383065462112427,False,0.0,normal,4,13.411,1.0,0.2613206550612373,0.028552604383808265,0.7392952101860947,4.929890658940449e-06,35.62807181002019,,False,,0.16847826086956522,0.1793478260869565,0.7467391304347826,0.5,0.29130434782608694,0.7576086956521739,0.3184782608695652,0.2902173913043478,0.7516304347826087,0.16684782608695653,0.19510869565217392,0.8347826086956521,0.6260869565217392,0.7684782608695652,0.4738641304347827
145,2b2,145_2b2,Ar,mc,AKGC417L,145_2b2_Ar_mc_AKGC417L,/nas/home/pcallandrone/DeepLearning/dataset/ICBHI_2017/ICBHI_final_database/145_2b2_Ar_mc_AKGC417L.wav,/nas/home/pcallandrone/DeepLearning/dataset/ICBHI_2017/ICBHI_final_database/145_2b2_Ar_mc_AKGC417L.txt,44100,20.0,0.05565174876467481,0.3153930604457855,0.0,6.999329343670979e-05,0.05675588161243963,0.28585055470466614,0.0,14.04256328828672,0.027816666666666667,27,0.04259008136306608,0.04605468692906852,0.05839465562408715,0.1549918477627951,0,0.0,0.28585055470466614,False,0.0,crackles,4,13.411,0.2876742972187011,0.1236009701768334,0.018120979964887686,0.8765748783092909,1.0232072198692043e-06,26.976542280931955,,False,,0.175,0.19456521739130433,0.48478260869565215,0.35108695652173916,0.35,0.4880434782608696,0.6065217391304348,0.5108695652173914,0.7516304347826087,0.16684782608695653,0.19510869565217392,0.44565217391304346,0.4152173913043478,0.566304347826087,0.4000054347826088
145,2b2,145_2b2,Lr,mc,AKGC417L,145_2b2_Lr_mc_AKGC417L,/nas/home/pcallandrone/DeepLearning/dataset/ICBHI_2017/ICBHI_final_database/145_2b2_Lr_mc_AKGC417L.wav,/nas/home/pcallandrone/DeepLearning/dataset/ICBHI_2017/ICBHI_final_database/145_2b2_Lr_mc_AKGC417L.txt,44100,20.0,0.037057636966514575,0.2929984927177429,0.0,2.675545692909509e-05,0.038906222049961976,0.29178932309150696,0.0,17.501006685560835,0.043,27,0.02705143991718018,0.02974525938602678,0.03857519452044505,0.21140234289167864,0,0.0,0.29178932309150696,False,0.0,normal,4,13.411,1.0,0.10300562761638495,0.009881805403392506,0.8972788811183947,7.605923416826883e-06,25.96077865629197,,False,,0.11413043478260869,0.12391304347826088,0.425,0.21630434782608696,0.20652173913043478,0.42717391304347824,0.24130434782608695,0.21521739130434783,0.7516304347826087,0.16684782608695653,0.19510869565217392,0.8347826086956521,0.39456521739130435,0.9597826086956521,0.3385163043478261
145,2b2,145_2b2,Pr,mc,AKGC417L,145_2b2_Pr_mc_AKGC417L,/nas/home/pcallandrone/DeepLearning/dataset/ICBHI_2017/ICBHI_final_database/145_2b2_Pr_mc_AKGC417L.wav,/nas/home/pcallandrone/DeepLearning/dataset/ICBHI_2017/ICBHI_final_database/145_2b2_Pr_mc_AKGC417L.txt,44100,20.0,0.15103225361490769,1.0000571012496948,0.0001655328798185941,5.7094610383501276e-05,0.14947767635008885,0.8227261304855347,0.0,14.813579054659689,0.03181666666666667,27,0.1158655836896149,0.1267591599281402,0.1497839948824925,0.1313268547014638,0,0.0,0.8227261304855347,False,0.0,normal,4,13.411,1.0,0.1374049854238751,0.042689680116850995,0.8633111352585241,1.2626448560110455e-05,28.232632029982824,,False,,0.5108695652173914,0.5271739130434783,0.5228260869565218,0.616304347826087,0.43478260869565216,0.5282608695652173,0.1793478260869565,0.38913043478260867,0.7516304347826087,0.16684782608695653,0.19510869565217392,0.8347826086956521,0.46195652173913043,0.6684782608695652,0.5408206521739131
145,3b2,145_3b2,Ar,mc,AKGC417L,145_3b2_Ar_mc_AKGC417L,/nas/home/pcallandrone/DeepLearning/dataset/ICBHI_2017/ICBHI_final_database/145_3b2_Ar_mc_AKGC417L.wav,/nas/home/pcallandrone/DeepLearning/dataset/ICBHI_2017/ICBHI_final_database/145_3b2_Ar_mc_AKGC417L.txt,44100,20.0,0.13458909469832456,0.7011575102806091,0.0,-0.0001899479393614456,0.13901603754216185,0.7010324597358704,0.0,14.053464435179086,0.02935,27,0.11750005334002031,0.1250796709127196,0.13657759233843556,0.08829093665790406,0,0.0,0.7010324597358704,False,0.0,normal,5,14.524000000000001,1.0,0.05403312382326269,0.003837499158357408,0.946023749562702,9.411494513749781e-07,20.86739382592468,,False,,0.4815217391304348,0.5195652173913043,0.23478260869565218,0.11195652173913044,0.7,0.2391304347826087,0.6206521739130435,0.44565217391304346,0.7516304347826087,0.4875,0.4320652173913043,0.8347826086956521,0.24782608695652175,0.5695652173913044,0.5101032608695653
145,3b2,145_3b2,Lr,mc,AKGC417L,145_3b2_Lr_mc_AKGC417L,/nas/home/pcallandrone/DeepLearning/dataset/ICBHI_2017/ICBHI_final_database/145_3b2_Lr_mc_AKGC417L.wav,/nas/home/pcallandrone/DeepLearning/dataset/ICBHI_2017/ICBHI_final_database/145_3b2_Lr_mc_AKGC417L.txt,44100,20.0,0.12500504420143346,0.5515375733375549,0.0,-5.069447070127353e-05,0.13046568845454723,0.5506930947303772,0.0,12.508266402451728,0.024383333333333333,27,0.11017176258863186,0.11314157338814532,0.12670333990989746,0.09978033824735189,0,0.0,0.5506930947303772,False,0.0,crackles,5,14.524000000000001,0.0,0.053073813503421274,0.006265787446780712,0.9470810642071005,5.482391868251819e-07,16.18314760624479,,False,,0.45543478260869563,0.483695652173913,0.23043478260869565,0.15,0.6184782608695653,0.23478260869565218,0.7032608695652174,0.6402173913043478,0.7516304347826087,0.4875,0.4320652173913043,0.14402173913043478,0.1565217391304348,0.3652173913043478,0.44766847826086964
145,3b4,145_3b4,Pl,mc,AKGC417L,145_3b4_Pl_mc_AKGC417L,/nas/home/pcallandrone/DeepLearning/dataset/ICBHI_2017/ICBHI_final_database/145_3b4_Pl_mc_AKGC417L.wav,/nas/home/pcallandrone/DeepLearning/dataset/ICBHI_2017/ICBHI_final_database/145_3b4_Pl_mc_AKGC417L.txt,44100,20.0,0.34574233775950947,1.000156044960022,0.018560090702947847,-0.00015616118616890162,0.352645249813766,1.0046888589859009,0.021916666666666668,9.093870961144916,0.0179,27,0.2938099516280313,0.32097663503941404,0.3467530382311248,0.1101911331046252,0,0.080375,1.0046888589859009,False,0.0,normal,4,13.94,1.0,0.07570300930087685,0.016241686213449357,0.9242973961207082,2.3437523094024677e-06,21.399657217347684,,False,,0.8858695652173914,0.9119565217391304,0.32065217391304346,0.3173913043478261,0.5456521739130434,0.3293478260869565,0.4543478260869565,0.8760869565217392,0.10652173913043478,0.3010869565217391,0.19510869565217392,0.8347826086956521,0.26521739130434785,0.11413043478260869,0.6163858695652176
146,2b2,146_2b2,Pl,mc,AKGC417L,146_2b2_Pl_mc_AKGC417L,/nas/home/pcallandrone/DeepLearning/dataset/ICBHI_2017/ICBHI_final_database/146_2b2_Pl_mc_AKGC417L.wav,/nas/home/pcallandrone/DeepLearning/dataset/ICBHI_2017/ICBHI_final_database/146_2b2_Pl_mc_AKGC417L.txt,44100,20.0,0.018900888156872245,0.20907846093177795,0.0,1.9999049982288852e-05,0.020498111127554612,0.2089231312274933,0.0,20.165453616006864,0.07018333333333333,27,0.009378689648134996,0.010227619838807992,0.015356099768299708,0.413463953204513,0,0.0,0.2089231312274933,False,0.0,both,4,14.899000000000001,0.5553392845157393,0.034351871330089996,0.014887158388489958,0.9656776401098012,6.103342398565981e-07,18.560145128607353,,False,,0.0641304347826087,0.04673913043478261,0.1608695652173913,0.29347826086956524,0.03695652173913044,0.16847826086956522,0.6902173913043478,0.0891304347826087,0.7516304347826087,0.6489130434782608,0.19510869565217392,0.5445652173913044,0.1891304347826087,0.7956521739130434,0.27360869565217394
146,2b4,146_2b4,Al,mc,AKGC417L,146_2b4_Al_mc_AKGC417L,/nas/home/pcallandrone/DeepLearning/dataset/ICBHI_2017/ICBHI_final_database/146_2b4_Al_mc_AKGC417L.wav,/nas/home/pcallandrone/DeepLearning/dataset/ICBHI_2017/ICBHI_final_database/146_2b4_Al_mc_AKGC417L.txt,44100,20.0,0.02693829283258241,0.11520113795995712,0.0,-1.4091368029767182e-05,0.02711967481902924,0.11494258791208267,0.0,12.543929831838149,0.029283333333333335,27,0.01940482432339726,0.021080917714718334,0.02695096519822313,0.1467460838561219,0,0.0,0.11494258791208267,False,0.0,normal,4,14.911,1.0,0.03976754407999969,0.008615037466237237,0.9603373429242381,5.534347373740292e-07,22.800146444570355,,False,,0.08369565217391305,0.08586956521739131,0.17717391304347826,0.1923913043478261,0.3782608695652174,0.18369565217391304,0.7,0.4483695652173913,0.7516304347826087,0.6744565217391304,0.19510869565217392,0.8347826086956521,0.2956521739130435,0.3717391304347826,0.35105434782608697
146,2b4,146_2b4,Ar,mc,AKGC417L,146_2b4_Ar_mc_AKGC417L,/nas/home/pcallandrone/DeepLearning/dataset/ICBHI_2017/ICBHI_final_database/146_2b4_Ar_mc_AKGC417L.wav,/nas/home/pcallandrone/DeepLearning/dataset/ICBHI_2017/ICBHI_final_database/146_2b4_Ar_mc_AKGC417L.txt,44100,20.0,0.010398702735265898,0.061961229890584946,0.0,1.162556691269856e-05,0.01049264285722853,0.06180239096283913,0.0,15.402407641662336,0.03903333333333334,27,0.007809101181657489,0.008274840411403757,0.009954702393034401,0.16583541225545223,0,0.0,0.06180239096283913,False,0.0,normal,4,14.923,1.0,0.14857325252294196,0.023930356608627606,0.8520357113719839,1.9140164754252948e-06,33.0602854767662,,False,,0.03152173913043478,0.03369565217391304,0.558695652173913,0.4467391304347826,0.3108695652173913,0.5652173913043478,0.4880434782608696,0.26956521739130435,0.7516304347826087,0.6989130434782609,0.19510869565217392,0.8347826086956521,0.5717391304347826,0.741304347826087,0.42984782608695654
146,2b4,146_2b4,Ll,mc,AKGC417L,146_2b4_Ll_mc_AKGC417L,/nas/home/pcallandrone/DeepLearning/dataset/ICBHI_2017/ICBHI_final_database/146_2b4_Ll_mc_AKGC417L.wav,/nas/home/pcallandrone/DeepLearning/dataset/ICBHI_2017/ICBHI_final_database/146_2b4_Ll_mc_AKGC417L.txt,44100,20.0,0.019997449053871977,0.08573035895824432,0.0,3.5572549677453935e-05,0.020050810289777416,0.08507592231035233,0.0,12.553494717667009,0.022,27,0.018955555147902564,0.01939477647100201,0.019928015224452717,0.024516047362139647,0,0.0,0.08507592231035233,False,0.0,normal,4,14.911,1.0,0.3298871586059999,0.09943820762587519,0.8394826795887135,1.6724967604216685e-05,60.38021970535752,,False,,0.06195652173913044,0.07717391304347826,0.8228260869565217,0.8010869565217391,0.9989130434782608,0.592391304347826,0.15,0.725,0.7516304347826087,0.6744565217391304,0.19510869565217392,0.8347826086956521,0.8673913043478261,0.3739130434782609,0.5746250000000002
146,2b4,146_2b4,Lr,mc,AKGC417L,146_2b4_Lr_mc_AKGC417L,/nas/home/pcallandrone/DeepLearning/dataset/ICBHI_2017/ICBHI_final_database/146_2b4_Lr_mc_AKGC417L.wav,/nas/home/pcallandrone/DeepLearning/dataset/ICBHI_2017/ICBHI_final_database/146_2b4_Lr_mc_AKGC417L.txt,44100,20.0,0.02290284839507579,0.13668857514858246,0.0,-5.263192178972531e-06,0.023679213097454077,0.13627398014068604,0.0,15.20091345513756,0.0353,27,0.01777007783822324,0.018457806726328373,0.022201466044012068,0.16390067392534294,0,0.0,0.13627398014068604,False,0.0,normal,4,14.911,1.0,0.12804559132571777,0.042438906259889254,0.8722258062822994,3.7907420414229747e-06,31.127397985506033,,False,,0.07282608695652174,0.06956521739130435,0.5032608695652174,0.6119565217391304,0.31630434782608696,0.5076086956521739,0.3565217391304348,0.328804347826087,0.7516304347826087,0.6744565217391304,0.19510869565217392,0.8347826086956521,0.5293478260869565,0.7141304347826087,0.43275
146,2b4,146_2b4,Pr,mc,AKGC417L,146_2b4_Pr_mc_AKGC417L,/nas/home/pcallandrone/DeepLearning/dataset/ICBHI_2017/ICBHI_final_database/146_2b4_Pr_mc_AKGC417L.wav,/nas/home/pcallandrone/DeepLearning/dataset/ICBHI_2017/ICBHI_final_database/146_2b4_Pr_mc_AKGC417L.txt,44100,20.0,0.002763045564448629,0.014610334299504757,0.0,1.1487849405966699e-05,0.002766343668951355,0.0144910654053092,0.0,14.38388336916622,0.02875,27,0.0021647275194721133,0.0024501760852223362,0.002735033003386424,0.0980666043690114,0,0.0,0.0144910654053092,False,0.0,normal,4,14.923,1.0,0.1980858552179022,0.032698701898082015,0.8025125636157421,1.3203216441291138e-05,32.768259589084806,,False,,0.002173913043478261,0.004347826086956522,0.6652173913043479,0.5391304347826087,0.6293478260869565,0.675,0.17608695652173914,0.46956521739130436,0.7516304347826087,0.6989130434782609,0.19510869565217392,0.8347826086956521,0.5608695652173913,0.6239130434782608,0.470304347826087
146,8p3,146_8p3,Al,mc,AKGC417L,146_8p3_Al_mc_AKGC417L,/nas/home/pcallandrone/DeepLearning/dataset/ICBHI_2017/ICBHI_final_database/146_8p3_Al_mc_AKGC417L.wav,/nas/home/pcallandrone/DeepLearning/dataset/ICBHI_2017/ICBHI_final_database/146_8p3_Al_mc_AKGC417L.txt,44100,20.0,0.03922290094456253,0.2273186594247818,0.0,1.0531505445499079e-08,0.03961454646696518,0.22654081881046295,0.0,15.145835531832198,0.028316666666666667,27,0.03583357832751605,0.03732453798198703,0.03981541744105883,0.048221321316583285,0,0.0,0.22654081881046295,False,0.0,normal,7,14.946000000000002,1.0,0.2556907497080538,0.035248494838669514,0.7462305516504787,1.192704347126177e-06,42.74830094794626,,False,,0.11739130434782609,0.15,0.7391304347826086,0.558695652173913,0.9652173913043478,0.7510869565217392,0.5804347826086956,0.4885869565217391,0.7516304347826087,0.7663043478260869,0.7880434782608695,0.8347826086956521,0.7369565217391304,0.7054347826086956,0.6222391304347825
146,8p3,146_8p3,Ar,mc,AKGC417L,146_8p3_Ar_mc_AKGC417L,/nas/home/pcallandrone/DeepLearning/dataset/ICBHI_2017/ICBHI_final_database/146_8p3_Ar_mc_AKGC417L.wav,/nas/home/pcallandrone/DeepLearning/dataset/ICBHI_2017/ICBHI_final_database/146_8p3_Ar_mc_AKGC417L.txt,44100,20.0,0.04114586735453568,0.27786684036254883,0.0,-2.3960750695550814e-05,0.041705611772155975,0.27716246247291565,0.0,16.45079827993675,0.045366666666666666,27,0.03497695412377547,0.03832172520199593,0.042151246147915065,0.07911321810790084,0,0.0,0.27716246247291565,False,0.0,crackles,7,14.97,0.0699398797595191,0.2098845947231454,0.04994671765529363,0.7909877651402062,4.973238343796811e-06,37.58262099379888,,False,,0.12934782608695652,0.15543478260869564,0.6804347826086956,0.6630434782608695,0.783695652173913,0.6902173913043478,0.31630434782608696,0.1891304347826087,0.7516304347826087,0.8951086956521739,0.7880434782608695,0.3,0.6597826086956522,0.8510869565217392,0.5346847826086957
146,8p3,146_8p3,Lr,mc,AKGC417L,146_8p3_Lr_mc_AKGC417L,/nas/home/pcallandrone/DeepLearning/dataset/ICBHI_2017/ICBHI_final_database/146_8p3_Lr_mc_AKGC417L.wav,/nas/home/pcallandrone/DeepLearning/dataset/ICBHI_2017/ICBHI_final_database/146_8p3_Lr_mc_AKGC417L.txt,44100,20.0,0.021409065792871756,0.11881005764007568,0.0,1.6673513982823351e-06,0.02008681803442295,0.11641416698694229,0.0,15.261893747426258,0.0276,27,0.017968267014279272,0.01842363263024208,0.019549865846794415,0.057394279689381475,0,0.0,0.11641416698694229,False,0.0,wheezes,7,14.958,0.06765610375718678,0.5439861716170217,0.35684461404374496,0.459722495015826,0.0012058383274727424,144.6169115056346,,True,,0.06304347826086956,0.06847826086956521,0.9391304347826087,0.9717391304347827,0.9271739130434783,0.9445652173913044,0.010869565217391304,0.5195652173913043,0.7516304347826087,0.8206521739130435,0.7880434782608695,0.29782608695652174,0.9826086956521739,0.7195652173913043,0.6055380434782609
146,8p3,146_8p3,Pl,mc,AKGC417L,146_8p3_Pl_mc_AKGC417L,/nas/home/pcallandrone/DeepLearning/dataset/ICBHI_2017/ICBHI_final_database/146_8p3_Pl_mc_AKGC417L.wav,/nas/home/pcallandrone/DeepLearning/dataset/ICBHI_2017/ICBHI_final_database/146_8p3_Pl_mc_AKGC417L.txt,44100,20.0,0.002443879287510067,0.013054954819381237,0.0,8.714282557775732e-06,0.0024486958246529187,0.012908575125038624,0.0,14.438868963098317,0.0245,27,0.0021425144491138857,0.002287293692928227,0.0024065358242443165,0.06105877101476481,0,0.0,0.012908575125038624,False,0.0,normal,7,14.969999999999999,1.0,0.4474272561461918,0.20615571158004367,0.5756577104407502,5.9239398901434304e-05,66.07292551525686,,False,,0.0010869565217391304,0.003260869565217391,0.9043478260869565,0.9326086956521739,0.8978260869565218,0.9,0.07608695652173914,0.633695652173913,0.7516304347826087,0.8934782608695652,0.7880434782608695,0.8347826086956521,0.9032608695652173,0.6315217391304347,0.6249184782608697
146,8p3,146_8p3,Pr,mc,AKGC417L,146_8p3_Pr_mc_AKGC417L,/nas/home/pcallandrone/DeepLearning/dataset/ICBHI_2017/ICBHI_final_database/146_8p3_Pr_mc_AKGC417L.wav,/nas/home/pcallandrone/DeepLearning/dataset/ICBHI_2017/ICBHI_final_database/146_8p3_Pr_mc_AKGC417L.txt,44100,20.0,0.006161805366861679,0.045052774250507355,0.0,7.399681635433808e-06,0.0061831424968720435,0.044970329850912094,0.0,17.234336213333165,0.042633333333333336,27,0.005313447340102632,0.005664791725564132,0.0062542202198915845,0.06500519052738007,0,0.0,0.044970329850912094,False,0.0,normal,7,14.958,1.0,0.7838782146082438,0.6473463413820173,0.22225006927520086,1.5119815380691358e-05,121.3182141349778,,True,,0.017391304347826087,0.02282608695652174,0.9956521739130435,0.9967391304347826,0.8728260869565218,0.9934782608695653,0.15869565217391304,0.2184782608695652,0.7516304347826087,0.8206521739130435,0.7880434782608695,0.8347826086956521,0.9739130434782609,0.9369565217391305,0.6425271739130436
147,1b2,147_1b2,Tc,mc,AKGC417L,147_1b2_Tc_mc_AKGC417L,/nas/home/pcallandrone/DeepLearning/dataset/ICBHI_2017/ICBHI_final_database/147_1b2_Tc_mc_AKGC417L.wav,/nas/home/pcallandrone/DeepLearning/dataset/ICBHI_2017/ICBHI_final_database/147_1b2_Tc_mc_AKGC417L.txt,44100,20.0,0.1431499566638071,1.0000826120376587,0.0006020408163265307,8.257901936303824e-05,0.14811532645629294,1.0119935274124146,0.0004333333333333333,16.691554688064677,0.03868333333333333,27,0.12684476507664538,0.13383862852152212,0.1433720304890725,0.10474232574120743,0,0.00125,1.0119935274124146,False,0.0,wheezes,9,14.555,0.876056338028169,0.36943292135767664,0.28256789791750514,0.6307434929781522,8.207085471933577e-06,92.01026184858064,,False,,0.5097826086956522,0.5489130434782609,0.8510869565217392,0.9586956521739131,0.5793478260869566,0.8597826086956522,0.22934782608695653,0.2793478260869565,0.38315217391304346,0.49130434782608695,0.9353260869565218,0.658695652173913,0.9565217391304348,0.883695652173913,0.6989673913043479
147,1b3,147_1b3,Tc,mc,AKGC417L,147_1b3_Tc_mc_AKGC417L,/nas/home/pcallandrone/DeepLearning/dataset/ICBHI_2017/ICBHI_final_database/147_1b3_Tc_mc_AKGC417L.wav,/nas/home/pcallandrone/DeepLearning/dataset/ICBHI_2017/ICBHI_final_database/147_1b3_Tc_mc_AKGC417L.txt,44100,20.0,0.28609853611877273,1.00003981590271,0.007942176870748299,-3.9931714127305895e-05,0.28464142131636133,1.0071913003921509,0.007666666666666666,10.976277328300295,0.027083333333333334,27,0.23718635840390287,0.252644398623675,0.28602707014335066,0.09863640962022724,0,0.023,1.0071913003921509,False,0.0,crackles,8,14.304,0.75251677852349,0.13419323041639142,0.08880558544635717,0.8660952862359814,1.3451472604489069e-06,50.82895005573796,,False,,0.8043478260869565,0.8358695652173913,0.5184782608695652,0.7782608695652173,0.6282608695652174,0.5239130434782608,0.5554347826086956,0.5396739130434782,0.18206521739130435,0.4141304347826087,0.8864130434782609,0.6108695652173913,0.8130434782608695,0.21304347826086956,0.7040163043478261
147,1b4,147_1b4,Tc,mc,AKGC417L,147_1b4_Tc_mc_AKGC417L,/nas/home/pcallandrone/DeepLearning/dataset/ICBHI_2017/ICBHI_final_database/147_1b4_Tc_mc_AKGC417L.wav,/nas/home/pcallandrone/DeepLearning/dataset/ICBHI_2017/ICBHI_final_database/147_1b4_Tc_mc_AKGC417L.txt,44100,20.0,0.17568619804212282,1.0001537799835205,0.00038435374149659864,-0.00015390825865324587,0.1856271595136149,1.0118434429168701,0.00038333333333333334,14.729436046409738,0.03373333333333333,27,0.13508806478504035,0.1516123958302018,0.18162089893353753,0.17329998860603066,0,0.00275,1.0118434429168701,False,0.0,wheezes,12,14.824,0.21222342147868312,0.283797991859724,0.23446278853008234,0.7162418276406775,2.9073954815366643e-06,98.30081408968941,,False,,0.5847826086956521,0.5934782608695652,0.7739130434782608,0.9423913043478261,0.2858695652173913,0.7880434782608695,0.41630434782608694,0.3576086956521739,0.39565217391304347,0.5994565217391304,0.9875,0.40108695652173915,0.9630434782608696,0.6597826086956522,0.670804347826087
147,2b2,147_2b2,Al,mc,AKGC417L,147_2b2_Al_mc_AKGC417L,/nas/home/pcallandrone/DeepLearning/dataset/ICBHI_2017/ICBHI_final_database/147_2b2_Al_mc_AKGC417L.wav,/nas/home/pcallandrone/DeepLearning/dataset/ICBHI_2017/ICBHI_final_database/147_2b2_Al_mc_AKGC417L.txt,44100,20.0,0.27153468349669757,1.0001800060272217,0.007268707482993198,-0.00018015853129327297,0.27243155119269297,1.007372498512268,0.006933333333333333,11.358653739334754,0.024033333333333334,27,0.23713392843064657,0.25175527126275665,0.27771176518383744,0.06259198959819141,0,0.016625,1.007372498512268,False,0.0,wheezes,4,14.606,0.15103382171710256,0.18863563424130966,0.03827354622947933,0.8140075394455225,1.8104724079063448e-06,32.62077785136931,,False,,0.7869565217391304,0.8326086956521739,0.6478260869565218,0.5771739130434783,0.8880434782608696,0.6554347826086957,0.5,0.6494565217391305,0.1934782608695652,0.5239130434782608,0.19510869565217392,0.35489130434782606,0.558695652173913,0.2358695652173913,0.7021304347826087
147,2b2,147_2b2,Ar,mc,AKGC417L,147_2b2_Ar_mc_AKGC417L,/nas/home/pcallandrone/DeepLearning/dataset/ICBHI_2017/ICBHI_final_database/147_2b2_Ar_mc_AKGC417L.wav,/nas/home/pcallandrone/DeepLearning/dataset/ICBHI_2017/ICBHI_final_database/147_2b2_Ar_mc_AKGC417L.txt,44100,20.0,0.31777820133690843,1.0001747608184814,0.010763038548752834,0.00017476145876571536,0.32516222160876235,1.0168436765670776,0.0109,9.903082199462387,0.022416666666666668,27,0.2625725029834348,0.2828241192239099,0.3187418974257155,0.10293809092754203,0,0.02625,1.0168436765670776,False,0.0,wheezes,4,14.606,0.15103382171710256,0.10848117100550334,0.02522945224658357,0.8919609502839152,2.1275311990434817e-06,25.771597836899186,,False,,0.8489130434782609,0.8760869565217392,0.44565217391304346,0.4673913043478261,0.5934782608695652,0.4489130434782609,0.47282608695652173,0.7119565217391305,0.15869565217391304,0.5239130434782608,0.19510869565217392,0.35489130434782606,0.3869565217391304,0.1532608695652174,0.6263967391304348
147,2b2,147_2b2,Pl,mc,AKGC417L,147_2b2_Pl_mc_AKGC417L,/nas/home/pcallandrone/DeepLearning/dataset/ICBHI_2017/ICBHI_final_database/147_2b2_Pl_mc_AKGC417L.wav,/nas/home/pcallandrone/DeepLearning/dataset/ICBHI_2017/ICBHI_final_database/147_2b2_Pl_mc_AKGC417L.txt,44100,20.0,0.13788882768447475,1.0000957250595093,0.0011836734693877551,9.578114986652508e-05,0.13865831827909256,1.0011615753173828,0.0015666666666666667,17.171164882670404,0.0408,27,0.10699136125915737,0.1108647897149112,0.12887922454599504,0.19856504774171554,0,0.01175,1.0011615753173828,False,0.0,wheezes,4,14.606,0.2527728330822949,0.2587355766636709,0.09065354651472847,0.7422936037957428,1.1510995614007686e-06,39.568503034750385,,False,,0.48043478260869565,0.46847826086956523,0.7423913043478261,0.7847826086956522,0.22717391304347825,0.7532608695652174,0.5880434782608696,0.2467391304347826,0.31956521739130433,0.5239130434782608,0.19510869565217392,0.42717391304347824,0.6923913043478261,0.9282608695652174,0.5833641304347825
147,2b3,147_2b3,Al,mc,AKGC417L,147_2b3_Al_mc_AKGC417L,/nas/home/pcallandrone/DeepLearning/dataset/ICBHI_2017/ICBHI_final_database/147_2b3_Al_mc_AKGC417L.wav,/nas/home/pcallandrone/DeepLearning/dataset/ICBHI_2017/ICBHI_final_database/147_2b3_Al_mc_AKGC417L.txt,44100,20.0,0.2947402974756482,1.0000851154327393,0.01418140589569161,-8.528104081051424e-05,0.299887336216988,1.0150854587554932,0.015416666666666667,10.590889595772634,0.023316666666666666,27,0.24869204185685384,0.25631490169694715,0.2855199410887919,0.1157869435915136,0,0.04775,1.0150854587554932,False,0.0,wheezes,4,14.136,0.5923174872665534,0.20454832548230975,0.04395289715321319,0.796119104105097,1.3587813426645696e-05,34.55926005827413,,False,,0.8260869565217391,0.8434782608695652,0.6728260869565217,0.625,0.5054347826086957,0.6826086956521739,0.17065217391304346,0.6782608695652174,0.13260869565217392,0.36086956521739133,0.19510869565217392,0.558695652173913,0.6054347826086957,0.1891304347826087,0.6629076086956522
147,2b3,147_2b3,Ar,mc,AKGC417L,147_2b3_Ar_mc_AKGC417L,/nas/home/pcallandrone/DeepLearning/dataset/ICBHI_2017/ICBHI_final_database/147_2b3_Ar_mc_AKGC417L.wav,/nas/home/pcallandrone/DeepLearning/dataset/ICBHI_2017/ICBHI_final_database/147_2b3_Ar_mc_AKGC417L.txt,44100,20.0,0.359736375069557,1.0000749826431274,0.02758049886621315,-7.50454782973975e-05,0.3602509895548542,1.009779930114746,0.029766666666666667,8.952431041482436,0.021083333333333332,27,0.2739164684556802,0.28075017452360307,0.3620085083704032,0.15965902873728946,0,0.0615,1.009779930114746,False,0.0,wheezes,4,14.136,0.7103848330503678,0.14349481607589354,0.022666959477967718,0.8572026245176672,1.2512228821509948e-06,26.44242773759792,,False,,0.8956521739130435,0.8739130434782608,0.5478260869565217,0.425,0.33369565217391306,0.5543478260869565,0.5641304347826087,0.7548913043478261,0.07065217391304347,0.36086956521739133,0.19510869565217392,0.5836956521739131,0.4043478260869565,0.10543478260869565,0.6393804347826086
147,2b3,147_2b3,Ll,mc,AKGC417L,147_2b3_Ll_mc_AKGC417L,/nas/home/pcallandrone/DeepLearning/dataset/ICBHI_2017/ICBHI_final_database/147_2b3_Ll_mc_AKGC417L.wav,/nas/home/pcallandrone/DeepLearning/dataset/ICBHI_2017/ICBHI_final_database/147_2b3_Ll_mc_AKGC417L.txt,44100,20.0,0.3340950311492308,1.000331997871399,0.023946712018140588,-0.0003321545082144439,0.3417267052694026,1.0239351987838745,0.0204,9.531871060914034,0.0203,27,0.27988931778986204,0.29742907072169084,0.34033434889338526,0.09078378215877293,0,0.042625,1.0239351987838745,False,0.0,normal,4,14.136,1.0,0.5076082162407733,0.11545997655346311,0.4973394265110734,0.00019114821623432527,64.22769669427984,,False,,0.8717391304347826,0.8902173913043478,0.9260869565217391,0.8260869565217391,0.6847826086956522,0.9315217391304348,0.04565217391304348,0.7913043478260869,0.11413043478260869,0.36086956521739133,0.19510869565217392,0.8347826086956521,0.8902173913043478,0.13695652173913042,0.7950163043478262
147,2b3,147_2b3,Lr,mc,AKGC417L,147_2b3_Lr_mc_AKGC417L,/nas/home/pcallandrone/DeepLearning/dataset/ICBHI_2017/ICBHI_final_database/147_2b3_Lr_mc_AKGC417L.wav,/nas/home/pcallandrone/DeepLearning/dataset/ICBHI_2017/ICBHI_final_database/147_2b3_Lr_mc_AKGC417L.txt,44100,20.0,0.1845198115940535,1.000179648399353,0.00024376417233560091,-0.00017980660777539015,0.18435973730528682,1.0033879280090332,8.333333333333333e-05,14.716055815306035,0.030733333333333335,27,0.1568178900092126,0.15993644478823726,0.17780994157862867,0.10497847284153487,0,0.000625,1.0033879280090332,False,0.0,normal,4,14.136,1.0,0.18562527756626643,0.02411861114458064,0.8151356761235867,4.062502522927796e-05,36.711266997549366,,False,,0.5815217391304348,0.6097826086956522,0.6423913043478261,0.45108695652173914,0.5782608695652174,0.6521739130434783,0.09565217391304348,0.4141304347826087,0.45163043478260867,0.36086956521739133,0.19510869565217392,0.8347826086956521,0.6445652173913043,0.657608695652174,0.5990543478260871
147,2b3,147_2b3,Pl,mc,AKGC417L,147_2b3_Pl_mc_AKGC417L,/nas/home/pcallandrone/DeepLearning/dataset/ICBHI_2017/ICBHI_final_database/147_2b3_Pl_mc_AKGC417L.wav,/nas/home/pcallandrone/DeepLearning/dataset/ICBHI_2017/ICBHI_final_database/147_2b3_Pl_mc_AKGC417L.txt,44100,20.0,0.5505631737617432,1.0008739233016968,0.11466780045351474,-0.0008740668999962509,0.5364413620374681,1.032870888710022,0.07933333333333334,5.690475609498398,0.013316666666666666,27,0.47870598392005176,0.49508829474676935,0.5301693200535672,0.05851790043457793,0,0.137,1.032870888710022,False,0.0,wheezes,4,14.136,0.0,0.26121605993783736,0.10085680073058458,0.7391824212543269,3.284271072351088e-06,44.27777394495784,,False,,0.9847826086956522,0.9891304347826086,0.7456521739130435,0.8043478260869565,0.9141304347826087,0.7597826086956522,0.39021739130434785,0.9858695652173913,0.01847826086956522,0.36086956521739133,0.19510869565217392,0.14402173913043478,0.7630434782608696,0.015217391304347827,0.7776902173913044
147,2b4,147_2b4,Al,mc,AKGC417L,147_2b4_Al_mc_AKGC417L,/nas/home/pcallandrone/DeepLearning/dataset/ICBHI_2017/ICBHI_final_database/147_2b4_Al_mc_AKGC417L.wav,/nas/home/pcallandrone/DeepLearning/dataset/ICBHI_2017/ICBHI_final_database/147_2b4_Al_mc_AKGC417L.txt,44100,20.0,0.2779771207635617,1.00010085105896,0.004391156462585034,-0.00010095638572238386,0.2791965428505235,1.0090426206588745,0.0044,11.159989483438014,0.025533333333333335,27,0.22980228515232812,0.238163653573806,0.28537818813659893,0.1059154290891966,0,0.01325,1.0090426206588745,False,0.0,normal,4,14.824,1.0,0.09814230116551499,0.020492604715812053,0.9024802821697028,2.2871310430721652e-06,24.435571819775006,,False,,0.7989130434782609,0.8108695652173913,0.4108695652173913,0.39456521739130435,0.5695652173913044,0.41195652173913044,0.4597826086956522,0.5836956521739131,0.23369565217391305,0.5994565217391304,0.19510869565217392,0.8347826086956521,0.35108695652173916,0.21956521739130436,0.6307282608695653
147,2b4,147_2b4,Ar,mc,AKGC417L,147_2b4_Ar_mc_AKGC417L,/nas/home/pcallandrone/DeepLearning/dataset/ICBHI_2017/ICBHI_final_database/147_2b4_Ar_mc_AKGC417L.wav,/nas/home/pcallandrone/DeepLearning/dataset/ICBHI_2017/ICBHI_final_database/147_2b4_Ar_mc_AKGC417L.txt,44100,20.0,0.38624498227770826,1.000279188156128,0.025046485260770975,0.0002792075974866748,0.38790954199681754,1.0134174823760986,0.026116666666666667,8.341158583092911,0.01806666666666667,27,0.2782975637563182,0.2913923629704297,0.3799737986288179,0.1819822456780254,0,0.09075,1.0134174823760986,False,0.0,normal,4,14.824,1.0,0.06289866743382116,0.008937481537581261,0.9371286004263147,3.551942019664906e-07,20.547690164535414,,False,,0.9195652173913044,0.8858695652173914,0.2597826086956522,0.20217391304347826,0.2608695652173913,0.26521739130434785,0.7489130434782608,0.8684782608695653,0.09130434782608696,0.5994565217391304,0.19510869565217392,0.8347826086956521,0.23695652173913043,0.08369565217391305,0.6038586956521739
147,2b4,147_2b4,Ll,mc,AKGC417L,147_2b4_Ll_mc_AKGC417L,/nas/home/pcallandrone/DeepLearning/dataset/ICBHI_2017/ICBHI_final_database/147_2b4_Ll_mc_AKGC417L.wav,/nas/home/pcallandrone/DeepLearning/dataset/ICBHI_2017/ICBHI_final_database/147_2b4_Ll_mc_AKGC417L.txt,44100,20.0,0.30158642101551425,1.0002273321151733,0.014121315192743764,0.00022729484771844,0.2937879694289235,1.0118954181671143,0.007933333333333334,10.742032435300782,0.020983333333333333,27,0.2509806941926502,0.26615736670603946,0.2958280087359831,0.07051257452679777,0,0.0135,1.0118954181671143,False,0.0,normal,4,14.824,1.0,0.35221394750315327,0.05003412445795636,0.6480152787889953,1.2079409308500285e-05,42.201595310032396,,False,,0.8141304347826087,0.8521739130434782,0.8402173913043478,0.6652173913043479,0.8304347826086956,0.8510869565217392,0.18804347826086956,0.7635869565217391,0.17391304347826086,0.5994565217391304,0.19510869565217392,0.8347826086956521,0.7260869565217392,0.1934782608695652,0.786255434782609
147,2b4,147_2b4,Lr,mc,AKGC417L,147_2b4_Lr_mc_AKGC417L,/nas/home/pcallandrone/DeepLearning/dataset/ICBHI_2017/ICBHI_final_database/147_2b4_Lr_mc_AKGC417L.wav,/nas/home/pcallandrone/DeepLearning/dataset/ICBHI_2017/ICBHI_final_database/147_2b4_Lr_mc_AKGC417L.txt,44100,20.0,0.19134994392353907,1.0002105236053467,0.0003458049886621315,0.0002105197199853137,0.19275839818392,1.0004479885101318,0.00015,14.303624129490355,0.03265,27,0.16650570911201804,0.16960327657165358,0.19276845207856685,0.08573597073143016,0,0.001125,1.0004479885101318,False,0.0,normal,4,14.824,1.0,0.15300083294567257,0.017191995974689615,0.8475536279144226,7.7861201636402e-06,32.89334969710679,,False,,0.6032608695652174,0.6467391304347826,0.5717391304347826,0.3347826086956522,0.7358695652173913,0.5782608695652174,0.23804347826086958,0.3782608695652174,0.4320652173913043,0.5994565217391304,0.19510869565217392,0.8347826086956521,0.5630434782608695,0.6152173913043478,0.6192554347826087
147,2b4,147_2b4,Pl,mc,AKGC417L,147_2b4_Pl_mc_AKGC417L,/nas/home/pcallandrone/DeepLearning/dataset/ICBHI_2017/ICBHI_final_database/147_2b4_Pl_mc_AKGC417L.wav,/nas/home/pcallandrone/DeepLearning/dataset/ICBHI_2017/ICBHI_final_database/147_2b4_Pl_mc_AKGC417L.txt,44100,20.0,0.23183903147205198,1.0000566244125366,0.0023231292517006804,5.659216549247503e-05,0.23626320062351394,1.0033180713653564,0.0026333333333333334,12.560851029603068,0.02445,27,0.2010876616029883,0.21278607737020175,0.23197054523642086,0.10313313405835887,0,0.01775,1.0033180713653564,False,0.0,wheezes,4,14.824,0.743051807879115,0.15510641555049492,0.041069219961344564,0.8451985522672306,1.0053426104945191e-06,29.591367714534247,,False,,0.7097826086956521,0.758695652173913,0.575,0.5967391304347827,0.5902173913043478,0.5815217391304348,0.6086956521739131,0.6369565217391304,0.275,0.5994565217391304,0.19510869565217392,0.6032608695652174,0.4923913043478261,0.3760869565217391,0.6690869565217391
148,1b1,148_1b1,Al,sc,Meditron,148_1b1_Al_sc_Meditron,/nas/home/pcallandrone/DeepLearning/dataset/ICBHI_2017/ICBHI_final_database/148_1b1_Al_sc_Meditron.wav,/nas/home/pcallandrone/DeepLearning/dataset/ICBHI_2017/ICBHI_final_database/148_1b1_Al_sc_Meditron.txt,44100,20.0,0.07491850067544847,0.49934348464012146,0.0,-0.0003512337862048298,0.07407742755906276,0.499102383852005,0.0,16.570075022718402,0.029183333333333332,27,0.05071360390232175,0.056192701274162836,0.07365545816707944,0.15321695920591968,0,0.0,0.499102383852005,False,0.0,normal,8,14.978000000000002,1.0,0.04992700034438707,0.01926386959842106,0.9500546971556658,2.30944666293434e-05,22.271634358239282,,False,,0.2467391304347826,0.26304347826086955,0.21521739130434783,0.3695652173913043,0.358695652173913,0.22282608695652173,0.12717391304347825,0.45217391304347826,0.7516304347826087,0.9521739130434783,0.8864130434782609,0.8347826086956521,0.2902173913043478,0.866304347826087,0.43507608695652167
149,1b1,149_1b1,Al,sc,Meditron,149_1b1_Al_sc_Meditron,/nas/home/pcallandrone/DeepLearning/dataset/ICBHI_2017/ICBHI_final_database/149_1b1_Al_sc_Meditron.wav,/nas/home/pcallandrone/DeepLearning/dataset/ICBHI_2017/ICBHI_final_database/149_1b1_Al_sc_Meditron.txt,44100,20.0,0.0647842900961499,0.46549129486083984,0.0,-0.00015925729530863464,0.0651209623684651,0.4654003083705902,0.0,17.082117120780257,0.04215,27,0.04638459874553044,0.04980678620505736,0.06303581963959073,0.17670206299499236,0,0.0,0.4654003083705902,False,0.0,both,14,14.993,0.17248049089575135,0.39897231546898926,0.09090281506232348,0.6011753397249486,2.002087235055939e-06,44.656518806565174,,False,,0.20978260869565218,0.22065217391304348,0.8695652173913043,0.7858695652173913,0.28152173913043477,0.8782608695652174,0.483695652173913,0.22717391304347825,0.7516304347826087,0.9755434782608695,0.996195652173913,0.3782608695652174,0.7663043478260869,0.9163043478260869,0.5962880434782608
149,1b1,149_1b1,Lr,sc,Meditron,149_1b1_Lr_sc_Meditron,/nas/home/pcallandrone/DeepLearning/dataset/ICBHI_2017/ICBHI_final_database/149_1b1_Lr_sc_Meditron.wav,/nas/home/pcallandrone/DeepLearning/dataset/ICBHI_2017/ICBHI_final_database/149_1b1_Lr_sc_Meditron.txt,44100,20.0,0.024124639085265485,0.1516266167163849,0.0,0.0001067806952050887,0.02390330949247433,0.15041539072990417,0.0,15.976684795141772,0.027983333333333332,27,0.018029679412507285,0.021078602926609916,0.023154761922700225,0.1280453014887824,0,0.0,0.15041539072990417,False,0.0,crackles,14,14.978,0.8845640272399519,0.3073666819907485,0.2597644485847792,0.692679521489179,2.2818372885732377e-06,54.550107567168766,,False,,0.07391304347826087,0.08478260869565217,0.8043478260869565,0.9543478260869566,0.4467391304347826,0.8141304347826087,0.4608695652173913,0.5043478260869565,0.7516304347826087,0.9304347826086956,0.996195652173913,0.6619565217391304,0.8369565217391305,0.8119565217391305,0.6011086956521741
149,1b1,149_1b1,Pl,sc,Meditron,149_1b1_Pl_sc_Meditron,/nas/home/pcallandrone/DeepLearning/dataset/ICBHI_2017/ICBHI_final_database/149_1b1_Pl_sc_Meditron.wav,/nas/home/pcallandrone/DeepLearning/dataset/ICBHI_2017/ICBHI_final_database/149_1b1_Pl_sc_Meditron.txt,44100,20.0,0.16249104014843369,1.0001558065414429,0.0017607709750566893,-0.00018632646242622286,0.13741805934795187,0.9967198371887207,0.0,17.210585810626405,0.048683333333333335,27,0.050376324408636895,0.05546833958893521,0.07519510443124294,0.6902000141295757,0,0.0,0.9967198371887207,False,0.0,both,14,14.978,0.4963947122446255,0.029641033777231353,0.020987764376896447,0.9703729281787277,3.8418313579263367e-07,12.055602337388393,,False,,0.47608695652173916,0.2565217391304348,0.13369565217391305,0.4,0.008695652173913044,0.14130434782608695,0.7434782608695653,0.16847826086956522,0.7516304347826087,0.9304347826086956,0.996195652173913,0.5228260869565218,0.07065217391304347,0.9304347826086956,0.4152282608695653
150,1b2,150_1b2,Al,sc,Meditron,150_1b2_Al_sc_Meditron,/nas/home/pcallandrone/DeepLearning/dataset/ICBHI_2017/ICBHI_final_database/150_1b2_Al_sc_Meditron.wav,/nas/home/pcallandrone/DeepLearning/dataset/ICBHI_2017/ICBHI_final_database/150_1b2_Al_sc_Meditron.txt,44100,20.0,0.12337514365820677,1.0002437829971313,7.936507936507936e-06,-0.0002743037766776979,0.12564648315164154,0.998458743095398,0.0,18.003595734854184,0.0474,27,0.07033263810129625,0.08278877638606691,0.11393621709514781,0.25689091820974924,0,0.0,0.998458743095398,False,0.0,both,15,14.936,0.3816282806641671,0.11578258680945545,0.012246067814986957,0.884300114852187,5.8814151581037e-07,20.103132780677097,,False,,0.4369565217391304,0.3782608695652174,0.46847826086956523,0.2543478260869565,0.15108695652173912,0.47282608695652173,0.6934782608695652,0.17173913043478262,0.7516304347826087,0.7358695652173913,0.9989130434782608,0.4891304347826087,0.22608695652173913,1.0,0.4961902173913044
151,2p2,151_2p2,Al,mc,AKGC417L,151_2p2_Al_mc_AKGC417L,/nas/home/pcallandrone/DeepLearning/dataset/ICBHI_2017/ICBHI_final_database/151_2p2_Al_mc_AKGC417L.wav,/nas/home/pcallandrone/DeepLearning/dataset/ICBHI_2017/ICBHI_final_database/151_2p2_Al_mc_AKGC417L.txt,44100,20.0,0.20215362301465895,1.0000243186950684,0.0007925170068027211,2.4264718376798555e-05,0.19658777413095066,1.0031442642211914,0.0004166666666666667,14.156137773399315,0.029883333333333335,27,0.1536632015817873,0.15811809333643131,0.18259087888751166,0.1707365800467815,0,0.003125,1.0031442642211914,False,0.0,both,5,14.391,0.23896879994440967,0.23796142513145455,0.008233231927336307,0.7621499926832258,6.127086110874669e-06,33.64119046402936,,False,,0.616304347826087,0.6054347826086957,0.7228260869565217,0.1782608695652174,0.29347826086956524,0.7358695652173913,0.28152173913043477,0.4369565217391304,0.38858695652173914,0.453804347826087,0.4320652173913043,0.4217391304347826,0.5847826086956521,0.5902173913043478,0.5613967391304349
151,2p2,151_2p2,Ar,mc,AKGC417L,151_2p2_Ar_mc_AKGC417L,/nas/home/pcallandrone/DeepLearning/dataset/ICBHI_2017/ICBHI_final_database/151_2p2_Ar_mc_AKGC417L.wav,/nas/home/pcallandrone/DeepLearning/dataset/ICBHI_2017/ICBHI_final_database/151_2p2_Ar_mc_AKGC417L.txt,44100,20.0,0.005032015878622574,0.03232850879430771,0.0,3.7184847769822227e-06,0.00504251315794675,0.03228852152824402,0.0,16.128022212885277,0.03813333333333333,27,0.004280086477626248,0.004358954484469492,0.004749211470794631,0.1630041586087415,0,0.0,0.03228852152824402,False,0.0,normal,5,14.391,1.0,0.213686587571851,0.020730459277957157,0.7863599729813908,3.0918752602288785e-06,32.106153244890066,,False,,0.011956521739130435,0.014130434782608696,0.683695652173913,0.3967391304347826,0.32282608695652176,0.6945652173913044,0.40108695652173915,0.28641304347826085,0.7516304347826087,0.453804347826087,0.4320652173913043,0.8347826086956521,0.5532608695652174,0.8184782608695652,0.43585869565217394
151,2p2,151_2p2,Ll,mc,AKGC417L,151_2p2_Ll_mc_AKGC417L,/nas/home/pcallandrone/DeepLearning/dataset/ICBHI_2017/ICBHI_final_database/151_2p2_Ll_mc_AKGC417L.wav,/nas/home/pcallandrone/DeepLearning/dataset/ICBHI_2017/ICBHI_final_database/151_2p2_Ll_mc_AKGC417L.txt,44100,20.0,0.3407171948916175,1.0003068447113037,0.038802721088435375,0.00030681680073030293,0.3344689958246261,1.0153599977493286,0.0289,9.645283660553366,0.023183333333333334,27,0.2085603669264093,0.21961867398556598,0.26230666816603054,0.3203892459635522,0,0.1175,1.0153599977493286,False,0.0,both,5,14.391,0.0,0.6054645164102528,0.025899401227714558,0.39455444961075636,7.040394642608861e-06,57.82192488104812,,False,,0.8565217391304348,0.7760869565217391,0.9608695652173913,0.4706521739130435,0.09565217391304348,0.9630434782608696,0.2565217391304348,0.6847826086956522,0.07608695652173914,0.453804347826087,0.4320652173913043,0.14402173913043478,0.8554347826086957,0.1423913043478261,0.659521739130435
151,2p2,151_2p2,Lr,mc,AKGC417L,151_2p2_Lr_mc_AKGC417L,/nas/home/pcallandrone/DeepLearning/dataset/ICBHI_2017/ICBHI_final_database/151_2p2_Lr_mc_AKGC417L.wav,/nas/home/pcallandrone/DeepLearning/dataset/ICBHI_2017/ICBHI_final_database/151_2p2_Lr_mc_AKGC417L.txt,44100,20.0,0.11084090958610933,0.9035036563873291,0.0,-7.261764949362259e-07,0.10768281401610985,0.5830951929092407,0.0,14.671861289202122,0.03195,27,0.07972770544364,0.08479230955245742,0.09985461475379687,0.18172915156508213,0,0.0,0.5830951929092407,False,0.0,both,5,14.391,0.6357445625738309,0.3693676020678688,0.03320912860916403,0.6333399285607679,2.6270678462042536e-05,40.581629033109415,,False,,0.3793478260869565,0.3847826086956522,0.85,0.5402173913043479,0.26521739130434785,0.8586956521739131,0.11739130434782609,0.3858695652173913,0.7516304347826087,0.453804347826087,0.4320652173913043,0.566304347826087,0.7076086956521739,0.6543478260869565,0.5590380434782608
151,2p2,151_2p2,Pl,mc,AKGC417L,151_2p2_Pl_mc_AKGC417L,/nas/home/pcallandrone/DeepLearning/dataset/ICBHI_2017/ICBHI_final_database/151_2p2_Pl_mc_AKGC417L.wav,/nas/home/pcallandrone/DeepLearning/dataset/ICBHI_2017/ICBHI_final_database/151_2p2_Pl_mc_AKGC417L.txt,44100,20.0,0.19052070764825793,1.0001094341278076,0.002843537414965986,-0.00010954707977361977,0.1805012438579532,1.0122134685516357,0.00105,14.975838249541834,0.04633333333333333,27,0.1251226983661969,0.13154262567132344,0.15070095669143116,0.2730004665051978,0,0.004625,1.0122134685516357,False,0.0,wheezes,5,14.391,0.43499409353067886,0.6972840025390353,0.07388846220965972,0.30301493675984453,7.068127538929992e-07,67.19725266639861,,False,,0.5760869565217391,0.5423913043478261,0.9793478260869565,0.7456521739130435,0.13260869565217392,0.9815217391304348,0.6717391304347826,0.1815217391304348,0.34130434782608693,0.453804347826087,0.4320652173913043,0.5021739130434782,0.9097826086956522,0.6869565217391305,0.6635108695652175
151,2p2,151_2p2,Pr,mc,AKGC417L,151_2p2_Pr_mc_AKGC417L,/nas/home/pcallandrone/DeepLearning/dataset/ICBHI_2017/ICBHI_final_database/151_2p2_Pr_mc_AKGC417L.wav,/nas/home/pcallandrone/DeepLearning/dataset/ICBHI_2017/ICBHI_final_database/151_2p2_Pr_mc_AKGC417L.txt,44100,20.0,0.20318530915039168,1.0001988410949707,0.0002562358276643991,-0.00019890839757863432,0.19652994128840673,1.0003893375396729,8.333333333333333e-05,14.134806592133803,0.029233333333333333,27,0.16442696746976201,0.16729724647415592,0.18139393655163835,0.12001417627750002,0,0.000625,1.0003893375396729,False,0.0,wheezes,5,14.391,0.8747133625182406,0.31183483794107253,0.042659947771552915,0.6904311544687541,7.886696114077353e-06,40.305135583294934,,False,,0.6152173913043478,0.6347826086956522,0.8076086956521739,0.6152173913043478,0.4923913043478261,0.8173913043478261,0.2358695652173913,0.45108695652173914,0.45163043478260867,0.453804347826087,0.4320652173913043,0.657608695652174,0.7021739130434783,0.5847826086956521,0.6619402173913046
151,2p2,151_2p2,Tc,mc,AKGC417L,151_2p2_Tc_mc_AKGC417L,/nas/home/pcallandrone/DeepLearning/dataset/ICBHI_2017/ICBHI_final_database/151_2p2_Tc_mc_AKGC417L.wav,/nas/home/pcallandrone/DeepLearning/dataset/ICBHI_2017/ICBHI_final_database/151_2p2_Tc_mc_AKGC417L.txt,44100,20.0,0.09211413892469222,0.5568932294845581,0.0,9.065208359970711e-06,0.09180184477632099,0.5557795763015747,0.0,15.641023487097874,0.036866666666666666,27,0.06350275478505067,0.06728970520983994,0.08235162549973134,0.2345097344515176,0,0.0,0.5557795763015747,False,0.0,wheezes,5,14.391,0.778403168647071,0.532603078627832,0.10490665944488695,0.4674669450844842,6.09988454084821e-06,77.86180217560276,,True,,0.3173913043478261,0.3076086956521739,0.9358695652173913,0.8141304347826087,0.175,0.9423913043478261,0.2826086956521739,0.3059782608695652,0.7516304347826087,0.453804347826087,0.4320652173913043,0.6293478260869565,0.9380434782608695,0.7793478260869565,0.5916956521739132
151,2p3,151_2p3,Al,mc,AKGC417L,151_2p3_Al_mc_AKGC417L,/nas/home/pcallandrone/DeepLearning/dataset/ICBHI_2017/ICBHI_final_database/151_2p3_Al_mc_AKGC417L.wav,/nas/home/pcallandrone/DeepLearning/dataset/ICBHI_2017/ICBHI_final_database/151_2p3_Al_mc_AKGC417L.txt,44100,20.0,0.5071510946082157,1.000864863395691,0.08833673469387755,-0.0008649816736578941,0.5070444785011574,1.0083057880401611,0.06886666666666667,5.970924046451901,0.014016666666666667,27,0.3992251674238401,0.4430543578625588,0.5014568872183409,0.12132838061252921,0,0.14825,1.0083057880401611,False,0.0,both,5,14.19,0.17413671599718117,0.4581470161142687,0.02347675279146718,0.5419170293987811,3.719808641612627e-06,45.462633279627006,,False,,0.9815217391304348,0.9760869565217392,0.908695652173913,0.4391304347826087,0.48586956521739133,0.9195652173913044,0.35978260869565215,0.9793478260869565,0.02608695652173913,0.37717391304347825,0.4320652173913043,0.3798913043478261,0.775,0.01847826086956522,0.765461956521739
151,2p3,151_2p3,Ar,mc,AKGC417L,151_2p3_Ar_mc_AKGC417L,/nas/home/pcallandrone/DeepLearning/dataset/ICBHI_2017/ICBHI_final_database/151_2p3_Ar_mc_AKGC417L.wav,/nas/home/pcallandrone/DeepLearning/dataset/ICBHI_2017/ICBHI_final_database/151_2p3_Ar_mc_AKGC417L.txt,44100,20.0,0.22773168891365514,1.0001835823059082,0.0005442176870748299,0.0001836018927861005,0.2289494794832992,1.0008569955825806,0.00016666666666666666,12.81264736751494,0.027316666666666666,27,0.17894749165762014,0.19183360673111546,0.22695850491426467,0.12570507063546146,0,0.00125,1.0008569955825806,False,0.0,both,5,14.19,0.0,0.39167906398439006,0.022847840631108788,0.6087801539725316,1.8472016007831217e-06,40.819404327377406,,False,,0.6978260869565217,0.7,0.8652173913043478,0.42934782608695654,0.45869565217391306,0.8739130434782608,0.4967391304347826,0.5331521739130435,0.4266304347826087,0.37717391304347825,0.4320652173913043,0.14402173913043478,0.7108695652173913,0.40543478260869564,0.6513315217391303
151,2p3,151_2p3,Ll,mc,AKGC417L,151_2p3_Ll_mc_AKGC417L,/nas/home/pcallandrone/DeepLearning/dataset/ICBHI_2017/ICBHI_final_database/151_2p3_Ll_mc_AKGC417L.wav,/nas/home/pcallandrone/DeepLearning/dataset/ICBHI_2017/ICBHI_final_database/151_2p3_Ll_mc_AKGC417L.txt,44100,20.0,0.3998224184828376,1.0001322031021118,0.06619047619047619,-0.00013236998347565532,0.40743891791703407,1.0128847360610962,0.056216666666666665,7.909950331905913,0.02121666666666667,27,0.2430341320604457,0.2535175004267298,0.4319714071156628,0.2880435860978533,0,0.178375,1.0128847360610962,False,0.0,both,5,14.19,0.0,0.7949698819367133,0.03933035055857245,0.2052995308999933,4.103953202085609e-06,65.90555022930302,,False,,0.9326086956521739,0.8391304347826087,0.9967391304347826,0.5847826086956521,0.12173913043478261,0.9956521739130435,0.3456521739130435,0.7521739130434782,0.03804347826086957,0.37717391304347825,0.4320652173913043,0.14402173913043478,0.9010869565217391,0.06956521739130435,0.703570652173913
151,2p3,151_2p3,Lr,mc,AKGC417L,151_2p3_Lr_mc_AKGC417L,/nas/home/pcallandrone/DeepLearning/dataset/ICBHI_2017/ICBHI_final_database/151_2p3_Lr_mc_AKGC417L.wav,/nas/home/pcallandrone/DeepLearning/dataset/ICBHI_2017/ICBHI_final_database/151_2p3_Lr_mc_AKGC417L.txt,44100,20.0,0.2863985749562515,1.000096321105957,0.003133786848072562,-0.00012678562779910862,0.29479901510101914,1.004903793334961,0.0026,10.651969144369268,0.020383333333333333,27,0.23071923708200617,0.2505514952855284,0.30569159272517205,0.1353606875752623,0,0.005875,1.004903793334961,False,0.0,normal,5,14.19,1.0,0.5825720545878219,0.042218123190350364,0.42125361096255565,1.2895107674975533e-05,54.89289882266182,,False,,0.8152173913043478,0.8304347826086956,0.9543478260869566,0.6097826086956522,0.41304347826086957,0.9554347826086956,0.1782608695652174,0.7891304347826087,0.2782608695652174,0.37717391304347825,0.4320652173913043,0.8347826086956521,0.841304347826087,0.1923913043478261,0.7605163043478261
151,2p3,151_2p3,Pl,mc,AKGC417L,151_2p3_Pl_mc_AKGC417L,/nas/home/pcallandrone/DeepLearning/dataset/ICBHI_2017/ICBHI_final_database/151_2p3_Pl_mc_AKGC417L.wav,/nas/home/pcallandrone/DeepLearning/dataset/ICBHI_2017/ICBHI_final_database/151_2p3_Pl_mc_AKGC417L.txt,44100,20.0,0.20126786893994253,1.0001088380813599,0.0022346938775510204,-0.00010900873894570395,0.21202620035218867,1.0102092027664185,0.0017833333333333334,13.560435794657469,0.0414,27,0.10999340903133199,0.13975370503009416,0.22734892656633093,0.2559030226732738,0,0.005,1.0102092027664185,False,0.0,wheezes,5,14.19,0.17413671599718117,0.7633308025973621,0.08133158435098924,0.2367338871642456,5.002346404891154e-07,68.49890771866575,,False,,0.6565217391304348,0.5619565217391305,0.9891304347826086,0.7663043478260869,0.15434782608695652,0.9891304347826086,0.717391304347826,0.23804347826086958,0.3076086956521739,0.37717391304347825,0.4320652173913043,0.3798913043478261,0.9119565217391304,0.4989130434782609,0.670125
151,2p3,151_2p3,Pr,mc,AKGC417L,151_2p3_Pr_mc_AKGC417L,/nas/home/pcallandrone/DeepLearning/dataset/ICBHI_2017/ICBHI_final_database/151_2p3_Pr_mc_AKGC417L.wav,/nas/home/pcallandrone/DeepLearning/dataset/ICBHI_2017/ICBHI_final_database/151_2p3_Pr_mc_AKGC417L.txt,44100,20.0,0.18714627733268138,0.7330712676048279,0.0,4.8446985601913184e-05,0.19164094722441183,0.7294341325759888,0.0,11.60995544971984,0.023033333333333333,27,0.16291620483503172,0.17309333969921822,0.19371473368159495,0.08794369767239589,0,0.0,0.7294341325759888,False,0.0,normal,5,14.19,1.0,0.4392618252425542,0.046210099375827554,0.5617824809591879,7.46408147914944e-06,48.777575358850214,,False,,0.5989130434782609,0.6554347826086957,0.8967391304347826,0.6413043478260869,0.7054347826086956,0.908695652173913,0.24565217391304348,0.6902173913043478,0.7516304347826087,0.37717391304347825,0.4320652173913043,0.8347826086956521,0.7978260869565217,0.2554347826086957,0.7340108695652174
151,2p3,151_2p3,Tc,mc,AKGC417L,151_2p3_Tc_mc_AKGC417L,/nas/home/pcallandrone/DeepLearning/dataset/ICBHI_2017/ICBHI_final_database/151_2p3_Tc_mc_AKGC417L.wav,/nas/home/pcallandrone/DeepLearning/dataset/ICBHI_2017/ICBHI_final_database/151_2p3_Tc_mc_AKGC417L.txt,44100,20.0,0.24437483197394486,1.0002326965332031,0.0016235827664399093,0.0002326712419744581,0.25495782946874207,1.0069369077682495,0.0017333333333333333,11.930678123787914,0.027366666666666668,27,0.1642336319116998,0.17368751806918853,0.2756601936053904,0.2286321124984996,0,0.004875,1.0069369077682495,False,0.0,wheezes,5,14.19,0.7600422832980973,0.6196368626390393,0.07462599987647991,0.38039565044147344,2.9114929461758945e-06,68.9835471484818,,False,,0.7554347826086957,0.657608695652174,0.9641304347826087,0.7489130434782608,0.18369565217391304,0.967391304347826,0.4152173913043478,0.5304347826086957,0.3108695652173913,0.37717391304347825,0.4320652173913043,0.6206521739130435,0.9141304347826087,0.2967391304347826,0.7052010869565215
151,2p4,151_2p4,Al,mc,AKGC417L,151_2p4_Al_mc_AKGC417L,/nas/home/pcallandrone/DeepLearning/dataset/ICBHI_2017/ICBHI_final_database/151_2p4_Al_mc_AKGC417L.wav,/nas/home/pcallandrone/DeepLearning/dataset/ICBHI_2017/ICBHI_final_database/151_2p4_Al_mc_AKGC417L.txt,44100,20.0,0.3340078905188609,1.0003383159637451,0.009312925170068027,-0.0003383795847184956,0.3478744100100927,1.007866621017456,0.01045,9.23961158737654,0.01863333333333333,27,0.24405100740401803,0.2692742427058316,0.35109597190046465,0.15914550641281763,0,0.02275,1.007866621017456,False,0.0,both,5,14.940999999999999,0.430158623920755,0.46185433053907565,0.01833741603503028,0.5389830341231946,4.0323754604619075e-06,44.50750557671616,,False,,0.8793478260869565,0.8565217391304348,0.9141304347826087,0.35434782608695653,0.3347826086956522,0.9217391304347826,0.34782608695652173,0.8505434782608695,0.1608695652173913,0.7505434782608695,0.4320652173913043,0.49782608695652175,0.7652173913043478,0.12282608695652174,0.7439945652173915
151,2p4,151_2p4,Ar,mc,AKGC417L,151_2p4_Ar_mc_AKGC417L,/nas/home/pcallandrone/DeepLearning/dataset/ICBHI_2017/ICBHI_final_database/151_2p4_Ar_mc_AKGC417L.wav,/nas/home/pcallandrone/DeepLearning/dataset/ICBHI_2017/ICBHI_final_database/151_2p4_Ar_mc_AKGC417L.txt,44100,20.0,0.258721438067779,1.0001139640808105,0.0013151927437641724,0.00011400190851418301,0.27852160653586355,1.0109124183654785,0.0013333333333333333,11.197092797466956,0.022833333333333334,27,0.1798759984929341,0.20701149662433066,0.28761086359903804,0.20300294577096017,0,0.005375,1.0109124183654785,False,0.0,both,5,14.940999999999999,0.3229368850813198,0.5143192754463262,0.03554793848659903,0.48646304405438284,2.8001155785365925e-06,47.17901652333862,,False,,0.7978260869565217,0.7445652173913043,0.9293478260869565,0.5619565217391305,0.21739130434782608,0.9358695652173913,0.4217391304347826,0.6972826086956522,0.33260869565217394,0.7505434782608695,0.4320652173913043,0.46630434782608693,0.7880434782608695,0.22282608695652173,0.7246358695652174
151,2p4,151_2p4,Ll,mc,AKGC417L,151_2p4_Ll_mc_AKGC417L,/nas/home/pcallandrone/DeepLearning/dataset/ICBHI_2017/ICBHI_final_database/151_2p4_Ll_mc_AKGC417L.wav,/nas/home/pcallandrone/DeepLearning/dataset/ICBHI_2017/ICBHI_final_database/151_2p4_Ll_mc_AKGC417L.txt,44100,20.0,0.44495400639312704,1.0004279613494873,0.09279705215419501,0.00042796964407898486,0.4838772104055153,1.0169967412948608,0.0875,6.451687860247945,0.020733333333333333,27,0.26536946820201995,0.33065385768248406,0.46473972494037274,0.2386610491843331,0,0.19775,1.0169967412948608,False,0.0,both,5,14.940999999999999,0.0,0.7393874370889265,0.06037050611318087,0.2613115231722163,4.7160721407210815e-06,64.38393409972484,,False,,0.9739130434782609,0.9228260869565217,0.9858695652173913,0.6989130434782609,0.17282608695652174,0.9858695652173913,0.325,0.7771739130434783,0.013043478260869565,0.7505434782608695,0.4320652173913043,0.14402173913043478,0.8934782608695652,0.02717391304347826,0.7595434782608697
151,2p4,151_2p4,Lr,mc,AKGC417L,151_2p4_Lr_mc_AKGC417L,/nas/home/pcallandrone/DeepLearning/dataset/ICBHI_2017/ICBHI_final_database/151_2p4_Lr_mc_AKGC417L.wav,/nas/home/pcallandrone/DeepLearning/dataset/ICBHI_2017/ICBHI_final_database/151_2p4_Lr_mc_AKGC417L.txt,44100,20.0,0.3551257111950707,1.0003329515457153,0.026151927437641723,-0.00033302116207778454,0.3772705529987549,1.0354055166244507,0.02205,8.769151316050994,0.020116666666666668,27,0.24489794558229616,0.2625823194867807,0.37509346655343717,0.2430804736934059,0,0.12225,1.0354055166244507,False,0.0,wheezes,5,14.940999999999999,0.7597885014389933,0.6534103201317683,0.08484958945355078,0.3491982606947682,1.3919838766365067e-05,60.80607529534286,,False,,0.9108695652173913,0.8478260869565217,0.9717391304347827,0.7706521739130435,0.1673913043478261,0.9739130434782609,0.16630434782608697,0.7989130434782609,0.10489130434782609,0.7505434782608695,0.4320652173913043,0.6190217391304348,0.8717391304347826,0.09782608695652174,0.7716249999999999
151,2p4,151_2p4,Pl,mc,AKGC417L,151_2p4_Pl_mc_AKGC417L,/nas/home/pcallandrone/DeepLearning/dataset/ICBHI_2017/ICBHI_final_database/151_2p4_Pl_mc_AKGC417L.wav,/nas/home/pcallandrone/DeepLearning/dataset/ICBHI_2017/ICBHI_final_database/151_2p4_Pl_mc_AKGC417L.txt,44100,20.0,0.26695611779527484,1.0000052452087402,0.00860204081632653,-5.377339221013244e-06,0.29045969701485114,1.0115587711334229,0.007783333333333333,10.83810480024672,0.03306666666666667,27,0.1630693198521333,0.19459448302415583,0.29089231964631096,0.24665354747384,0,0.018625,1.0115587711334229,False,0.0,both,5,14.940999999999999,0.0,0.7976155216715136,0.15980007729891268,0.2028289689009476,7.446244980987061e-07,72.20300497545288,,False,,0.8108695652173913,0.7119565217391305,0.9978260869565218,0.8956521739130435,0.16304347826086957,0.9967391304347826,0.6608695652173913,0.3684782608695652,0.17771739130434783,0.7505434782608695,0.4320652173913043,0.14402173913043478,0.9260869565217391,0.2,0.7307228260869565
151,2p4,151_2p4,Pr,mc,AKGC417L,151_2p4_Pr_mc_AKGC417L,/nas/home/pcallandrone/DeepLearning/dataset/ICBHI_2017/ICBHI_final_database/151_2p4_Pr_mc_AKGC417L.wav,/nas/home/pcallandrone/DeepLearning/dataset/ICBHI_2017/ICBHI_final_database/151_2p4_Pr_mc_AKGC417L.txt,44100,20.0,0.21675590390105529,1.0000741481781006,0.0038140589569160997,-7.427540549542755e-05,0.23232933408864634,1.0111942291259766,0.0037,12.774610692236223,0.02755,27,0.1558736564023303,0.1660510431719923,0.19627424699537085,0.3148397096882332,0,0.027125,1.0111942291259766,False,0.0,wheezes,5,14.940999999999999,0.7597885014389933,0.6060653183041823,0.1490316732670706,0.394162263073721,4.791837463187615e-06,60.94794171049642,,False,,0.7054347826086956,0.6304347826086957,0.9619565217391305,0.8869565217391304,0.10326086956521739,0.9641304347826087,0.31956521739130433,0.5239130434782608,0.25217391304347825,0.7505434782608695,0.4320652173913043,0.6190217391304348,0.875,0.40108695652173915,0.7141086956521739
151,2p4,151_2p4,Tc,mc,AKGC417L,151_2p4_Tc_mc_AKGC417L,/nas/home/pcallandrone/DeepLearning/dataset/ICBHI_2017/ICBHI_final_database/151_2p4_Tc_mc_AKGC417L.wav,/nas/home/pcallandrone/DeepLearning/dataset/ICBHI_2017/ICBHI_final_database/151_2p4_Tc_mc_AKGC417L.txt,44100,20.0,0.4293744175165617,1.0000696182250977,0.05669614512471655,6.966451473999768e-05,0.4594244045859821,1.0445411205291748,0.04895,7.134229606073047,0.017316666666666668,27,0.31693857539009157,0.3305568064814258,0.43244251124790534,0.2118209829128148,0,0.12275,1.0445411205291748,False,0.0,wheezes,5,14.940999999999999,0.42239475269392934,0.6496917255507514,0.14389992424729112,0.3508177191722815,1.1576442963764665e-05,81.96460832790855,,False,,0.9608695652173913,0.9217391304347826,0.9695652173913043,0.8815217391304347,0.20543478260869566,0.9717391304347827,0.1934782608695652,0.8978260869565218,0.043478260869565216,0.7505434782608695,0.4320652173913043,0.4967391304347826,0.9445652173913044,0.042391304347826085,0.799663043478261
151,3p2,151_3p2,Al,mc,AKGC417L,151_3p2_Al_mc_AKGC417L,/nas/home/pcallandrone/DeepLearning/dataset/ICBHI_2017/ICBHI_final_database/151_3p2_Al_mc_AKGC417L.wav,/nas/home/pcallandrone/DeepLearning/dataset/ICBHI_2017/ICBHI_final_database/151_3p2_Al_mc_AKGC417L.txt,44100,20.0,0.32779032220505805,1.0005688667297363,0.029924036281179137,-0.0005689511308446527,0.33851753276370933,1.025975227355957,0.026166666666666668,9.631114152244564,0.02225,27,0.2284786839633809,0.2647092165081098,0.3347074734322728,0.18120894647086072,0,0.073125,1.025975227355957,False,0.0,both,5,14.940999999999999,0.0,0.4204777026648611,0.1011115842276822,0.5800289228276253,3.628347919456455e-05,52.56323943411705,,False,,0.8652173913043478,0.8510869565217392,0.8847826086956522,0.8065217391304348,0.2673913043478261,0.8945652173913043,0.10108695652173913,0.7179347826086957,0.09021739130434783,0.7505434782608695,0.4320652173913043,0.14402173913043478,0.8206521739130435,0.14021739130434782,0.7116793478260869
151,3p2,151_3p2,Ar,mc,AKGC417L,151_3p2_Ar_mc_AKGC417L,/nas/home/pcallandrone/DeepLearning/dataset/ICBHI_2017/ICBHI_final_database/151_3p2_Ar_mc_AKGC417L.wav,/nas/home/pcallandrone/DeepLearning/dataset/ICBHI_2017/ICBHI_final_database/151_3p2_Ar_mc_AKGC417L.txt,44100,20.0,0.2426532729164122,1.000321865081787,0.006770975056689343,-0.0003220262879040092,0.2516761277252691,1.0111836194992065,0.006983333333333334,12.079760044827294,0.0264,27,0.1836228331523945,0.213579074720729,0.2621912559199857,0.1273145703940722,0,0.014875,1.0111836194992065,False,0.0,both,5,14.940999999999999,0.0,0.4642397692344784,0.08981744434347388,0.53680583283165,3.349019678892094e-05,52.935288895016505,,False,,0.7456521739130435,0.7619565217391304,0.9163043478260869,0.782608695652174,0.45,0.9239130434782609,0.10978260869565218,0.5597826086956522,0.19021739130434784,0.7505434782608695,0.4320652173913043,0.14402173913043478,0.8217391304347826,0.3108695652173913,0.7023152173913043
151,3p2,151_3p2,Lr,mc,AKGC417L,151_3p2_Lr_mc_AKGC417L,/nas/home/pcallandrone/DeepLearning/dataset/ICBHI_2017/ICBHI_final_database/151_3p2_Lr_mc_AKGC417L.wav,/nas/home/pcallandrone/DeepLearning/dataset/ICBHI_2017/ICBHI_final_database/151_3p2_Lr_mc_AKGC417L.txt,44100,20.0,0.31373367590841716,1.0005381107330322,0.016445578231292515,-0.0005381895462051034,0.3184850787219599,1.018431544303894,0.01125,10.096855043869521,0.021683333333333332,27,0.2350012336186357,0.271544877807533,0.2890205483129877,0.16758346949124098,0,0.066125,1.018431544303894,False,0.0,both,5,14.940999999999999,0.4513754099457866,0.463244696497098,0.06855684232762564,0.5392432181102162,3.72893483820884e-05,54.15956155041837,,False,,0.8456521739130435,0.8619565217391304,0.9152173913043479,0.7293478260869565,0.30434782608695654,0.9206521739130434,0.09891304347826087,0.7396739130434783,0.15543478260869564,0.7505434782608695,0.4320652173913043,0.5076086956521739,0.8315217391304348,0.15978260869565217,0.7475706521739133
151,3p2,151_3p2,Pl,mc,AKGC417L,151_3p2_Pl_mc_AKGC417L,/nas/home/pcallandrone/DeepLearning/dataset/ICBHI_2017/ICBHI_final_database/151_3p2_Pl_mc_AKGC417L.wav,/nas/home/pcallandrone/DeepLearning/dataset/ICBHI_2017/ICBHI_final_database/151_3p2_Pl_mc_AKGC417L.txt,44100,20.0,0.16788944228362493,1.000185251235962,0.0049149659863945575,-0.00018540819291956723,0.17660152023184128,1.0075076818466187,0.00515,15.125078562510723,0.03721666666666667,27,0.10557285308048721,0.11827938760723036,0.17778124265615033,0.2535753744825885,0,0.014375,1.0075076818466187,False,0.0,both,5,14.940999999999999,0.0,0.652090267969239,0.15137899578609418,0.3502851320277973,1.3347921665316253e-06,65.05700049289572,,False,,0.5652173913043478,0.5,0.9706521739130435,0.8902173913043478,0.15760869565217392,0.9728260869565217,0.5565217391304348,0.29891304347826086,0.21521739130434783,0.7505434782608695,0.4320652173913043,0.14402173913043478,0.8967391304347826,0.7021739130434783,0.6529021739130436
151,3p2,151_3p2,Pr,mc,AKGC417L,151_3p2_Pr_mc_AKGC417L,/nas/home/pcallandrone/DeepLearning/dataset/ICBHI_2017/ICBHI_final_database/151_3p2_Pr_mc_AKGC417L.wav,/nas/home/pcallandrone/DeepLearning/dataset/ICBHI_2017/ICBHI_final_database/151_3p2_Pr_mc_AKGC417L.txt,44100,20.0,0.3356284951216242,1.0002483129501343,0.01159297052154195,-0.0002483768039382994,0.33361520135879674,1.014298439025879,0.008983333333333333,9.658398514163304,0.020133333333333333,27,0.27005738786151284,0.2935756232013084,0.3384325778479936,0.09018565491669514,0,0.021375,1.014298439025879,False,0.0,both,5,14.940999999999999,0.5027775918613211,0.2779345814089007,0.06407801972406982,0.723468213789208,2.5701506114479645e-06,41.70466506083037,,False,,0.8554347826086957,0.8869565217391304,0.7663043478260869,0.7130434782608696,0.6923913043478261,0.7804347826086957,0.4369565217391304,0.7972826086956522,0.16847826086956522,0.7505434782608695,0.4320652173913043,0.5260869565217391,0.7217391304347827,0.14347826086956522,0.7821032608695654
151,3p2,151_3p2,Tc,mc,AKGC417L,151_3p2_Tc_mc_AKGC417L,/nas/home/pcallandrone/DeepLearning/dataset/ICBHI_2017/ICBHI_final_database/151_3p2_Tc_mc_AKGC417L.wav,/nas/home/pcallandrone/DeepLearning/dataset/ICBHI_2017/ICBHI_final_database/151_3p2_Tc_mc_AKGC417L.txt,44100,20.0,0.1413818751601358,1.0002292394638062,0.00013832199546485262,-0.00022931845160201192,0.10464373799373615,0.8792953491210938,0.0,18.488430617454064,0.04683333333333333,27,0.07452831539563602,0.08182265409970622,0.10207391101553429,0.16386790357335393,0,0.0,0.8792953491210938,False,0.0,wheezes,5,14.940999999999999,0.7340204805568569,0.5549963057855781,0.32564305021337947,0.37136381901958604,0.07816846875923138,593.1917434050858,,True,,0.3695652173913043,0.3739130434782609,0.9423913043478261,0.9684782608695652,0.3173913043478261,0.9684782608695652,0.0010869565217391304,0.1766304347826087,0.7516304347826087,0.7505434782608695,0.4320652173913043,0.5945652173913043,0.9967391304347826,0.9619565217391305,0.6375434782608698
151,3p3,151_3p3,Ll,mc,AKGC417L,151_3p3_Ll_mc_AKGC417L,/nas/home/pcallandrone/DeepLearning/dataset/ICBHI_2017/ICBHI_final_database/151_3p3_Ll_mc_AKGC417L.wav,/nas/home/pcallandrone/DeepLearning/dataset/ICBHI_2017/ICBHI_final_database/151_3p3_Ll_mc_AKGC417L.txt,44100,20.0,0.2356619056219605,1.000187635421753,0.007815192743764172,-0.00018781064136419445,0.24460712062527404,1.0282353162765503,0.007033333333333333,12.472468414125954,0.025616666666666666,27,0.18455925848134377,0.2000377151479866,0.22565213562298925,0.201678033410196,0,0.0365,1.0282353162765503,False,0.0,both,5,14.908000000000001,0.0,0.355795665381856,0.1309947451962043,0.6535242624053486,8.415489609761612e-05,45.16507849265154,,False,,0.7315217391304348,0.7293478260869565,0.842391304347826,0.8576086956521739,0.22065217391304348,0.842391304347826,0.06521739130434782,0.5804347826086956,0.1875,0.6717391304347826,0.4320652173913043,0.14402173913043478,0.7728260869565218,0.35978260869565215,0.6519239130434783
152,1b1,152_1b1,Al,sc,Meditron,152_1b1_Al_sc_Meditron,/nas/home/pcallandrone/DeepLearning/dataset/ICBHI_2017/ICBHI_final_database/152_1b1_Al_sc_Meditron.wav,/nas/home/pcallandrone/DeepLearning/dataset/ICBHI_2017/ICBHI_final_database/152_1b1_Al_sc_Meditron.txt,44100,20.0,0.08021625536404996,0.5335864424705505,0.0,0.00013931214925833046,0.08279226625867091,0.5333907008171082,0.0,16.18111337480429,0.03668333333333333,27,0.07003238530114128,0.07459416200959167,0.07945925023746417,0.10312625568727961,0,0.0,0.5333907008171082,False,0.0,normal,6,14.964,1.0,0.02322361048976727,0.002192916199844014,0.9767802855506026,1.623241885176186e-07,18.203105371244302,,False,,0.28152173913043477,0.34130434782608693,0.10978260869565218,0.06195652173913044,0.591304347826087,0.11847826086956521,0.825,0.3092391304347826,0.7516304347826087,0.871195652173913,0.6375,0.8347826086956521,0.1858695652173913,0.8260869565217391,0.45239130434782615
153,1b1,153_1b1,Al,sc,Meditron,153_1b1_Al_sc_Meditron,/nas/home/pcallandrone/DeepLearning/dataset/ICBHI_2017/ICBHI_final_database/153_1b1_Al_sc_Meditron.wav,/nas/home/pcallandrone/DeepLearning/dataset/ICBHI_2017/ICBHI_final_database/153_1b1_Al_sc_Meditron.txt,44100,20.0,0.0749617313662318,0.411165714263916,0.0,-0.00021602123160846531,0.07273491659192058,0.3377234637737274,0.0,13.3363657821609,0.018783333333333332,27,0.050109293618278664,0.06055111460051748,0.07226386386131461,0.1501731692480729,0,0.0,0.3377234637737274,False,0.0,normal,7,14.936,1.0,0.03462276854516737,0.003931352511193115,0.9655488848286965,7.333642815425361e-07,13.421283212606367,,False,,0.24239130434782608,0.28152173913043477,0.1641304347826087,0.11304347826086956,0.3706521739130435,0.16956521739130434,0.6641304347826087,0.8478260869565217,0.7516304347826087,0.7358695652173913,0.7880434782608695,0.8347826086956521,0.1,0.475,0.43205978260869565
154,1b3,154_1b3,Al,mc,AKGC417L,154_1b3_Al_mc_AKGC417L,/nas/home/pcallandrone/DeepLearning/dataset/ICBHI_2017/ICBHI_final_database/154_1b3_Al_mc_AKGC417L.wav,/nas/home/pcallandrone/DeepLearning/dataset/ICBHI_2017/ICBHI_final_database/154_1b3_Al_mc_AKGC417L.txt,44100,20.0,0.2954482069960108,1.000186800956726,0.002485260770975057,0.0001867887331172824,0.297337699116902,1.0028668642044067,0.0019833333333333335,10.559866108738039,0.020266666666666665,27,0.26843746120374146,0.2800589054881478,0.2892912965967854,0.05853896959244797,0,0.00375,1.0028668642044067,False,0.0,crackles,9,14.601,0.27025546195466066,0.1758413724580598,0.03244009842120099,0.8241586957085483,1.5846067678811693e-07,33.22439289555844,,False,,0.8195652173913044,0.8728260869565218,0.6152173913043478,0.5380434782608695,0.9130434782608695,0.6271739130434782,0.8271739130434783,0.7929347826086957,0.3005434782608696,0.5184782608695652,0.9353260869565218,0.4369565217391304,0.5739130434782609,0.1858695652173913,0.7669728260869567
154,1b3,154_1b3,Ar,mc,AKGC417L,154_1b3_Ar_mc_AKGC417L,/nas/home/pcallandrone/DeepLearning/dataset/ICBHI_2017/ICBHI_final_database/154_1b3_Ar_mc_AKGC417L.wav,/nas/home/pcallandrone/DeepLearning/dataset/ICBHI_2017/ICBHI_final_database/154_1b3_Ar_mc_AKGC417L.txt,44100,20.0,0.022023058399751074,0.14789624512195587,0.0,5.4380348046834115e-06,0.021455422077276114,0.12861432135105133,0.0,15.555045318438523,0.04066666666666666,27,0.01874169551290221,0.01931642832654518,0.020588470512578953,0.09075694041349949,0,0.0,0.12861432135105133,False,0.0,crackles,9,14.601,0.880967057050887,0.6984933946939735,0.6197766583423142,0.30200857232663414,1.678200566929156e-05,161.44619978310288,,True,,0.06739130434782609,0.075,0.9804347826086957,0.9934782608695653,0.6858695652173913,0.9826086956521739,0.14891304347826087,0.24891304347826088,0.7516304347826087,0.5184782608695652,0.9353260869565218,0.6608695652173913,0.9858695652173913,0.7663043478260869,0.6035108695652174
154,1b3,154_1b3,Ll,mc,AKGC417L,154_1b3_Ll_mc_AKGC417L,/nas/home/pcallandrone/DeepLearning/dataset/ICBHI_2017/ICBHI_final_database/154_1b3_Ll_mc_AKGC417L.wav,/nas/home/pcallandrone/DeepLearning/dataset/ICBHI_2017/ICBHI_final_database/154_1b3_Ll_mc_AKGC417L.txt,44100,20.0,0.07055092129395886,0.4844934940338135,0.0,-3.095211695836042e-06,0.070894306616922,0.4841616153717041,0.0,16.68757990966363,0.037783333333333335,27,0.053113455778411096,0.05349522998207064,0.06928237823515933,0.15304449664313444,0,0.0,0.4841616153717041,False,0.0,crackles,9,14.601,0.0,0.09323163470436559,0.04465726273367858,0.9068130349994942,1.3439957353682854e-07,23.823116975480783,,False,,0.22934782608695653,0.24891304347826088,0.3923913043478261,0.6293478260869565,0.35978260869565215,0.3967391304347826,0.8445652173913043,0.2956521739130435,0.7516304347826087,0.5184782608695652,0.9353260869565218,0.14402173913043478,0.3282608695652174,0.8826086956521739,0.4512608695652174
154,1b3,154_1b3,Lr,mc,AKGC417L,154_1b3_Lr_mc_AKGC417L,/nas/home/pcallandrone/DeepLearning/dataset/ICBHI_2017/ICBHI_final_database/154_1b3_Lr_mc_AKGC417L.wav,/nas/home/pcallandrone/DeepLearning/dataset/ICBHI_2017/ICBHI_final_database/154_1b3_Lr_mc_AKGC417L.txt,44100,20.0,0.20496014253128172,0.9840079545974731,0.0,5.076922752778046e-05,0.20262656706473856,0.9598147869110107,0.0,13.509820991572237,0.026,27,0.18058630230126127,0.1902908374018741,0.20060529689133602,0.048150920878038295,0,0.0,0.9598147869110107,False,0.0,crackles,9,14.601,0.7489213067598111,0.18047799266100115,0.034664729928123444,0.8198714324946954,6.345128953532883e-07,32.84418836878991,,False,,0.6315217391304347,0.6978260869565217,0.6293478260869565,0.5543478260869565,0.966304347826087,0.6402173913043478,0.6826086956521739,0.5728260869565217,0.7516304347826087,0.5184782608695652,0.9353260869565218,0.6086956521739131,0.5619565217391305,0.49130434782608695,0.7325652173913044
154,1b3,154_1b3,Pl,mc,AKGC417L,154_1b3_Pl_mc_AKGC417L,/nas/home/pcallandrone/DeepLearning/dataset/ICBHI_2017/ICBHI_final_database/154_1b3_Pl_mc_AKGC417L.wav,/nas/home/pcallandrone/DeepLearning/dataset/ICBHI_2017/ICBHI_final_database/154_1b3_Pl_mc_AKGC417L.txt,44100,20.0,0.09040840609569609,0.6302445530891418,0.0,-2.57956571658724e-06,0.08821829524207501,0.6288695335388184,0.0,17.060037873264495,0.03835,27,0.08134124372467667,0.08458357315704725,0.08814069665267392,0.03729931397944109,0,0.0,0.6288695335388184,False,0.0,crackles,9,14.601,0.0,0.5773443305335325,0.30183590503692426,0.42313104724868994,1.1973198785746556e-06,81.24850382824326,,True,,0.30434782608695654,0.3815217391304348,0.9510869565217391,0.9652173913043478,0.991304347826087,0.9543478260869566,0.5793478260869566,0.28369565217391307,0.7516304347826087,0.5184782608695652,0.9353260869565218,0.14402173913043478,0.9423913043478261,0.9108695652173913,0.7025434782608696
154,1b3,154_1b3,Pr,mc,AKGC417L,154_1b3_Pr_mc_AKGC417L,/nas/home/pcallandrone/DeepLearning/dataset/ICBHI_2017/ICBHI_final_database/154_1b3_Pr_mc_AKGC417L.wav,/nas/home/pcallandrone/DeepLearning/dataset/ICBHI_2017/ICBHI_final_database/154_1b3_Pr_mc_AKGC417L.txt,44100,20.0,0.04542180172278769,0.27028894424438477,0.0,3.566932264220668e-06,0.04456878252829878,0.2239445447921753,0.0,14.022194318390657,0.029116666666666666,27,0.03825904539875976,0.041021636466936115,0.04432552389886852,0.06439919167617386,0,0.0,0.2239445447921753,False,0.0,crackles,9,14.601,0.3722347784398329,0.40151749451127994,0.15725329141269992,0.5988211229035398,7.998132404126551e-06,53.331215126118614,,False,,0.1391304347826087,0.17065217391304346,0.8739130434782608,0.8934782608695652,0.8793478260869565,0.8815217391304347,0.23369565217391305,0.4543478260869565,0.7516304347826087,0.5184782608695652,0.9353260869565218,0.48478260869565215,0.8260869565217391,0.558695652173913,0.6103804347826088
154,1b3,154_1b3,Tc,mc,AKGC417L,154_1b3_Tc_mc_AKGC417L,/nas/home/pcallandrone/DeepLearning/dataset/ICBHI_2017/ICBHI_final_database/154_1b3_Tc_mc_AKGC417L.wav,/nas/home/pcallandrone/DeepLearning/dataset/ICBHI_2017/ICBHI_final_database/154_1b3_Tc_mc_AKGC417L.txt,44100,20.0,0.007762698514146222,0.02790716663002968,0.0,1.5821027773199603e-05,0.007830866585173643,0.02749576047062874,0.0,10.90911810613247,0.01885,27,0.00661744650196113,0.006698325869281295,0.007886738838563256,0.10914564518768659,0,0.0,0.02749576047062874,False,0.0,normal,9,14.601,1.0,0.026752744934756954,0.01201530671840391,0.9733276421163676,3.0533778942901846e-05,12.442257935209266,,False,,0.021739130434782608,0.02717391304347826,0.125,0.24891304347826088,0.5510869565217391,0.13152173913043477,0.11195652173913044,0.8418478260869565,0.7516304347826087,0.5184782608695652,0.9353260869565218,0.8347826086956521,0.07934782608695652,0.20652173913043478,0.3222119565217392
154,2b4,154_2b4,Al,mc,AKGC417L,154_2b4_Al_mc_AKGC417L,/nas/home/pcallandrone/DeepLearning/dataset/ICBHI_2017/ICBHI_final_database/154_2b4_Al_mc_AKGC417L.wav,/nas/home/pcallandrone/DeepLearning/dataset/ICBHI_2017/ICBHI_final_database/154_2b4_Al_mc_AKGC417L.txt,44100,20.0,0.062106693450956645,0.411857932806015,0.0,-4.1689967474667355e-05,0.06274826391372189,0.4109019935131073,0.0,16.322730661841433,0.0398,27,0.05480060233233826,0.057727293472043396,0.06255894894860183,0.052878431850647424,0,0.0,0.4109019935131073,False,0.0,crackles,6,13.67,0.37059253840526707,0.1367753443124531,0.011906791859355729,0.8643180716915206,3.6611925663489874e-06,33.94886251698779,,False,,0.20326086956521738,0.2717391304347826,0.5217391304347826,0.24782608695652175,0.9478260869565217,0.5271739130434783,0.3641304347826087,0.2565217391304348,0.7516304347826087,0.22826086956521738,0.6375,0.483695652173913,0.592391304347826,0.841304347826087,0.47906521739130437
154,2b4,154_2b4,Ar,mc,AKGC417L,154_2b4_Ar_mc_AKGC417L,/nas/home/pcallandrone/DeepLearning/dataset/ICBHI_2017/ICBHI_final_database/154_2b4_Ar_mc_AKGC417L.wav,/nas/home/pcallandrone/DeepLearning/dataset/ICBHI_2017/ICBHI_final_database/154_2b4_Ar_mc_AKGC417L.txt,44100,20.0,0.012959014568226498,0.08974379301071167,0.0,-4.07077677664347e-05,0.012743925510955698,0.07452425360679626,0.0,15.339888146923954,0.0309,27,0.010288016871108663,0.010860298375884937,0.013218945384155101,0.10200585578973725,0,0.0,0.07452425360679626,False,0.0,crackles,6,13.67,0.7498171177761521,0.45670259398636825,0.29642886384093137,0.5684369160098249,0.0031565849604318786,170.77669894665797,,False,,0.042391304347826085,0.04891304347826087,0.9065217391304348,0.9619565217391305,0.6010869565217392,0.9043478260869565,0.005434782608695652,0.4092391304347826,0.7516304347826087,0.22826086956521738,0.6375,0.6097826086956522,0.9891304347826086,0.7347826086956522,0.5312445652173913
154,2b4,154_2b4,Ll,mc,AKGC417L,154_2b4_Ll_mc_AKGC417L,/nas/home/pcallandrone/DeepLearning/dataset/ICBHI_2017/ICBHI_final_database/154_2b4_Ll_mc_AKGC417L.wav,/nas/home/pcallandrone/DeepLearning/dataset/ICBHI_2017/ICBHI_final_database/154_2b4_Ll_mc_AKGC417L.txt,44100,20.0,0.05916593834159963,0.2706679701805115,0.0,-1.3064672202744987e-05,0.05901196405351614,0.2688467502593994,0.0,13.171294425773826,0.025166666666666667,27,0.05274779769132034,0.05337442151960666,0.05980146687316155,0.06747981579904831,0,0.0,0.2688467502593994,False,0.0,crackles,6,13.67,0.0,0.05188118208826544,0.011157305889250327,0.9514266184882408,2.8310496389867273e-06,21.660670060160495,,False,,0.18695652173913044,0.24565217391304348,0.22608695652173913,0.23695652173913043,0.8619565217391304,0.21630434782608696,0.41956521739130437,0.5967391304347827,0.7516304347826087,0.22826086956521738,0.6375,0.14402173913043478,0.27065217391304347,0.45543478260869563,0.3697173913043479
154,2b4,154_2b4,Lr,mc,AKGC417L,154_2b4_Lr_mc_AKGC417L,/nas/home/pcallandrone/DeepLearning/dataset/ICBHI_2017/ICBHI_final_database/154_2b4_Lr_mc_AKGC417L.wav,/nas/home/pcallandrone/DeepLearning/dataset/ICBHI_2017/ICBHI_final_database/154_2b4_Lr_mc_AKGC417L.txt,44100,20.0,0.02035964249129913,0.3794209659099579,0.0,-9.51830588746816e-06,0.020725782962618955,0.378362774848938,0.0,25.22794907561538,0.08905,27,0.016899197593735628,0.017349295296235884,0.01922390767228599,0.15256880011552307,0,0.0,0.378362774848938,False,0.0,crackles,6,13.67,0.0,0.16947228609843887,0.08308543325423114,0.8305910979210845,0.00014238024728606,44.66851314521028,,False,,0.06630434782608696,0.06630434782608696,0.6021739130434782,0.7673913043478261,0.3630434782608696,0.6108695652173913,0.05326086956521739,0.05652173913043478,0.7516304347826087,0.22826086956521738,0.6375,0.14402173913043478,0.7673913043478261,0.1967391304347826,0.36030434782608706
154,2b4,154_2b4,Pl,mc,AKGC417L,154_2b4_Pl_mc_AKGC417L,/nas/home/pcallandrone/DeepLearning/dataset/ICBHI_2017/ICBHI_final_database/154_2b4_Pl_mc_AKGC417L.wav,/nas/home/pcallandrone/DeepLearning/dataset/ICBHI_2017/ICBHI_final_database/154_2b4_Pl_mc_AKGC417L.txt,44100,20.0,0.09096207254062445,1.0001860857009888,0.0004002267573696145,-0.00018620073387864977,0.0912488374437281,1.005682110786438,0.00018333333333333334,20.84466768795175,0.0659,27,0.07529179386385003,0.08116842765803821,0.0945614414194422,0.09578847255559723,0,0.0005,1.005682110786438,False,0.0,crackles,6,13.67,0.0,0.35464782315068166,0.1334923876840266,0.6458590169067058,7.525004825543555e-06,53.46737001148314,,False,,0.31630434782608696,0.3695652173913043,0.841304347826087,0.866304347826087,0.6478260869565218,0.8521739130434782,0.24239130434782608,0.09782608695652174,0.4217391304347826,0.22826086956521738,0.6375,0.14402173913043478,0.8271739130434783,0.7076086956521739,0.5558858695652173
154,2b4,154_2b4,Pr,mc,AKGC417L,154_2b4_Pr_mc_AKGC417L,/nas/home/pcallandrone/DeepLearning/dataset/ICBHI_2017/ICBHI_final_database/154_2b4_Pr_mc_AKGC417L.wav,/nas/home/pcallandrone/DeepLearning/dataset/ICBHI_2017/ICBHI_final_database/154_2b4_Pr_mc_AKGC417L.txt,44100,20.0,0.05103111806066096,0.3032953143119812,0.0,-2.6754500140668824e-05,0.05052026168137261,0.29921430349349976,0.0,15.45033516422401,0.03788333333333333,27,0.04076653701281916,0.04688681294873398,0.05182344273128299,0.07193060139589057,0,0.0,0.29921430349349976,False,0.0,crackles,6,13.67,0.7461594732991952,0.17539163693792525,0.034454144599539875,0.8334893162669313,6.640448516879045e-05,38.06522127250918,,False,,0.15217391304347827,0.20217391304347826,0.6141304347826086,0.5510869565217391,0.8195652173913044,0.6076086956521739,0.06847826086956521,0.29347826086956524,0.7516304347826087,0.22826086956521738,0.6375,0.6076086956521739,0.6760869565217391,0.7489130434782608,0.48330434782608706
154,2b4,154_2b4,Tc,mc,AKGC417L,154_2b4_Tc_mc_AKGC417L,/nas/home/pcallandrone/DeepLearning/dataset/ICBHI_2017/ICBHI_final_database/154_2b4_Tc_mc_AKGC417L.wav,/nas/home/pcallandrone/DeepLearning/dataset/ICBHI_2017/ICBHI_final_database/154_2b4_Tc_mc_AKGC417L.txt,44100,20.0,0.009959785179337224,0.053813789039850235,0.0,-1.1591158909141086e-05,0.009516184327977158,0.05179620161652565,0.0,14.71670124837477,0.03186666666666667,27,0.006644642238229986,0.007466776994009898,0.00993080797854434,0.15844845652756584,0,0.0,0.05179620161652565,False,0.0,normal,6,13.67,1.0,0.1554643028859396,0.07041780283149006,0.8711204200881087,0.00027959212206930085,41.018282067787354,,False,,0.030434782608695653,0.03152173913043478,0.5760869565217391,0.7369565217391304,0.3391304347826087,0.5097826086956522,0.03369565217391304,0.3869565217391304,0.7516304347826087,0.22826086956521738,0.6375,0.8347826086956521,0.7152173913043478,0.658695652173913,0.40913043478260874
154,3b3,154_3b3,Al,mc,AKGC417L,154_3b3_Al_mc_AKGC417L,/nas/home/pcallandrone/DeepLearning/dataset/ICBHI_2017/ICBHI_final_database/154_3b3_Al_mc_AKGC417L.wav,/nas/home/pcallandrone/DeepLearning/dataset/ICBHI_2017/ICBHI_final_database/154_3b3_Al_mc_AKGC417L.txt,44100,20.0,0.13401893077633156,0.9703512787818909,0.0,7.646963786100969e-05,0.13963213934248694,0.939341127872467,0.0,16.556758909285357,0.04025,27,0.11350261691745021,0.12506468035393373,0.1410444687038434,0.08295775164393455,0,0.0,0.939341127872467,False,0.0,crackles,4,14.121999999999998,0.6921115989236652,0.0852013341638634,0.00622445191557695,0.9149389871818471,9.219328451011242e-07,24.67723904329396,,False,,0.48695652173913045,0.5184782608695652,0.3641304347826087,0.14891304347826087,0.7554347826086957,0.3673913043478261,0.625,0.2510869565217391,0.7516304347826087,0.35543478260869565,0.19510869565217392,0.5793478260869566,0.36086956521739133,0.8641304347826086,0.5118913043478261
154,3b3,154_3b3,Ar,mc,AKGC417L,154_3b3_Ar_mc_AKGC417L,/nas/home/pcallandrone/DeepLearning/dataset/ICBHI_2017/ICBHI_final_database/154_3b3_Ar_mc_AKGC417L.wav,/nas/home/pcallandrone/DeepLearning/dataset/ICBHI_2017/ICBHI_final_database/154_3b3_Ar_mc_AKGC417L.txt,44100,20.0,0.07247152062117716,1.0000507831573486,0.0005124716553287982,-5.0898535846499726e-05,0.07602097544330338,1.0339871644973755,0.00045,22.67163418446372,0.07515,27,0.04989871259550033,0.056786250184625825,0.07354551569123893,0.2485255869893733,0,0.003375,1.0339871644973755,False,0.0,crackles,4,14.121999999999998,0.19182835292451494,0.32537973587521346,0.2073694183668796,0.6767761046497012,9.660438940897571e-06,54.37454115826446,,False,,0.2543478260869565,0.2673913043478261,0.8184782608695652,0.933695652173913,0.16195652173913044,0.8260869565217391,0.2108695652173913,0.075,0.3798913043478261,0.35543478260869565,0.19510869565217392,0.3923913043478261,0.8347826086956521,0.47282608695652173,0.4875
154,3b3,154_3b3,Ll,mc,AKGC417L,154_3b3_Ll_mc_AKGC417L,/nas/home/pcallandrone/DeepLearning/dataset/ICBHI_2017/ICBHI_final_database/154_3b3_Ll_mc_AKGC417L.wav,/nas/home/pcallandrone/DeepLearning/dataset/ICBHI_2017/ICBHI_final_database/154_3b3_Ll_mc_AKGC417L.txt,44100,20.0,0.04836809485201215,0.31695756316185,0.0,1.911729123094119e-05,0.05028370464289386,0.3166077733039856,0.0,15.981886115250301,0.04115,27,0.0365595436133666,0.040398605765303935,0.04887317418347833,0.1373589379559451,0,0.0,0.3166077733039856,False,0.0,crackles,4,14.121999999999998,0.0,0.0407618319947973,0.008950332540571409,0.960242391366626,2.516240036820363e-06,20.326834390424636,,False,,0.15108695652173912,0.16630434782608697,0.18043478260869567,0.20326086956521738,0.4076086956521739,0.18478260869565216,0.44130434782608696,0.24130434782608695,0.7516304347826087,0.35543478260869565,0.19510869565217392,0.14402173913043478,0.23152173913043478,0.8141304347826087,0.2793695652173913
154,4b4,154_4b4,Al,mc,AKGC417L,154_4b4_Al_mc_AKGC417L,/nas/home/pcallandrone/DeepLearning/dataset/ICBHI_2017/ICBHI_final_database/154_4b4_Al_mc_AKGC417L.wav,/nas/home/pcallandrone/DeepLearning/dataset/ICBHI_2017/ICBHI_final_database/154_4b4_Al_mc_AKGC417L.txt,44100,20.0,0.39079125219877886,1.0000042915344238,0.02020861678004535,-4.360276761872228e-06,0.398451555759035,1.0122374296188354,0.023433333333333334,8.09813730488983,0.016483333333333332,27,0.33948713317900003,0.35316696162875383,0.4149963190237403,0.07645598234589114,0,0.05225,1.0122374296188354,False,0.0,both,8,14.708,0.156989393527332,0.07094926346738442,0.011271131861667383,0.9291284581429259,5.196419830931096e-07,22.191610928498783,,False,,0.925,0.9391304347826087,0.29782608695652174,0.24021739130434783,0.7923913043478261,0.30434782608695654,0.7119565217391305,0.9168478260869565,0.1,0.5777173913043478,0.8864130434782609,0.35978260869565215,0.28695652173913044,0.07717391304347826,0.6614076086956523
154,4b4,154_4b4,Ar,mc,AKGC417L,154_4b4_Ar_mc_AKGC417L,/nas/home/pcallandrone/DeepLearning/dataset/ICBHI_2017/ICBHI_final_database/154_4b4_Ar_mc_AKGC417L.wav,/nas/home/pcallandrone/DeepLearning/dataset/ICBHI_2017/ICBHI_final_database/154_4b4_Ar_mc_AKGC417L.txt,44100,20.0,0.042635889018524456,0.6216360926628113,0.0,2.6659890863811597e-06,0.043920049860791975,0.6090970039367676,0.0,22.84047275606455,0.07488333333333333,27,0.02781705423072049,0.03388051080601526,0.04037210131163645,0.253778307012692,0,0.0,0.6090970039367676,False,0.0,crackles,8,14.708,0.15324993200979065,0.23931730868977652,0.11757136307514825,0.7805712096768089,0.00018082630433185885,51.49446111860123,,False,,0.13695652173913042,0.13478260869565217,0.7271739130434782,0.8326086956521739,0.1565217391304348,0.7065217391304348,0.04673913043478261,0.07717391304347826,0.7516304347826087,0.5777173913043478,0.8864130434782609,0.3576086956521739,0.816304347826087,0.4532608695652174,0.44840760869565216
154,4b4,154_4b4,Ll,mc,AKGC417L,154_4b4_Ll_mc_AKGC417L,/nas/home/pcallandrone/DeepLearning/dataset/ICBHI_2017/ICBHI_final_database/154_4b4_Ll_mc_AKGC417L.wav,/nas/home/pcallandrone/DeepLearning/dataset/ICBHI_2017/ICBHI_final_database/154_4b4_Ll_mc_AKGC417L.txt,44100,20.0,0.12732684036024183,0.581520676612854,0.0,-0.00044679437996819615,0.12690601506019064,0.47838279604911804,0.0,11.52586690676496,0.0217,27,0.10458835937975038,0.11313012305171505,0.1259746943711924,0.08178853960705347,0,0.0,0.47838279604911804,False,0.0,normal,8,14.708,1.0,0.05304520153675144,0.014411746217673146,0.9480804223254171,3.341376105274999e-05,20.69594740019825,,False,,0.4391304347826087,0.4826086956521739,0.22934782608695653,0.28369565217391307,0.7608695652173914,0.23152173913043478,0.1108695652173913,0.7380434782608696,0.7516304347826087,0.5777173913043478,0.8864130434782609,0.8347826086956521,0.24239130434782608,0.2510869565217391,0.5085923913043479
154,4b4,154_4b4,Lr,mc,AKGC417L,154_4b4_Lr_mc_AKGC417L,/nas/home/pcallandrone/DeepLearning/dataset/ICBHI_2017/ICBHI_final_database/154_4b4_Lr_mc_AKGC417L.wav,/nas/home/pcallandrone/DeepLearning/dataset/ICBHI_2017/ICBHI_final_database/154_4b4_Lr_mc_AKGC417L.txt,44100,20.0,0.46470842508910243,1.0014456510543823,0.053488662131519274,-0.0014457334764301777,0.4695955839852802,1.0090025663375854,0.033966666666666666,6.64336533073798,0.0144,27,0.4065784736086223,0.4342294206595928,0.47203840111045753,0.05618938027188979,0,0.049625,1.0090025663375854,False,0.0,crackles,8,14.708,0.0,0.1103624328042237,0.013896831929082249,0.8897435775364344,1.3705768763898298e-06,25.452218891099815,,False,,0.967391304347826,0.9739130434782609,0.4532608695652174,0.2793478260869565,0.933695652173913,0.45652173913043476,0.5467391304347826,0.9706521739130435,0.06304347826086956,0.5777173913043478,0.8864130434782609,0.14402173913043478,0.3760869565217391,0.03152173913043478,0.7004565217391304
154,4b4,154_4b4,Pl,mc,AKGC417L,154_4b4_Pl_mc_AKGC417L,/nas/home/pcallandrone/DeepLearning/dataset/ICBHI_2017/ICBHI_final_database/154_4b4_Pl_mc_AKGC417L.wav,/nas/home/pcallandrone/DeepLearning/dataset/ICBHI_2017/ICBHI_final_database/154_4b4_Pl_mc_AKGC417L.txt,44100,20.0,0.19414602085557378,1.0001602172851562,0.0007879818594104308,-0.00016035679436754435,0.1924005257104232,1.0005974769592285,0.00018333333333333334,14.321062977515378,0.02895,27,0.16521753856985716,0.17264950774094512,0.18839480619962978,0.07130154208492445,0,0.001375,1.0005974769592285,False,0.0,crackles,8,14.708,0.573633396790862,0.0765252841083037,0.0241824299245107,0.9240207294047491,1.0708457120396567e-05,23.694636092379216,,False,,0.6021739130434782,0.6543478260869565,0.3239130434782609,0.4532608695652174,0.8228260869565217,0.33043478260869563,0.20434782608695654,0.4625,0.4217391304347826,0.5777173913043478,0.8864130434782609,0.55,0.325,0.616304347826087,0.5724293478260871
154,4b4,154_4b4,Pr,mc,AKGC417L,154_4b4_Pr_mc_AKGC417L,/nas/home/pcallandrone/DeepLearning/dataset/ICBHI_2017/ICBHI_final_database/154_4b4_Pr_mc_AKGC417L.wav,/nas/home/pcallandrone/DeepLearning/dataset/ICBHI_2017/ICBHI_final_database/154_4b4_Pr_mc_AKGC417L.txt,44100,20.0,0.09293669268513446,0.5043427348136902,0.0,-0.00012964857160113752,0.09409299151911969,0.5028231739997864,0.0,14.557160166138932,0.030516666666666668,27,0.08858244321029435,0.08984295961118742,0.09398756219759698,0.03875581653829121,0,0.0,0.5028231739997864,False,0.0,crackles,8,14.708,0.8490617351101442,0.07150039618125557,0.010522009340131953,0.9292873893583931,6.0549541087753685e-06,24.004073237136044,,False,,0.33369565217391306,0.4,0.3010869565217391,0.22391304347826088,0.9880434782608696,0.3032608695652174,0.28369565217391307,0.41956521739130437,0.7516304347826087,0.5777173913043478,0.8864130434782609,0.65,0.3358695652173913,0.6402173913043478,0.5062010869565218
155,2b1,155_2b1,Al,mc,LittC2SE,155_2b1_Al_mc_LittC2SE,/nas/home/pcallandrone/DeepLearning/dataset/ICBHI_2017/ICBHI_final_database/155_2b1_Al_mc_LittC2SE.wav,/nas/home/pcallandrone/DeepLearning/dataset/ICBHI_2017/ICBHI_final_database/155_2b1_Al_mc_LittC2SE.txt,44100,20.0,0.09708279672600403,0.45335525274276733,0.0,3.8673852031934075e-06,0.09810268442845065,0.4531886577606201,0.0,13.291962803629584,0.0185,27,0.07443842747389551,0.08030610623304747,0.09078029306487555,0.15244709962467373,0,0.0,0.4531886577606201,False,0.0,normal,4,14.807,1.0,0.007826066910196144,0.0012004958078320296,0.9921867172666282,8.986460445476995e-08,15.010974712448645,,False,,0.35,0.3673913043478261,0.02826086956521739,0.02826086956521739,0.3652173913043478,0.030434782608695653,0.8717391304347826,0.8543478260869565,0.7516304347826087,0.5929347826086957,0.19510869565217392,0.8347826086956521,0.13369565217391305,0.46630434782608693,0.4107228260869566
156,2b3,156_2b3,Al,mc,AKGC417L,156_2b3_Al_mc_AKGC417L,/nas/home/pcallandrone/DeepLearning/dataset/ICBHI_2017/ICBHI_final_database/156_2b3_Al_mc_AKGC417L.wav,/nas/home/pcallandrone/DeepLearning/dataset/ICBHI_2017/ICBHI_final_database/156_2b3_Al_mc_AKGC417L.txt,44100,20.0,0.014409111612639823,0.08926026523113251,0.0,2.5109531634370796e-05,0.014350333626668264,0.08240088075399399,0.0,15.18139705489581,0.027083333333333334,27,0.012404931672593126,0.013147202183507007,0.014372442669554971,0.06614420394040646,0,0.0,0.08240088075399399,False,0.0,both,5,12.911999999999999,0.0,0.09368092631154469,0.016080347821901445,0.9063879536762177,9.746264307281543e-07,25.656285420512887,,False,,0.04565217391304348,0.057608695652173914,0.3967391304347826,0.3119565217391304,0.866304347826087,0.4,0.6141304347826086,0.5396739130434782,0.7516304347826087,0.08423913043478261,0.4320652173913043,0.14402173913043478,0.3826086956521739,0.7108695652173913,0.3679456521739131
156,2b3,156_2b3,Ar,mc,AKGC417L,156_2b3_Ar_mc_AKGC417L,/nas/home/pcallandrone/DeepLearning/dataset/ICBHI_2017/ICBHI_final_database/156_2b3_Ar_mc_AKGC417L.wav,/nas/home/pcallandrone/DeepLearning/dataset/ICBHI_2017/ICBHI_final_database/156_2b3_Ar_mc_AKGC417L.txt,44100,20.0,0.004736234857496776,0.26492464542388916,0.0,7.990279300429393e-06,0.005365348716021945,0.26423853635787964,0.0,33.84796386396837,0.55255,27,0.0014367376542329057,0.0014901540156582844,0.0020811258210170036,1.008968239533658,0,0.0,0.26423853635787964,False,0.0,both,5,12.911999999999999,0.22963135068153662,0.38986025441673766,0.17533450702508852,0.6120447312010762,0.00012146722791799452,70.4757965022578,,False,,0.013043478260869565,0.0010869565217391304,0.8619565217391304,0.9097826086956522,0.002173913043478261,0.8684782608695653,0.057608695652173914,0.002173913043478261,0.7516304347826087,0.08423913043478261,0.4320652173913043,0.41195652173913044,0.9228260869565217,0.0010869565217391304,0.3801250000000001
156,2b3,156_2b3,Ll,mc,AKGC417L,156_2b3_Ll_mc_AKGC417L,/nas/home/pcallandrone/DeepLearning/dataset/ICBHI_2017/ICBHI_final_database/156_2b3_Ll_mc_AKGC417L.wav,/nas/home/pcallandrone/DeepLearning/dataset/ICBHI_2017/ICBHI_final_database/156_2b3_Ll_mc_AKGC417L.txt,44100,20.0,0.006583596936435702,0.035452816635370255,0.0,6.888024472573306e-06,0.006417375005650448,0.030277878046035767,0.0,13.475360203168158,0.021683333333333332,27,0.0052232550854859365,0.005610766442497008,0.006159157921686364,0.10976618119020813,0,0.0,0.030277878046035767,False,0.0,both,5,12.911999999999999,0.0,0.20020900925291835,0.026352605103506645,0.8001598516528169,5.659367135750583e-06,33.29791684651912,,False,,0.01956521739130435,0.020652173913043477,0.6673913043478261,0.4771739130434783,0.5478260869565217,0.6771739130434783,0.29239130434782606,0.7396739130434783,0.7516304347826087,0.08423913043478261,0.4320652173913043,0.14402173913043478,0.575,0.48695652173913045,0.391054347826087
156,2b3,156_2b3,Lr,mc,AKGC417L,156_2b3_Lr_mc_AKGC417L,/nas/home/pcallandrone/DeepLearning/dataset/ICBHI_2017/ICBHI_final_database/156_2b3_Lr_mc_AKGC417L.wav,/nas/home/pcallandrone/DeepLearning/dataset/ICBHI_2017/ICBHI_final_database/156_2b3_Lr_mc_AKGC417L.txt,44100,20.0,0.043044452634179386,0.2013670653104782,0.0,5.0951599405379966e-05,0.04217656816888391,0.20115786790847778,0.0,13.569315674613055,0.023816666666666667,27,0.03299260197431807,0.037324060092174406,0.04282710909175543,0.09557676113178222,0,0.0,0.20115786790847778,False,0.0,both,5,12.911999999999999,0.0,0.045981101898102124,0.010557446408896139,0.9545765658616596,3.288433693982099e-07,20.57095640966375,,False,,0.13043478260869565,0.14891304347826087,0.19891304347826086,0.225,0.6489130434782608,0.20434782608695654,0.7673913043478261,0.658695652173913,0.7516304347826087,0.08423913043478261,0.4320652173913043,0.14402173913043478,0.23804347826086958,0.5,0.32948369565217395
156,2b3,156_2b3,Pl,mc,AKGC417L,156_2b3_Pl_mc_AKGC417L,/nas/home/pcallandrone/DeepLearning/dataset/ICBHI_2017/ICBHI_final_database/156_2b3_Pl_mc_AKGC417L.wav,/nas/home/pcallandrone/DeepLearning/dataset/ICBHI_2017/ICBHI_final_database/156_2b3_Pl_mc_AKGC417L.txt,44100,20.0,0.027368096105513634,0.12307827919721603,0.0,2.7591735488385893e-05,0.02732975825346137,0.12244409322738647,0.0,13.026040952502012,0.01845,27,0.025154739789437445,0.026378157666345714,0.02726779734685339,0.039756902046210664,0,0.0,0.12244409322738647,False,0.0,both,5,12.911999999999999,0.0,0.7109713437991554,0.06797169965750414,0.7365835971944117,3.207762668277479e-06,54.792273465458635,,False,,0.08478260869565217,0.10326086956521739,0.9815217391304348,0.7260869565217392,0.9858695652173913,0.7630434782608696,0.391304347826087,0.8565217391304348,0.7516304347826087,0.08423913043478261,0.4320652173913043,0.14402173913043478,0.8391304347826087,0.4380434782608696,0.5470815217391305
156,2b3,156_2b3,Pr,mc,AKGC417L,156_2b3_Pr_mc_AKGC417L,/nas/home/pcallandrone/DeepLearning/dataset/ICBHI_2017/ICBHI_final_database/156_2b3_Pr_mc_AKGC417L.wav,/nas/home/pcallandrone/DeepLearning/dataset/ICBHI_2017/ICBHI_final_database/156_2b3_Pr_mc_AKGC417L.txt,44100,20.0,0.04901664795093792,0.3805926442146301,0.0,1.733168392092921e-05,0.04684536216609232,0.3356877267360687,0.0,17.105377225184775,0.03663333333333333,27,0.03534189046635633,0.03640075730030205,0.04637753366672717,0.15749795246527,0,0.0,0.3356877267360687,False,0.0,crackles,5,12.911999999999999,0.0,0.15272149987217587,0.02667632742388417,0.8479468547912139,6.310117032562129e-06,31.57606733215114,,False,,0.14347826086956522,0.14130434782608695,0.5706521739130435,0.4815217391304348,0.34130434782608693,0.5771739130434783,0.27608695652173915,0.3119565217391304,0.7516304347826087,0.08423913043478261,0.4320652173913043,0.14402173913043478,0.5402173913043479,0.9173913043478261,0.3710706521739131
156,5b3,156_5b3,Al,mc,AKGC417L,156_5b3_Al_mc_AKGC417L,/nas/home/pcallandrone/DeepLearning/dataset/ICBHI_2017/ICBHI_final_database/156_5b3_Al_mc_AKGC417L.wav,/nas/home/pcallandrone/DeepLearning/dataset/ICBHI_2017/ICBHI_final_database/156_5b3_Al_mc_AKGC417L.txt,44100,20.0,0.029566964105107462,0.1960020512342453,0.0,6.716780262649991e-06,0.029521473101181972,0.19544686377048492,0.0,16.417813595567964,0.031083333333333334,27,0.025427555723640714,0.02677117514505716,0.02894493356627036,0.06846711570698404,0,0.0,0.19544686377048492,False,0.0,both,7,14.984,0.0,0.21774819402687964,0.049796444007254755,0.7825930912992943,4.456118459717006e-06,37.929223467224816,,False,,0.08804347826086957,0.10434782608695652,0.6923913043478261,0.6619565217391304,0.8510869565217392,0.7021739130434783,0.33260869565217394,0.40543478260869564,0.7516304347826087,0.9657608695652173,0.7880434782608695,0.14402173913043478,0.6684782608695652,0.8478260869565217,0.5342391304347828
156,5b3,156_5b3,Ar,mc,AKGC417L,156_5b3_Ar_mc_AKGC417L,/nas/home/pcallandrone/DeepLearning/dataset/ICBHI_2017/ICBHI_final_database/156_5b3_Ar_mc_AKGC417L.wav,/nas/home/pcallandrone/DeepLearning/dataset/ICBHI_2017/ICBHI_final_database/156_5b3_Ar_mc_AKGC417L.txt,44100,20.0,0.07004488684766318,0.9513899683952332,0.0,3.759153332794085e-05,0.07173087119059439,0.4467240273952484,0.0,15.886664117344175,0.03638333333333333,27,0.05476858932878292,0.0576641449145116,0.06404560548863954,0.1634984666701245,0,0.0,0.4467240273952484,False,0.0,both,7,14.984,0.0,0.03690254839786191,0.019331342078200513,0.9631431043933975,4.391603340826754e-06,19.289199353992043,,False,,0.2358695652173913,0.27065217391304347,0.17173913043478262,0.3706521739130435,0.31956521739130433,0.1782608695652174,0.33369565217391306,0.3173913043478261,0.7516304347826087,0.9657608695652173,0.7880434782608695,0.14402173913043478,0.20543478260869566,0.8065217391304348,0.3676304347826087
156,5b3,156_5b3,Ll,mc,AKGC417L,156_5b3_Ll_mc_AKGC417L,/nas/home/pcallandrone/DeepLearning/dataset/ICBHI_2017/ICBHI_final_database/156_5b3_Ll_mc_AKGC417L.wav,/nas/home/pcallandrone/DeepLearning/dataset/ICBHI_2017/ICBHI_final_database/156_5b3_Ll_mc_AKGC417L.txt,44100,20.0,0.04367589784375605,0.718910276889801,0.0,-4.731392522216993e-08,0.03977139980394572,0.7191295027732849,0.0,25.14472456921974,0.10026666666666667,27,0.020850338758115462,0.024774919495233444,0.038903528612384636,0.2654149360147174,0,0.0,0.7191295027732849,False,0.0,both,7,14.984,0.0,0.3563768617142684,0.2504193787722283,0.6434717517525422,0.0014007020517102465,70.95774562951185,,False,,0.11956521739130435,0.10108695652173913,0.8434782608695652,0.9521739130434783,0.14021739130434782,0.8532608695652174,0.009782608695652175,0.043478260869565216,0.7516304347826087,0.9657608695652173,0.7880434782608695,0.14402173913043478,0.925,0.20108695652173914,0.47904347826086957
156,5b3,156_5b3,Lr,mc,AKGC417L,156_5b3_Lr_mc_AKGC417L,/nas/home/pcallandrone/DeepLearning/dataset/ICBHI_2017/ICBHI_final_database/156_5b3_Lr_mc_AKGC417L.wav,/nas/home/pcallandrone/DeepLearning/dataset/ICBHI_2017/ICBHI_final_database/156_5b3_Lr_mc_AKGC417L.txt,44100,20.0,0.06424786687307284,0.7562445402145386,0.0,3.2551924959989265e-05,0.0612371253306118,0.7551718950271606,0.0,21.82062045161463,0.057166666666666664,27,0.04797969368564513,0.048925666320855106,0.0586427332504385,0.18217450882626415,0,0.0,0.7551718950271606,False,0.0,both,7,14.984,0.0,0.18136474378945294,0.07707794608341798,0.8189298091835042,3.1042903112645226e-06,35.415143720264716,,False,,0.1967391304347826,0.21739130434782608,0.6315217391304347,0.7521739130434782,0.2597826086956522,0.6423913043478261,0.4,0.12717391304347825,0.7516304347826087,0.9657608695652173,0.7880434782608695,0.14402173913043478,0.6228260869565218,0.5956521739130435,0.4872608695652175
156,5b3,156_5b3,Pl,mc,AKGC417L,156_5b3_Pl_mc_AKGC417L,/nas/home/pcallandrone/DeepLearning/dataset/ICBHI_2017/ICBHI_final_database/156_5b3_Pl_mc_AKGC417L.wav,/nas/home/pcallandrone/DeepLearning/dataset/ICBHI_2017/ICBHI_final_database/156_5b3_Pl_mc_AKGC417L.txt,44100,20.0,0.06059266789032118,1.000068187713623,0.0005861678004535147,-6.831796781625599e-05,0.048992733565925775,1.0071977376937866,8.333333333333333e-05,26.25966137981342,0.13443333333333332,27,0.028280859115913902,0.0328492421571383,0.044749545887758986,0.27751053407864956,0,0.000625,1.0071977376937866,False,0.0,both,7,14.984,0.0,0.1827924051386906,0.11102526529453002,0.8172281914009272,6.204955706068789e-07,43.49963688551796,,False,,0.14891304347826087,0.13260869565217392,0.6347826086956522,0.8184782608695652,0.12391304347826088,0.6467391304347826,0.6869565217391305,0.025,0.45163043478260867,0.9657608695652173,0.7880434782608695,0.14402173913043478,0.7489130434782608,0.15,0.4595760869565218
156,5b3,156_5b3,Pr,mc,AKGC417L,156_5b3_Pr_mc_AKGC417L,/nas/home/pcallandrone/DeepLearning/dataset/ICBHI_2017/ICBHI_final_database/156_5b3_Pr_mc_AKGC417L.wav,/nas/home/pcallandrone/DeepLearning/dataset/ICBHI_2017/ICBHI_final_database/156_5b3_Pr_mc_AKGC417L.txt,44100,20.0,0.04162038464003561,0.1879163533449173,0.0,2.1178386305109598e-05,0.04248655614220705,0.18389588594436646,0.0,12.726409655696347,0.02005,27,0.039131643545770665,0.03928134561359995,0.04240832487243011,0.058082920488502665,0,0.0,0.18389588594436646,False,0.0,both,7,14.984,0.0,0.3070605882406548,0.023918557102746443,0.8116540307242732,7.772560507085988e-07,35.830132549589116,,False,,0.13260869565217392,0.15978260869565217,0.8032608695652174,0.44565217391304346,0.9173913043478261,0.6630434782608695,0.6521739130434783,0.8027173913043478,0.7516304347826087,0.9657608695652173,0.7880434782608695,0.14402173913043478,0.6282608695652174,0.39565217391304347,0.5817119565217391
156,8b3,156_8b3,Al,mc,AKGC417L,156_8b3_Al_mc_AKGC417L,/nas/home/pcallandrone/DeepLearning/dataset/ICBHI_2017/ICBHI_final_database/156_8b3_Al_mc_AKGC417L.wav,/nas/home/pcallandrone/DeepLearning/dataset/ICBHI_2017/ICBHI_final_database/156_8b3_Al_mc_AKGC417L.txt,44100,20.0,0.031004250734819102,0.15159937739372253,0.0,1.4452492905547842e-05,0.031068607732588484,0.15152877569198608,0.0,13.76346642165496,0.022216666666666666,27,0.02729566088661491,0.028726889137389598,0.03125287861755755,0.057815065148637844,0,0.0,0.15152877569198608,False,0.0,both,6,13.065,0.1722158438576349,0.053446937603361194,0.0039981933571290006,0.9469081456497487,4.5349368157408275e-07,20.773149502219656,,False,,0.09456521739130434,0.11956521739130435,0.23152173913043478,0.11413043478260869,0.9228260869565217,0.23695652173913043,0.7293478260869565,0.7195652173913043,0.7516304347826087,0.11630434782608695,0.6375,0.37717391304347825,0.24565217391304348,0.5239130434782608,0.3736413043478261
156,8b3,156_8b3,Ar,mc,AKGC417L,156_8b3_Ar_mc_AKGC417L,/nas/home/pcallandrone/DeepLearning/dataset/ICBHI_2017/ICBHI_final_database/156_8b3_Ar_mc_AKGC417L.wav,/nas/home/pcallandrone/DeepLearning/dataset/ICBHI_2017/ICBHI_final_database/156_8b3_Ar_mc_AKGC417L.txt,44100,20.0,0.04236966727610655,1.0000288486480713,2.2675736961451247e-06,2.889420102292206e-05,0.039487426551381405,0.2531556487083435,0.0,16.13857580238548,0.0303,27,0.03597182828257248,0.03712045205624561,0.039205680676133656,0.042551553930102105,0,0.0,0.2531556487083435,False,0.0,both,6,13.065,0.13892078071182545,0.19417045282253817,0.07522066533969748,0.8223963031694114,0.0010752195893550024,64.69112186629187,,False,,0.11630434782608695,0.14782608695652175,0.6608695652173913,0.75,0.9804347826086957,0.6315217391304347,0.013043478260869565,0.4266304347826087,0.7516304347826087,0.11630434782608695,0.6375,0.34347826086956523,0.8956521739130435,0.8206521739130435,0.4913423913043479
156,8b3,156_8b3,Ll,mc,AKGC417L,156_8b3_Ll_mc_AKGC417L,/nas/home/pcallandrone/DeepLearning/dataset/ICBHI_2017/ICBHI_final_database/156_8b3_Ll_mc_AKGC417L.wav,/nas/home/pcallandrone/DeepLearning/dataset/ICBHI_2017/ICBHI_final_database/156_8b3_Ll_mc_AKGC417L.txt,44100,20.0,0.26987001849849446,1.0000981092453003,0.001764172335600907,9.805893205339089e-05,0.26953909068441617,1.0011073350906372,0.0014666666666666667,11.397177687796722,0.017966666666666666,27,0.22120547337085247,0.24503724399153218,0.26153518950078103,0.0888772494133576,0,0.0105,1.0011073350906372,False,0.0,both,6,13.065,0.0,0.07881675165453113,0.007131768164977932,0.9214873282321433,1.01465860424682e-06,23.69669071368564,,False,,0.7815217391304348,0.8184782608695652,0.3402173913043478,0.1565217391304348,0.6978260869565217,0.3467391304347826,0.6076086956521739,0.8728260869565218,0.32554347826086955,0.11630434782608695,0.6375,0.14402173913043478,0.32608695652173914,0.24021739130434783,0.5590760869565218
156,8b3,156_8b3,Lr,mc,AKGC417L,156_8b3_Lr_mc_AKGC417L,/nas/home/pcallandrone/DeepLearning/dataset/ICBHI_2017/ICBHI_final_database/156_8b3_Lr_mc_AKGC417L.wav,/nas/home/pcallandrone/DeepLearning/dataset/ICBHI_2017/ICBHI_final_database/156_8b3_Lr_mc_AKGC417L.txt,44100,20.0,0.011766204347126606,0.06766301393508911,0.0,2.42579189944081e-05,0.01098368287721546,0.046343207359313965,0.0,12.504761963398554,0.019,27,0.009234422292174901,0.009515826547464044,0.010679788404150115,0.10300116535995897,0,0.0,0.046343207359313965,False,0.0,normal,6,13.065,1.0,0.08610645937209639,0.022922644602020266,0.9138198911958597,0.0003481384014695879,39.801253335500874,,False,,0.035869565217391305,0.04021739130434782,0.3673913043478261,0.43043478260869567,0.592391304347826,0.3717391304347826,0.02608695652173913,0.8402173913043478,0.7516304347826087,0.11630434782608695,0.6375,0.8347826086956521,0.7,0.3641304347826087,0.37918478260869565
156,8b3,156_8b3,Pl,mc,AKGC417L,156_8b3_Pl_mc_AKGC417L,/nas/home/pcallandrone/DeepLearning/dataset/ICBHI_2017/ICBHI_final_database/156_8b3_Pl_mc_AKGC417L.wav,/nas/home/pcallandrone/DeepLearning/dataset/ICBHI_2017/ICBHI_final_database/156_8b3_Pl_mc_AKGC417L.txt,44100,20.0,0.14239897641148053,0.9999983906745911,4.761904761904762e-05,-1.6229590755756362e-06,0.13668155560177014,0.6910288333892822,0.0,14.075725111041324,0.024566666666666667,27,0.11053119950360003,0.11983422270258139,0.13742963549337472,0.088628764104111,0,0.0,0.6910288333892822,False,0.0,both,6,13.065,0.0,0.2960196435548904,0.08838069130827203,0.7039814804448584,9.413357235178738e-06,42.01432914813758,,False,,0.47391304347826085,0.5021739130434782,0.7913043478260869,0.7760869565217391,0.6989130434782609,0.8021739130434783,0.21304347826086956,0.6271739130434782,0.7516304347826087,0.11630434782608695,0.6375,0.14402173913043478,0.725,0.5739130434782609,0.6076195652173914
157,1b1,157_1b1,Al,sc,Meditron,157_1b1_Al_sc_Meditron,/nas/home/pcallandrone/DeepLearning/dataset/ICBHI_2017/ICBHI_final_database/157_1b1_Al_sc_Meditron.wav,/nas/home/pcallandrone/DeepLearning/dataset/ICBHI_2017/ICBHI_final_database/157_1b1_Al_sc_Meditron.txt,4000,65.05,0.3470009125123822,1.0084929466247559,0.028105303612605687,-0.008523479104042053,0.22201166194700603,1.0084929466247559,0.002266666666666667,13.145941540333341,0.018366666666666667,27,0.15912002810354123,0.16643855273940264,0.20319882050433777,0.20840267373192647,0,0.017,1.0084929466247559,False,0.0,normal,3,13.4997,1.0,0.018300026922571426,0.001478445183124255,0.9913800306675502,4.1426667496493974e-07,5.256174410279365,,False,,0.6826086956521739,0.6315217391304347,0.08478260869565217,0.03695652173913044,0.2108695652173913,0.0391304347826087,0.741304347826087,0.8608695652173913,0.2891304347826087,0.17173913043478262,0.043478260869565216,0.8347826086956521,0.003260869565217391,0.45,0.4347173913043479
157,1b1,157_1b1,Ar,sc,Meditron,157_1b1_Ar_sc_Meditron,/nas/home/pcallandrone/DeepLearning/dataset/ICBHI_2017/ICBHI_final_database/157_1b1_Ar_sc_Meditron.wav,/nas/home/pcallandrone/DeepLearning/dataset/ICBHI_2017/ICBHI_final_database/157_1b1_Ar_sc_Meditron.txt,4000,65.05,0.3533105233910704,1.0139272212982178,0.048136049192928514,-0.013957771472632885,0.20244071573427036,1.0139272212982178,3.3333333333333335e-05,13.994178371417105,0.0245,27,0.1406065410093791,0.14817783039445961,0.1855472657365857,0.17196820346095623,0,0.00025,1.0139272212982178,False,0.0,normal,3,13.0905,1.0,0.07057255102219066,0.0072640865589155765,0.9611259297456558,7.38143962548155e-07,11.51460918062182,,False,,0.6304347826086957,0.5815217391304348,0.29347826086956524,0.15869565217391304,0.28804347826086957,0.1815217391304348,0.6630434782608695,0.633695652173913,0.4722826086956522,0.12608695652173912,0.043478260869565216,0.8347826086956521,0.06195652173913044,0.5554347826086956,0.46707065217391314
157,1b1,157_1b1,Lr,sc,Meditron,157_1b1_Lr_sc_Meditron,/nas/home/pcallandrone/DeepLearning/dataset/ICBHI_2017/ICBHI_final_database/157_1b1_Lr_sc_Meditron.wav,/nas/home/pcallandrone/DeepLearning/dataset/ICBHI_2017/ICBHI_final_database/157_1b1_Lr_sc_Meditron.txt,4000,66.5,0.2439111235353456,1.0308016538619995,0.002142857142857143,-0.03083217516541481,0.1957240046095405,1.0308016538619995,0.00023333333333333333,14.430620268004862,0.022266666666666667,27,0.16006968466585916,0.1672803356474911,0.18911310447061835,0.10427156454585527,0,0.000875,1.0308016538619995,False,0.0,unknown,0,0.0,1.0,0.2898903881416183,0.014838212770023855,0.8923676388034861,1.822495546277009e-06,30.102369150499005,,False,,0.6108695652173913,0.633695652173913,0.783695652173913,0.29130434782608694,0.5826086956521739,0.4467391304347826,0.4989130434782609,0.7157608695652173,0.4146739130434783,0.0010869565217391304,0.0010869565217391304,0.8347826086956521,0.5065217391304347,0.6304347826086957,0.5992173913043477
157,1b1,157_1b1,Pl,sc,Meditron,157_1b1_Pl_sc_Meditron,/nas/home/pcallandrone/DeepLearning/dataset/ICBHI_2017/ICBHI_final_database/157_1b1_Pl_sc_Meditron.wav,/nas/home/pcallandrone/DeepLearning/dataset/ICBHI_2017/ICBHI_final_database/157_1b1_Pl_sc_Meditron.txt,4000,63.1,0.33751997121086014,1.0091410875320435,0.016148969889064977,-0.009171636775135994,0.32596956742511857,1.0091410875320435,0.02085,9.815496653981793,0.018483333333333334,27,0.10996845546644049,0.12372440043530049,0.23230200349174074,0.5149567830496276,0,0.093,1.0091410875320435,False,0.0,normal,4,13.8092,1.0,0.042053233947617376,0.0010321041649959256,0.9895493324362882,4.9961513378139e-07,3.8498360775999743,,False,,0.85,0.5130434782608696,0.18695652173913044,0.02391304347826087,0.021739130434782608,0.04891304347826087,0.7184782608695652,0.8554347826086957,0.11195652173913044,0.25,0.19510869565217392,0.8347826086956521,0.0010869565217391304,0.15108695652173912,0.4291141304347827
157,1b1,157_1b1,Pr,sc,Meditron,157_1b1_Pr_sc_Meditron,/nas/home/pcallandrone/DeepLearning/dataset/ICBHI_2017/ICBHI_final_database/157_1b1_Pr_sc_Meditron.wav,/nas/home/pcallandrone/DeepLearning/dataset/ICBHI_2017/ICBHI_final_database/157_1b1_Pr_sc_Meditron.txt,4000,63.1,0.3234503572037758,1.0019807815551758,0.023664817749603804,0.002011304721236229,0.1909911329893724,1.0019807815551758,0.0003,14.396923727737622,0.023216666666666667,27,0.149042798485591,0.16199895429750358,0.1814481054055681,0.11457824348595783,0,0.00225,1.0019807815551758,False,0.0,crackles,5,13.6159,0.0,0.054267521470183995,0.004076594806794319,0.978966036260949,1.6464084307782722e-06,10.393485255051244,,False,,0.5978260869565217,0.6152173913043478,0.23695652173913043,0.11630434782608695,0.5163043478260869,0.10760869565217392,0.5152173913043478,0.6815217391304348,0.40597826086956523,0.20326086956521738,0.4320652173913043,0.14402173913043478,0.043478260869565216,0.6260869565217392,0.42564130434782615
158,1b3,158_1b3,Ar,mc,LittC2SE,158_1b3_Ar_mc_LittC2SE,/nas/home/pcallandrone/DeepLearning/dataset/ICBHI_2017/ICBHI_final_database/158_1b3_Ar_mc_LittC2SE.wav,/nas/home/pcallandrone/DeepLearning/dataset/ICBHI_2017/ICBHI_final_database/158_1b3_Ar_mc_LittC2SE.txt,44100,20.0,0.0169904604667382,0.11084683984518051,0.0,-2.705202177821775e-06,0.018153380130745973,0.1108003482222557,0.0,15.711672420992848,0.029033333333333335,27,0.013096950104071248,0.013573695300901339,0.015485477031348413,0.24961335708067198,0,0.0,0.1108003482222557,False,0.0,crackles,8,14.921,0.4757724013135849,0.022357652126734094,0.002104357110320855,0.9776745005713594,3.447177140957771e-07,16.14296923035678,,False,,0.057608695652173914,0.06086956521739131,0.10326086956521739,0.058695652173913045,0.1608695652173913,0.11195652173913044,0.7554347826086957,0.45760869565217394,0.7516304347826087,0.6891304347826087,0.8864130434782609,0.5152173913043478,0.15543478260869564,0.7869565217391304,0.2985760869565217
158,1p2,158_1p2,Al,mc,AKGC417L,158_1p2_Al_mc_AKGC417L,/nas/home/pcallandrone/DeepLearning/dataset/ICBHI_2017/ICBHI_final_database/158_1p2_Al_mc_AKGC417L.wav,/nas/home/pcallandrone/DeepLearning/dataset/ICBHI_2017/ICBHI_final_database/158_1p2_Al_mc_AKGC417L.txt,44100,20.0,0.2597550435274755,1.00062894821167,0.0029591836734693877,0.0006289880257099867,0.23009222670045018,1.0057873725891113,0.0012166666666666667,12.812084634041836,0.02525,27,0.1994305082399809,0.2048374475531346,0.2319991257264133,0.08411626743452753,0,0.004375,1.0057873725891113,False,0.0,both,6,14.224,0.5081552305961754,0.17263726564347182,0.045745236261569254,0.8274341558420878,1.121446301340033e-06,30.459950804930617,,False,,0.6989130434782609,0.7391304347826086,0.6076086956521739,0.6391304347826087,0.7467391304347826,0.6184782608695653,0.592391304347826,0.5956521739130435,0.3375,0.39456521739130435,0.6375,0.528804347826087,0.5173913043478261,0.4043478260869565,0.6841739130434783
158,1p2,158_1p2,Ar,mc,AKGC417L,158_1p2_Ar_mc_AKGC417L,/nas/home/pcallandrone/DeepLearning/dataset/ICBHI_2017/ICBHI_final_database/158_1p2_Ar_mc_AKGC417L.wav,/nas/home/pcallandrone/DeepLearning/dataset/ICBHI_2017/ICBHI_final_database/158_1p2_Ar_mc_AKGC417L.txt,44100,20.0,0.260102604918301,1.0001448392868042,0.001497732426303855,-0.00014492047193925828,0.2514583808822387,1.0030759572982788,0.0012166666666666667,12.017354118536009,0.0248,27,0.194491328416783,0.22086394206569504,0.2637773231931845,0.09123845898095508,0,0.006625,1.0030759572982788,False,0.0,both,6,14.224,0.5081552305961754,0.2210790147727218,0.03592131760702162,0.7806817170548812,2.4109272257638403e-07,36.5805044563709,,False,,0.7445652173913043,0.7782608695652173,0.6989130434782609,0.5652173913043478,0.6826086956521739,0.7054347826086956,0.7989130434782609,0.6168478260869565,0.3375,0.39456521739130435,0.6375,0.528804347826087,0.6391304347826087,0.3076086956521739,0.7226902173913042
158,1p2,158_1p2,Ll,mc,AKGC417L,158_1p2_Ll_mc_AKGC417L,/nas/home/pcallandrone/DeepLearning/dataset/ICBHI_2017/ICBHI_final_database/158_1p2_Ll_mc_AKGC417L.wav,/nas/home/pcallandrone/DeepLearning/dataset/ICBHI_2017/ICBHI_final_database/158_1p2_Ll_mc_AKGC417L.txt,44100,20.0,0.14076635703286539,0.9943878650665283,0.0,0.00013434136053547263,0.13532922719766638,0.8355776071548462,0.0,15.811903812212364,0.03593333333333333,27,0.10183165140307372,0.11608806026678607,0.13795191624572056,0.11328591088080238,0,0.0,0.8355776071548462,False,0.0,both,6,14.224,0.0,0.3521311635081987,0.06488921807670911,0.6504529281035942,2.770108148184411e-06,46.10179709369053,,False,,0.4706521739130435,0.4956521739130435,0.8391304347826087,0.716304347826087,0.5228260869565218,0.8467391304347827,0.42391304347826086,0.325,0.7516304347826087,0.39456521739130435,0.6375,0.14402173913043478,0.7815217391304348,0.7945652173913044,0.6195760869565216
158,1p2,158_1p2,Lr,mc,AKGC417L,158_1p2_Lr_mc_AKGC417L,/nas/home/pcallandrone/DeepLearning/dataset/ICBHI_2017/ICBHI_final_database/158_1p2_Lr_mc_AKGC417L.wav,/nas/home/pcallandrone/DeepLearning/dataset/ICBHI_2017/ICBHI_final_database/158_1p2_Lr_mc_AKGC417L.txt,44100,20.0,0.23835067310492664,1.0004963874816895,0.0003287981859410431,0.0004964161780662835,0.23755662531884011,1.0031377077102661,0.00031666666666666665,12.511868168266538,0.024883333333333334,27,0.20721609999862511,0.21862273035414667,0.23824049786275067,0.06834080084231475,0,0.001375,1.0031377077102661,False,0.0,both,6,14.224,0.3321147356580427,0.16254532836385352,0.03589459935363162,0.8383481121414895,2.562105299397911e-06,31.401536640887226,,False,,0.7152173913043478,0.7728260869565218,0.591304347826087,0.5641304347826087,0.8532608695652174,0.5934782608695652,0.4380434782608696,0.6119565217391304,0.4027173913043478,0.39456521739130435,0.6375,0.4717391304347826,0.5358695652173913,0.36630434782608695,0.6794130434782608
158,1p2,158_1p2,Pl,mc,AKGC417L,158_1p2_Pl_mc_AKGC417L,/nas/home/pcallandrone/DeepLearning/dataset/ICBHI_2017/ICBHI_final_database/158_1p2_Pl_mc_AKGC417L.wav,/nas/home/pcallandrone/DeepLearning/dataset/ICBHI_2017/ICBHI_final_database/158_1p2_Pl_mc_AKGC417L.txt,44100,20.0,0.3684048805326363,1.0000840425491333,0.012353741496598639,-8.416959462920204e-05,0.35376802159915366,1.002887487411499,0.00775,9.050672797174292,0.017983333333333334,27,0.3007350310421471,0.32481394090685933,0.3585794802714038,0.06958768630510426,0,0.021125,1.002887487411499,False,0.0,both,6,14.224,0.0,0.08217704687262259,0.02437554995980853,0.9181023731913583,1.0423818036400194e-07,23.266662655799713,,False,,0.8880434782608696,0.9152173913043479,0.35434782608695653,0.45652173913043476,0.8391304347826087,0.3576086956521739,0.8608695652173913,0.8706521739130435,0.18043478260869567,0.39456521739130435,0.6375,0.14402173913043478,0.3130434782608696,0.11195652173913044,0.6612771739130435
158,1p2,158_1p2,Pr,mc,AKGC417L,158_1p2_Pr_mc_AKGC417L,/nas/home/pcallandrone/DeepLearning/dataset/ICBHI_2017/ICBHI_final_database/158_1p2_Pr_mc_AKGC417L.wav,/nas/home/pcallandrone/DeepLearning/dataset/ICBHI_2017/ICBHI_final_database/158_1p2_Pr_mc_AKGC417L.txt,44100,20.0,0.33601419479232814,1.000159502029419,0.005892290249433107,0.00015946220082696527,0.3272543288024235,1.002113938331604,0.005916666666666666,9.720634053196362,0.02095,27,0.26672074158677045,0.27793578759858245,0.3260751132870622,0.09686823203329226,0,0.014875,1.002113938331604,False,0.0,both,6,14.224,0.1595894263217098,0.05722960448942226,0.010779975206932248,0.9429045409031402,2.192295427450861e-07,20.244585107221837,,False,,0.8510869565217392,0.8695652173913043,0.24239130434782608,0.22826086956521738,0.6413043478260869,0.24565217391304348,0.808695652173913,0.7657608695652174,0.20217391304347826,0.39456521739130435,0.6375,0.3630434782608696,0.22934782608695653,0.14891304347826087,0.592054347826087
158,1p2,158_1p2,Tc,mc,AKGC417L,158_1p2_Tc_mc_AKGC417L,/nas/home/pcallandrone/DeepLearning/dataset/ICBHI_2017/ICBHI_final_database/158_1p2_Tc_mc_AKGC417L.wav,/nas/home/pcallandrone/DeepLearning/dataset/ICBHI_2017/ICBHI_final_database/158_1p2_Tc_mc_AKGC417L.txt,44100,20.0,0.22067518046267867,1.0000580549240112,0.00036167800453514737,5.800357030238956e-05,0.21448175410429673,1.0005435943603516,0.00048333333333333334,13.376913257790406,0.028183333333333335,27,0.161962751118262,0.1791441178721551,0.20998097096420534,0.13231595347529565,0,0.003625,1.0005435943603516,False,0.0,crackles,6,14.224,0.6760404949381327,0.050644631921637734,0.01406584548292288,0.949529477854348,5.075587239613706e-07,26.81753050244278,,False,,0.6597826086956522,0.675,0.21956521739130436,0.28043478260869564,0.43043478260869567,0.22608695652173913,0.7152173913043478,0.49619565217391304,0.3766304347826087,0.39456521739130435,0.6375,0.575,0.4141304347826087,0.47934782608695653,0.5246793478260869
158,1p3,158_1p3,Al,mc,AKGC417L,158_1p3_Al_mc_AKGC417L,/nas/home/pcallandrone/DeepLearning/dataset/ICBHI_2017/ICBHI_final_database/158_1p3_Al_mc_AKGC417L.wav,/nas/home/pcallandrone/DeepLearning/dataset/ICBHI_2017/ICBHI_final_database/158_1p3_Al_mc_AKGC417L.txt,44100,20.0,0.32663008594765386,1.0000923871994019,0.015633786848072564,-9.244962711818516e-05,0.3424114822297317,1.0137875080108643,0.015133333333333334,9.427972314872012,0.01863333333333333,27,0.28745285485738453,0.29423074625862045,0.31426670259501827,0.18886257430925257,0,0.059,1.0137875080108643,False,0.0,both,7,14.391,0.0,0.2976746836620844,0.14819568037954545,0.7023857166831446,1.6675440416921565e-06,44.147116206824954,,False,,0.8739130434782608,0.8891304347826087,0.7923913043478261,0.8847826086956522,0.24782608695652175,0.8043478260869565,0.5119565217391304,0.8505434782608695,0.13478260869565217,0.453804347826087,0.7880434782608695,0.14402173913043478,0.7597826086956522,0.12934782608695652,0.7272282608695653
158,1p3,158_1p3,Ar,mc,AKGC417L,158_1p3_Ar_mc_AKGC417L,/nas/home/pcallandrone/DeepLearning/dataset/ICBHI_2017/ICBHI_final_database/158_1p3_Ar_mc_AKGC417L.wav,/nas/home/pcallandrone/DeepLearning/dataset/ICBHI_2017/ICBHI_final_database/158_1p3_Ar_mc_AKGC417L.txt,44100,20.0,0.31855469848429413,1.0002316236495972,0.011249433106575963,0.0002316123282071203,0.3352474064252012,1.0129570960998535,0.0119,9.604512486595198,0.020466666666666668,27,0.2488197334032158,0.2645568444706545,0.33221835069535643,0.1819639064817353,0,0.0355,1.0129570960998535,False,0.0,both,7,14.391,0.0,0.27413581067711873,0.12653226884157392,0.7261973960843225,5.214516910410581e-07,42.89898828343322,,False,,0.8576086956521739,0.85,0.7597826086956522,0.8510869565217392,0.2619565217391304,0.7760869565217391,0.7108695652173913,0.7847826086956522,0.15217391304347827,0.453804347826087,0.7880434782608695,0.14402173913043478,0.7391304347826086,0.1391304347826087,0.720679347826087
158,1p3,158_1p3,Ll,mc,AKGC417L,158_1p3_Ll_mc_AKGC417L,/nas/home/pcallandrone/DeepLearning/dataset/ICBHI_2017/ICBHI_final_database/158_1p3_Ll_mc_AKGC417L.wav,/nas/home/pcallandrone/DeepLearning/dataset/ICBHI_2017/ICBHI_final_database/158_1p3_Ll_mc_AKGC417L.txt,44100,20.0,0.45336039340450895,1.000098705291748,0.0613140589569161,9.873131784843281e-05,0.4725866733956434,1.0471794605255127,0.055733333333333336,6.910792891308012,0.015333333333333332,27,0.390757034097885,0.40359136541785795,0.43101933969062567,0.1670157563216749,0,0.183875,1.0471794605255127,False,0.0,both,7,14.391,0.0,0.4988733185635395,0.16334771436254794,0.5012877318633572,4.366974197830838e-06,61.62096155150972,,False,,0.9684782608695652,0.9608695652173913,0.9239130434782609,0.8989130434782608,0.30543478260869567,0.9304347826086956,0.33695652173913043,0.9510869565217391,0.04021739130434782,0.453804347826087,0.7880434782608695,0.14402173913043478,0.8815217391304347,0.03804347826086957,0.7810271739130434
158,1p3,158_1p3,Lr,mc,AKGC417L,158_1p3_Lr_mc_AKGC417L,/nas/home/pcallandrone/DeepLearning/dataset/ICBHI_2017/ICBHI_final_database/158_1p3_Lr_mc_AKGC417L.wav,/nas/home/pcallandrone/DeepLearning/dataset/ICBHI_2017/ICBHI_final_database/158_1p3_Lr_mc_AKGC417L.txt,44100,20.0,0.29309566779176244,1.0000946521759033,0.004289115646258504,-9.473303362028673e-05,0.2996807464899765,1.0090144872665405,0.004666666666666667,10.544771196557981,0.020866666666666665,27,0.24987003702856875,0.26030412407844405,0.28710388709503,0.11920332043029387,0,0.014625,1.0090144872665405,False,0.0,both,7,14.391,0.0,0.2388389475952096,0.10179936955095441,0.7622760976506272,3.4477659090568416e-06,40.67745410629619,,False,,0.825,0.8467391304347827,0.725,0.808695652173913,0.4934782608695652,0.7347826086956522,0.375,0.7733695652173913,0.22608695652173913,0.453804347826087,0.7880434782608695,0.14402173913043478,0.7097826086956521,0.18478260869565216,0.7048369565217392
158,1p3,158_1p3,Pl,mc,AKGC417L,158_1p3_Pl_mc_AKGC417L,/nas/home/pcallandrone/DeepLearning/dataset/ICBHI_2017/ICBHI_final_database/158_1p3_Pl_mc_AKGC417L.wav,/nas/home/pcallandrone/DeepLearning/dataset/ICBHI_2017/ICBHI_final_database/158_1p3_Pl_mc_AKGC417L.txt,44100,20.0,0.43175211811426806,1.0006544589996338,0.038688208616780045,0.0006544595817103982,0.4443102240517842,1.0122931003570557,0.03758333333333334,7.152399394758496,0.016433333333333335,27,0.3837101279683535,0.3948544299278714,0.43232614256295576,0.10553853744192906,0,0.08675,1.0122931003570557,False,0.0,both,7,14.391,0.0,0.13974327583157653,0.0689065194104937,0.8607392138372981,5.516071780805852e-07,29.947659134544008,,False,,0.9543478260869566,0.9576086956521739,0.533695652173913,0.7326086956521739,0.575,0.5391304347826087,0.7010869565217391,0.9195652173913044,0.05543478260869565,0.453804347826087,0.7880434782608695,0.14402173913043478,0.5021739130434782,0.04456521739130435,0.7154076086956523
158,1p3,158_1p3,Pr,mc,AKGC417L,158_1p3_Pr_mc_AKGC417L,/nas/home/pcallandrone/DeepLearning/dataset/ICBHI_2017/ICBHI_final_database/158_1p3_Pr_mc_AKGC417L.wav,/nas/home/pcallandrone/DeepLearning/dataset/ICBHI_2017/ICBHI_final_database/158_1p3_Pr_mc_AKGC417L.txt,44100,20.0,0.447652436218024,1.000592827796936,0.03928117913832199,0.0005928267491981387,0.45981832215594115,1.005049467086792,0.03988333333333333,6.792023302776403,0.014366666666666666,27,0.40133670204629973,0.4172460366109162,0.4605659360929178,0.07237077992593217,0,0.085375,1.005049467086792,False,0.0,both,7,14.391,0.0,0.06001327233081466,0.016983465450824985,0.9400939922506522,1.4197115663799523e-07,21.199010794323463,,False,,0.9619565217391305,0.9684782608695652,0.2510869565217391,0.33260869565217394,0.816304347826087,0.2554347826086957,0.8380434782608696,0.9728260869565217,0.05,0.453804347826087,0.7880434782608695,0.14402173913043478,0.2576086956521739,0.035869565217391305,0.6499184782608696
158,1p3,158_1p3,Tc,mc,AKGC417L,158_1p3_Tc_mc_AKGC417L,/nas/home/pcallandrone/DeepLearning/dataset/ICBHI_2017/ICBHI_final_database/158_1p3_Tc_mc_AKGC417L.wav,/nas/home/pcallandrone/DeepLearning/dataset/ICBHI_2017/ICBHI_final_database/158_1p3_Tc_mc_AKGC417L.txt,44100,20.0,0.2629927131494055,1.0001591444015503,0.004713151927437642,0.00015911157242953777,0.27800628092036866,1.0398550033569336,0.004533333333333334,11.458363554480135,0.026333333333333334,27,0.20431106263897622,0.22626276627545,0.25528821542694435,0.17631273831332145,0,0.02675,1.0398550033569336,False,0.0,wheezes,7,14.391,0.1635744562573832,0.2033457250415449,0.1511190451878508,0.7969526743471241,3.4584201398491028e-06,55.65862223150745,,False,,0.7967391304347826,0.7891304347826087,0.6717391304347826,0.8891304347826087,0.2847826086956522,0.6815217391304348,0.37282608695652175,0.5630434782608695,0.22717391304347825,0.453804347826087,0.7880434782608695,0.3695652173913043,0.8467391304347827,0.24565217391304348,0.6771358695652173
158,1p4,158_1p4,Al,mc,AKGC417L,158_1p4_Al_mc_AKGC417L,/nas/home/pcallandrone/DeepLearning/dataset/ICBHI_2017/ICBHI_final_database/158_1p4_Al_mc_AKGC417L.wav,/nas/home/pcallandrone/DeepLearning/dataset/ICBHI_2017/ICBHI_final_database/158_1p4_Al_mc_AKGC417L.txt,44100,20.0,0.27642715138626095,1.0003398656845093,0.0032947845804988662,-0.00033998762955889106,0.2872916437580033,1.0148688554763794,0.0028333333333333335,10.961738613293692,0.022616666666666667,27,0.24266022342181096,0.24897739503061936,0.2754553963377375,0.11235043455243182,0,0.010375,1.0148688554763794,False,0.0,both,7,14.491,0.22814160513422121,0.18887135994781873,0.044848834884428465,0.8122030770767361,1.88685673338694e-06,30.016792928289668,,False,,0.808695652173913,0.8260869565217391,0.6489130434782608,0.6315217391304347,0.5282608695652173,0.6608695652173913,0.49130434782608695,0.7086956521739131,0.2684782608695652,0.47445652173913044,0.7880434782608695,0.40869565217391307,0.5043478260869565,0.2108695652173913,0.6942228260869565
158,1p4,158_1p4,Ar,mc,AKGC417L,158_1p4_Ar_mc_AKGC417L,/nas/home/pcallandrone/DeepLearning/dataset/ICBHI_2017/ICBHI_final_database/158_1p4_Ar_mc_AKGC417L.wav,/nas/home/pcallandrone/DeepLearning/dataset/ICBHI_2017/ICBHI_final_database/158_1p4_Ar_mc_AKGC417L.txt,44100,20.0,0.28828587669294914,1.0005122423171997,0.006513605442176871,-0.0005123935407027602,0.29914417131409976,1.0048325061798096,0.0059,10.524262612056317,0.022016666666666667,27,0.2646182312253345,0.2742289042782261,0.3004861629826999,0.07125897619963101,0,0.015125,1.0048325061798096,False,0.0,both,7,14.491,0.22814160513422121,0.1891018372490667,0.03528130517694867,0.8111505736597855,4.455483870125467e-07,33.508814921514585,,False,,0.8228260869565217,0.8652173913043478,0.6510869565217391,0.5608695652173913,0.8239130434782609,0.6641304347826087,0.7336956521739131,0.7239130434782609,0.20380434782608695,0.47445652173913044,0.7880434782608695,0.40869565217391307,0.5804347826086956,0.18369565217391304,0.7449021739130435
158,1p4,158_1p4,Lr,mc,AKGC417L,158_1p4_Lr_mc_AKGC417L,/nas/home/pcallandrone/DeepLearning/dataset/ICBHI_2017/ICBHI_final_database/158_1p4_Lr_mc_AKGC417L.wav,/nas/home/pcallandrone/DeepLearning/dataset/ICBHI_2017/ICBHI_final_database/158_1p4_Lr_mc_AKGC417L.txt,44100,20.0,0.26949110252128355,1.0004042387008667,0.004729024943310658,-0.0004043462104164064,0.2796340493392937,1.0046772956848145,0.005433333333333333,11.108730721348978,0.023166666666666665,27,0.2100294777223072,0.24760007035659579,0.2742288761411861,0.1066161900048659,0,0.013875,1.0046772956848145,False,0.0,both,7,14.491,0.0,0.12673415929257167,0.02814922819997759,0.8749830285189285,5.520612590844047e-06,29.10221695486802,,False,,0.8,0.8239130434782609,0.4989130434782609,0.4945652173913043,0.5641304347826087,0.4956521739130435,0.29891304347826086,0.6858695652173913,0.21195652173913043,0.47445652173913044,0.7880434782608695,0.14402173913043478,0.483695652173913,0.21739130434782608,0.6112771739130436
158,1p4,158_1p4,Pl,mc,AKGC417L,158_1p4_Pl_mc_AKGC417L,/nas/home/pcallandrone/DeepLearning/dataset/ICBHI_2017/ICBHI_final_database/158_1p4_Pl_mc_AKGC417L.wav,/nas/home/pcallandrone/DeepLearning/dataset/ICBHI_2017/ICBHI_final_database/158_1p4_Pl_mc_AKGC417L.txt,44100,20.0,0.4149004870639386,1.000018835067749,0.026975056689342403,1.880100717244204e-05,0.4324381161476514,1.0183690786361694,0.0314,7.439624745109206,0.0158,27,0.36578790951175993,0.37789594743738814,0.4363934525100294,0.07401683676954292,0,0.0535,1.0183690786361694,False,0.0,both,7,14.491,0.22814160513422121,0.07127763226349844,0.01659649937688229,0.9287742943175313,2.5488484610385245e-07,21.169150143268574,,False,,0.9434782608695652,0.9521739130434783,0.3,0.32717391304347826,0.8065217391304348,0.3065217391304348,0.7956521739130434,0.9369565217391305,0.06630434782608696,0.47445652173913044,0.7880434782608695,0.40869565217391307,0.2554347826086957,0.057608695652173914,0.6733315217391304
158,1p4,158_1p4,Pr,mc,AKGC417L,158_1p4_Pr_mc_AKGC417L,/nas/home/pcallandrone/DeepLearning/dataset/ICBHI_2017/ICBHI_final_database/158_1p4_Pr_mc_AKGC417L.wav,/nas/home/pcallandrone/DeepLearning/dataset/ICBHI_2017/ICBHI_final_database/158_1p4_Pr_mc_AKGC417L.txt,44100,20.0,0.4231249168479208,1.0005003213882446,0.0330453514739229,0.0005003640544600785,0.4385240495180389,1.0059441328048706,0.03836666666666667,7.211608918595681,0.014966666666666666,27,0.3722605323701183,0.38159395739035523,0.4468470450580321,0.0893016447918391,0,0.086375,1.0059441328048706,False,0.0,both,7,14.491,0.0,0.051368089044777646,0.010279163716050121,0.9489397269874364,1.3886198430807582e-07,18.822457231143883,,False,,0.9532608695652174,0.9543478260869566,0.22391304347826088,0.21956521739130436,0.6956521739130435,0.22826086956521738,0.842391304347826,0.9543478260869566,0.05434782608695652,0.47445652173913044,0.7880434782608695,0.14402173913043478,0.1934782608695652,0.04673913043478261,0.6181902173913043
158,1p4,158_1p4,Tc,mc,AKGC417L,158_1p4_Tc_mc_AKGC417L,/nas/home/pcallandrone/DeepLearning/dataset/ICBHI_2017/ICBHI_final_database/158_1p4_Tc_mc_AKGC417L.wav,/nas/home/pcallandrone/DeepLearning/dataset/ICBHI_2017/ICBHI_final_database/158_1p4_Tc_mc_AKGC417L.txt,44100,20.0,0.24611830530985992,1.0001249313354492,0.0015204081632653062,-0.0001250118511961773,0.2579054455241224,1.0084455013275146,0.0018166666666666667,11.843838412973511,0.027416666666666666,27,0.1975956972165624,0.21424414779099116,0.2512317191795872,0.13296285868780414,0,0.009,1.0084455013275146,False,0.0,crackles,7,14.491,0.5322614036298392,0.06992681806793384,0.019634161973720164,0.9304416478961526,6.241059921188181e-07,28.910866886302152,,False,,0.7619565217391304,0.7652173913043478,0.29130434782608694,0.3804347826086957,0.4260869565217391,0.29782608695652174,0.6858695652173913,0.5282608695652173,0.30543478260869567,0.47445652173913044,0.7880434782608695,0.5380434782608695,0.47934782608695653,0.28152173913043477,0.5809510869565216
158,2p2,158_2p2,Ar,mc,AKGC417L,158_2p2_Ar_mc_AKGC417L,/nas/home/pcallandrone/DeepLearning/dataset/ICBHI_2017/ICBHI_final_database/158_2p2_Ar_mc_AKGC417L.wav,/nas/home/pcallandrone/DeepLearning/dataset/ICBHI_2017/ICBHI_final_database/158_2p2_Ar_mc_AKGC417L.txt,44100,20.0,0.2530911444292042,1.0000832080841064,0.008100907029478459,8.319126209244132e-05,0.231486468656506,1.0285332202911377,0.002616666666666667,12.953854268711018,0.028316666666666667,27,0.20551160453972,0.21361208838116902,0.23073154855609443,0.06446903380942297,0,0.0075,1.0285332202911377,False,0.0,both,7,13.222000000000001,0.1388594766298593,0.40543445181027155,0.03484182378448654,0.5955706511983345,0.00021210834294667894,50.40511702321359,,False,,0.7032608695652174,0.7630434782608696,0.8760869565217392,0.5565217391304348,0.8782608695652174,0.883695652173913,0.041304347826086954,0.4885869565217391,0.2766304347826087,0.14891304347826087,0.7880434782608695,0.3423913043478261,0.8097826086956522,0.4315217391304348,0.6927826086956523
158,2p3,158_2p3,Lr,mc,AKGC417L,158_2p3_Lr_mc_AKGC417L,/nas/home/pcallandrone/DeepLearning/dataset/ICBHI_2017/ICBHI_final_database/158_2p3_Lr_mc_AKGC417L.wav,/nas/home/pcallandrone/DeepLearning/dataset/ICBHI_2017/ICBHI_final_database/158_2p3_Lr_mc_AKGC417L.txt,44100,20.0,0.30838738475886324,1.0010541677474976,0.01641156462585034,-0.0010542322415858507,0.31133275945316385,1.0125080347061157,0.012966666666666666,10.243473142144815,0.02315,27,0.2850026038924914,0.2880142902698527,0.3110446215006685,0.05306362293843285,0,0.021375,1.0125080347061157,False,0.0,both,10,14.925,0.0,0.1940751840700807,0.021255888807196206,0.8071103507680752,0.0004764577598243853,37.683858933705814,,False,,0.8347826086956521,0.8826086956521739,0.6597826086956522,0.4043478260869565,0.9467391304347826,0.6695652173913044,0.02282608695652174,0.6869565217391305,0.14565217391304347,0.7097826086956521,0.9652173913043478,0.14402173913043478,0.6630434782608695,0.16956521739130434,0.7004239130434782
158,2p3,158_2p3,Tc,mc,AKGC417L,158_2p3_Tc_mc_AKGC417L,/nas/home/pcallandrone/DeepLearning/dataset/ICBHI_2017/ICBHI_final_database/158_2p3_Tc_mc_AKGC417L.wav,/nas/home/pcallandrone/DeepLearning/dataset/ICBHI_2017/ICBHI_final_database/158_2p3_Tc_mc_AKGC417L.txt,44100,20.0,0.27258473718246284,1.0001554489135742,0.013375283446712018,0.0001554015325382352,0.2724117315061804,1.0229132175445557,0.009516666666666666,11.492259670453212,0.026166666666666668,27,0.22902497991523046,0.24738664286362141,0.27783853040261197,0.0808850736451569,0,0.0155,1.0229132175445557,False,0.0,both,10,14.925,0.0,0.44268866449766175,0.14326473555268915,0.5600465734012328,9.81974071250085e-06,61.846376128336324,,False,,0.7858695652173913,0.8228260869565217,0.9,0.8793478260869565,0.7684782608695652,0.9097826086956522,0.20869565217391303,0.5657608695652174,0.1641304347826087,0.7097826086956521,0.9652173913043478,0.14402173913043478,0.883695652173913,0.24782608695652175,0.7745271739130435
159,1b1,159_1b1,Al,sc,Meditron,159_1b1_Al_sc_Meditron,/nas/home/pcallandrone/DeepLearning/dataset/ICBHI_2017/ICBHI_final_database/159_1b1_Al_sc_Meditron.wav,/nas/home/pcallandrone/DeepLearning/dataset/ICBHI_2017/ICBHI_final_database/159_1b1_Al_sc_Meditron.txt,44100,20.0,0.09233662082059754,0.846494734287262,0.0,9.337312076240778e-05,0.09071353876837678,0.8446521759033203,0.0,19.380115908839233,0.04638333333333333,27,0.08375092794544987,0.08559709758748456,0.09156053637138283,0.03781071597778916,0,0.0,0.8446521759033203,False,0.0,wheezes,9,14.993,0.8770759687854333,0.24813984177706794,0.055408537487212216,0.7518683574401913,6.227075916214035e-08,33.84806441762249,,False,,0.31521739130434784,0.3869565217391304,0.7347826086956522,0.683695652173913,0.9891304347826086,0.7456521739130435,0.8826086956521739,0.18043478260869567,0.7516304347826087,0.9755434782608695,0.9353260869565218,0.6597826086956522,0.5891304347826087,0.8728260869565218,0.7112228260869566
159,1b1,159_1b1,Ar,sc,Meditron,159_1b1_Ar_sc_Meditron,/nas/home/pcallandrone/DeepLearning/dataset/ICBHI_2017/ICBHI_final_database/159_1b1_Ar_sc_Meditron.wav,/nas/home/pcallandrone/DeepLearning/dataset/ICBHI_2017/ICBHI_final_database/159_1b1_Ar_sc_Meditron.txt,44100,20.0,0.03569264187550409,0.2645355761051178,0.0,-0.00022283964790403843,0.03524832898849008,0.2603726387023926,0.0,17.369136197404732,0.033883333333333335,27,0.026575752744309768,0.028139855296182868,0.03421747985342574,0.156368620910578,0,0.0,0.2603726387023926,False,0.0,normal,8,14.979,1.0,0.07704042275354678,0.037382694868557054,0.9231607011124092,2.0512257108213795e-06,21.287316586930327,,False,,0.10434782608695652,0.11195652173913044,0.32608695652173914,0.5739130434782609,0.3467391304347826,0.33260869565217394,0.4815217391304348,0.3516304347826087,0.7516304347826087,0.9586956521739131,0.8864130434782609,0.8347826086956521,0.2608695652173913,0.9532608695652174,0.45109239130434786
159,1b1,159_1b1,Ll,sc,Meditron,159_1b1_Ll_sc_Meditron,/nas/home/pcallandrone/DeepLearning/dataset/ICBHI_2017/ICBHI_final_database/159_1b1_Ll_sc_Meditron.wav,/nas/home/pcallandrone/DeepLearning/dataset/ICBHI_2017/ICBHI_final_database/159_1b1_Ll_sc_Meditron.txt,44100,20.0,0.14292196619160633,1.0001027584075928,3.741496598639456e-05,-0.0001333102845819667,0.14073594109515528,0.638427734375,0.0,13.134134467112087,0.02,27,0.10450972891335485,0.11510185392146986,0.13372460084914006,0.1950816677796263,0,0.0,0.638427734375,False,0.0,normal,9,14.978000000000002,1.0,0.0067561405268673136,0.00163659472988943,0.9932560875612237,1.5806280509568395e-07,13.566910214741068,,False,,0.4891304347826087,0.4902173913043478,0.020652173913043477,0.041304347826086954,0.23043478260869565,0.02282608695652174,0.8293478260869566,0.8054347826086956,0.7516304347826087,0.9521739130434783,0.9353260869565218,0.8347826086956521,0.10326086956521739,0.4467391304347826,0.47753260869565217
159,1b1,159_1b1,Pr,sc,Meditron,159_1b1_Pr_sc_Meditron,/nas/home/pcallandrone/DeepLearning/dataset/ICBHI_2017/ICBHI_final_database/159_1b1_Pr_sc_Meditron.wav,/nas/home/pcallandrone/DeepLearning/dataset/ICBHI_2017/ICBHI_final_database/159_1b1_Pr_sc_Meditron.txt,44100,20.0,0.08056787058598784,1.0000745058059692,3.4013605442176872e-06,-0.00010506923717912287,0.08141754624812587,0.38734641671180725,0.0,13.547630653241535,0.019233333333333335,27,0.06529362263020153,0.07000274933175105,0.07869411523063086,0.10566440890830125,0,0.0,0.38734641671180725,False,0.0,normal,7,14.936,1.0,0.036557072551356935,0.001703347911017013,0.9634845484445478,7.87615349368163e-07,14.789172960587413,,False,,0.27391304347826084,0.32065217391304346,0.17065217391304346,0.04673913043478261,0.5728260869565217,0.17608695652173914,0.65,0.8336956521739131,0.7516304347826087,0.7358695652173913,0.7880434782608695,0.8347826086956521,0.12934782608695652,0.4967391304347826,0.45915760869565214
160,1b2,160_1b2,Al,mc,AKGC417L,160_1b2_Al_mc_AKGC417L,/nas/home/pcallandrone/DeepLearning/dataset/ICBHI_2017/ICBHI_final_database/160_1b2_Al_mc_AKGC417L.wav,/nas/home/pcallandrone/DeepLearning/dataset/ICBHI_2017/ICBHI_final_database/160_1b2_Al_mc_AKGC417L.txt,44100,20.0,0.22473757358702276,0.9999201893806458,5.668934240362812e-05,-7.980760710779577e-05,0.2392724817874481,1.0001698732376099,6.666666666666667e-05,12.423620286997917,0.0253,27,0.18797450011639763,0.19488369289206703,0.24312435453752862,0.1446767600490756,0,0.0005,1.0001698732376099,False,0.0,both,2,10.233,0.0,0.057375023589245254,0.009355117103980334,0.9427318621187225,2.904124953386128e-07,21.07322828309918,,False,,0.7184782608695652,0.7141304347826087,0.24347826086956523,0.20978260869565218,0.3826086956521739,0.2467391304347826,0.7815217391304348,0.5934782608695652,0.45706521739130435,0.014673913043478261,0.005434782608695652,0.14402173913043478,0.25217391304347825,0.35108695652173916,0.45875000000000005
160,1b2,160_1b2,Ar,mc,AKGC417L,160_1b2_Ar_mc_AKGC417L,/nas/home/pcallandrone/DeepLearning/dataset/ICBHI_2017/ICBHI_final_database/160_1b2_Ar_mc_AKGC417L.wav,/nas/home/pcallandrone/DeepLearning/dataset/ICBHI_2017/ICBHI_final_database/160_1b2_Ar_mc_AKGC417L.txt,44100,20.0,0.3412051766900215,1.000289797782898,0.02070861678004535,-0.00028992071747779846,0.37206864468380807,1.0064444541931152,0.026866666666666667,8.643334774080056,0.019783333333333333,27,0.2086022471494737,0.23281048625923922,0.33478378343982834,0.3184409415427425,0,0.1325,1.0064444541931152,False,0.0,wheezes,2,10.233,0.0,0.06058034896449784,0.00538236571866217,0.9394837571386457,3.003534857657013e-07,24.894719384652717,,False,,0.9054347826086957,0.8010869565217391,0.2532608695652174,0.14021739130434782,0.09891304347826087,0.2565217391304348,0.7793478260869565,0.8103260869565218,0.08804347826086957,0.014673913043478261,0.005434782608695652,0.14402173913043478,0.3652173913043478,0.09239130434782608,0.46585869565217397
160,1b2,160_1b2,Lr,mc,AKGC417L,160_1b2_Lr_mc_AKGC417L,/nas/home/pcallandrone/DeepLearning/dataset/ICBHI_2017/ICBHI_final_database/160_1b2_Lr_mc_AKGC417L.wav,/nas/home/pcallandrone/DeepLearning/dataset/ICBHI_2017/ICBHI_final_database/160_1b2_Lr_mc_AKGC417L.txt,44100,20.0,0.30390805660476206,1.0005131959915161,0.013209750566893424,0.0005132137448526919,0.3362785566652584,1.0241385698318481,0.0158,9.673190949088395,0.0219,27,0.18482625658654483,0.2092450206940147,0.32892507038284935,0.26104954190460444,0,0.051875,1.0241385698318481,False,0.0,both,2,10.233,0.0,0.16394323391229876,0.02027307347969161,0.8362254159695744,3.798646458469395e-07,28.684197154414033,,False,,0.8630434782608696,0.7510869565217392,0.5945652173913043,0.38913043478260867,0.14673913043478262,0.6010869565217392,0.7456521739130435,0.7315217391304348,0.12934782608695652,0.014673913043478261,0.005434782608695652,0.14402173913043478,0.4717391304347826,0.14565217391304347,0.5541467391304348
160,1b2,160_1b2,Pl,mc,AKGC417L,160_1b2_Pl_mc_AKGC417L,/nas/home/pcallandrone/DeepLearning/dataset/ICBHI_2017/ICBHI_final_database/160_1b2_Pl_mc_AKGC417L.wav,/nas/home/pcallandrone/DeepLearning/dataset/ICBHI_2017/ICBHI_final_database/160_1b2_Pl_mc_AKGC417L.txt,44100,20.0,0.09078054990454655,0.6348663568496704,0.0,-7.318288407986984e-05,0.09890297625368714,0.6327847242355347,0.0,16.12093250407687,0.03928333333333334,27,0.05289191739526192,0.05589021688961691,0.08699094069475476,0.3273024259087416,0,0.0,0.6327847242355347,False,0.0,wheezes,2,10.233,0.0,0.10062349067382298,0.019562024573308818,0.8995145974482134,1.8663222878455846e-06,29.049523739191137,,False,,0.3532608695652174,0.2597826086956522,0.4152173913043478,0.3760869565217391,0.09021739130434783,0.41847826086956524,0.4945652173913043,0.266304347826087,0.7516304347826087,0.014673913043478261,0.005434782608695652,0.14402173913043478,0.4826086956521739,0.8173913043478261,0.34257608695652175
160,1b2,160_1b2,Pr,mc,AKGC417L,160_1b2_Pr_mc_AKGC417L,/nas/home/pcallandrone/DeepLearning/dataset/ICBHI_2017/ICBHI_final_database/160_1b2_Pr_mc_AKGC417L.wav,/nas/home/pcallandrone/DeepLearning/dataset/ICBHI_2017/ICBHI_final_database/160_1b2_Pr_mc_AKGC417L.txt,44100,20.0,0.08890718349080053,1.0000522136688232,0.00037528344671201814,-5.2280331146903336e-05,0.09683960045702107,1.0072914361953735,0.0004,20.342043045510966,0.06608333333333333,27,0.05232439141797331,0.0557732010056964,0.09875659025951335,0.27370323068042807,0,0.003,1.0072914361953735,False,0.0,both,2,10.233,0.0,0.23621545959957124,0.0560504813073056,0.7640404969759048,2.722399394438768e-06,38.14489756370963,,False,,0.34456521739130436,0.25869565217391305,0.7206521739130435,0.6891304347826087,0.13043478260869565,0.7326086956521739,0.42717391304347824,0.0967391304347826,0.3934782608695652,0.014673913043478261,0.005434782608695652,0.14402173913043478,0.6793478260869565,0.7804347826086957,0.4225815217391305
160,1b2,160_1b2,Tc,mc,AKGC417L,160_1b2_Tc_mc_AKGC417L,/nas/home/pcallandrone/DeepLearning/dataset/ICBHI_2017/ICBHI_final_database/160_1b2_Tc_mc_AKGC417L.wav,/nas/home/pcallandrone/DeepLearning/dataset/ICBHI_2017/ICBHI_final_database/160_1b2_Tc_mc_AKGC417L.txt,44100,20.0,0.4148154517364701,1.0003997087478638,0.07410997732426304,-0.00039982699672691524,0.4486870340857199,1.0512328147888184,0.0809,7.395107787087766,0.019616666666666668,27,0.17519233182671312,0.22565960112635444,0.3875696934991498,0.377097080128167,0,0.32975,1.0512328147888184,False,0.0,wheezes,2,10.233,0.45509625720707514,0.11243084443474537,0.032038578458466443,0.8875655606391804,5.602318016127373e-06,28.800511119909373,,False,,0.9565217391304348,0.7880434782608695,0.45760869565217394,0.5347826086956522,0.057608695652173914,0.4608695652173913,0.2956521739130435,0.8206521739130435,0.017391304347826087,0.014673913043478261,0.005434782608695652,0.5097826086956522,0.475,0.05652173913043478,0.5416032608695651
160,1b3,160_1b3,Al,mc,AKGC417L,160_1b3_Al_mc_AKGC417L,/nas/home/pcallandrone/DeepLearning/dataset/ICBHI_2017/ICBHI_final_database/160_1b3_Al_mc_AKGC417L.wav,/nas/home/pcallandrone/DeepLearning/dataset/ICBHI_2017/ICBHI_final_database/160_1b3_Al_mc_AKGC417L.txt,44100,20.0,0.2377773904502153,1.000179648399353,0.0013571428571428571,0.0001796568976715207,0.24219239140723162,1.0052454471588135,0.0009,12.362232383933438,0.024966666666666668,27,0.18339874617736412,0.2072988308895284,0.24875836797112505,0.13088255401320503,0,0.00275,1.0052454471588135,False,0.0,both,4,13.138,0.0,0.06872680756465119,0.0075400282624917166,0.931379521651113,7.774166669776895e-07,23.065240243318026,,False,,0.725,0.7456521739130435,0.2858695652173913,0.16304347826086957,0.4369565217391304,0.29130434782608694,0.6510869565217391,0.6070652173913044,0.3472826086956522,0.13641304347826086,0.19510869565217392,0.14402173913043478,0.3065217391304348,0.3456521739130435,0.4806739130434783
160,1b3,160_1b3,Ar,mc,AKGC417L,160_1b3_Ar_mc_AKGC417L,/nas/home/pcallandrone/DeepLearning/dataset/ICBHI_2017/ICBHI_final_database/160_1b3_Ar_mc_AKGC417L.wav,/nas/home/pcallandrone/DeepLearning/dataset/ICBHI_2017/ICBHI_final_database/160_1b3_Ar_mc_AKGC417L.txt,44100,20.0,0.35122615701723736,1.0005168914794922,0.009777777777777778,-0.0005170063232071698,0.3473801803830703,1.0200451612472534,0.009366666666666667,9.356287271444383,0.0182,27,0.26868273935828707,0.29868805368931367,0.3290879025163392,0.1436716207760964,0,0.047875,1.0200451612472534,False,0.0,wheezes,4,13.138,0.0,0.045141347174081636,0.0030403660073206975,0.9549915644104428,1.6887022769801482e-07,21.86933366231473,,False,,0.8771739130434782,0.8923913043478261,0.1967391304347826,0.09456521739130434,0.3847826086956522,0.20217391304347826,0.8239130434782609,0.866304347826087,0.16630434782608697,0.13641304347826086,0.19510869565217392,0.14402173913043478,0.27391304347826084,0.1282608695652174,0.5100326086956523
160,1b3,160_1b3,Lr,mc,AKGC417L,160_1b3_Lr_mc_AKGC417L,/nas/home/pcallandrone/DeepLearning/dataset/ICBHI_2017/ICBHI_final_database/160_1b3_Lr_mc_AKGC417L.wav,/nas/home/pcallandrone/DeepLearning/dataset/ICBHI_2017/ICBHI_final_database/160_1b3_Lr_mc_AKGC417L.txt,44100,20.0,0.3630448244518075,1.0005862712860107,0.022829931972789114,0.0005862785037606955,0.3647824671855986,1.0164155960083008,0.020033333333333334,8.900747276881475,0.018766666666666668,27,0.2837296658017296,0.3081018788618674,0.3515046925847507,0.096803542778405,0,0.063125,1.0164155960083008,False,0.0,wheezes,4,13.138,0.0,0.14267553830352595,0.013874762553029147,0.8582478478233292,9.210828745651382e-08,27.109131940099623,,False,,0.9,0.9021739130434783,0.5456521739130434,0.2782608695652174,0.6423913043478261,0.5489130434782609,0.8695652173913043,0.8489130434782609,0.11521739130434783,0.13641304347826086,0.19510869565217392,0.14402173913043478,0.42282608695652174,0.10434782608695652,0.6401630434782609
160,1b3,160_1b3,Pl,mc,AKGC417L,160_1b3_Pl_mc_AKGC417L,/nas/home/pcallandrone/DeepLearning/dataset/ICBHI_2017/ICBHI_final_database/160_1b3_Pl_mc_AKGC417L.wav,/nas/home/pcallandrone/DeepLearning/dataset/ICBHI_2017/ICBHI_final_database/160_1b3_Pl_mc_AKGC417L.txt,44100,20.0,0.1202577209113844,0.571304202079773,0.0,-3.972008198616095e-05,0.11419766149941026,0.5700187683105469,0.0,13.964638886867409,0.027583333333333335,27,0.08724868093538429,0.0895657892903614,0.10556421585257303,0.1665471926468332,0,0.0,0.5700187683105469,False,0.0,both,4,13.138,0.0,0.060026790867420035,0.010418955479637023,0.9405848695122818,2.1532999422145706e-06,25.61983510167376,,False,,0.40217391304347827,0.3967391304347826,0.25217391304347825,0.22282608695652173,0.3065217391304348,0.2543478260869565,0.4706521739130435,0.5222826086956521,0.7516304347826087,0.13641304347826086,0.19510869565217392,0.14402173913043478,0.3804347826086957,0.5510869565217391,0.361413043478261
160,1b3,160_1b3,Pr,mc,AKGC417L,160_1b3_Pr_mc_AKGC417L,/nas/home/pcallandrone/DeepLearning/dataset/ICBHI_2017/ICBHI_final_database/160_1b3_Pr_mc_AKGC417L.wav,/nas/home/pcallandrone/DeepLearning/dataset/ICBHI_2017/ICBHI_final_database/160_1b3_Pr_mc_AKGC417L.txt,44100,20.0,0.09890662692371723,0.6654978394508362,0.0,-0.00022239350073505193,0.09928396596795824,0.6632965207099915,0.0,16.49657203519838,0.03383333333333333,27,0.08019629581426986,0.08978326184486835,0.09957226106760636,0.06772674775702557,0,0.0,0.6632965207099915,False,0.0,both,4,13.138,0.0,0.15432031936162788,0.024329380574681533,0.8464575821427073,3.019508299599701e-06,31.617722360944224,,False,,0.35434782608695653,0.39891304347826084,0.5739130434782609,0.4543478260869565,0.8576086956521739,0.5793478260869566,0.40543478260869564,0.35434782608695653,0.7516304347826087,0.13641304347826086,0.19510869565217392,0.14402173913043478,0.5423913043478261,0.8586956521739131,0.5010923913043479
160,1b3,160_1b3,Tc,mc,AKGC417L,160_1b3_Tc_mc_AKGC417L,/nas/home/pcallandrone/DeepLearning/dataset/ICBHI_2017/ICBHI_final_database/160_1b3_Tc_mc_AKGC417L.wav,/nas/home/pcallandrone/DeepLearning/dataset/ICBHI_2017/ICBHI_final_database/160_1b3_Tc_mc_AKGC417L.txt,44100,20.0,0.43561866195905663,1.0003424882888794,0.06414739229024943,-0.00034260732354596257,0.4385156302303209,1.0525671243667603,0.0609,7.605294467817759,0.0178,27,0.2697942626473366,0.32692481714397653,0.4178754413373787,0.18782184446058306,0,0.143125,1.0525671243667603,False,0.0,wheezes,4,13.138,0.29349977165474195,0.16248865565537257,0.037287105355574605,0.8376461166305371,6.807737083486093e-06,31.184413525294612,,False,,0.9521739130434783,0.9184782608695652,0.5902173913043478,0.5728260869565217,0.25,0.5978260869565217,0.26413043478260867,0.8798913043478261,0.03369565217391304,0.13641304347826086,0.19510869565217392,0.4532608695652174,0.5315217391304348,0.06304347826086956,0.6291467391304347
160,1b4,160_1b4,Al,mc,AKGC417L,160_1b4_Al_mc_AKGC417L,/nas/home/pcallandrone/DeepLearning/dataset/ICBHI_2017/ICBHI_final_database/160_1b4_Al_mc_AKGC417L.wav,/nas/home/pcallandrone/DeepLearning/dataset/ICBHI_2017/ICBHI_final_database/160_1b4_Al_mc_AKGC417L.txt,44100,20.0,0.2309898587595486,1.0000462532043457,0.0026848072562358277,4.6212124289013445e-05,0.2313393818677058,1.0271791219711304,0.0030833333333333333,12.947932250144108,0.0256,27,0.18489541812151225,0.1930673874604774,0.2196429274809169,0.1423879738348711,0,0.00875,1.0271791219711304,False,0.0,both,3,13.038,0.0,0.08947138090430769,0.009205353107164164,0.9107582043499813,5.299967659118251e-07,24.57836262796961,,False,,0.7010869565217391,0.7076086956521739,0.3760869565217391,0.20652173913043478,0.3869565217391304,0.3815217391304348,0.7076086956521739,0.5820652173913043,0.26521739130434785,0.10489130434782609,0.043478260869565216,0.14402173913043478,0.358695652173913,0.42934782608695654,0.48681521739130434
160,1b4,160_1b4,Ar,mc,AKGC417L,160_1b4_Ar_mc_AKGC417L,/nas/home/pcallandrone/DeepLearning/dataset/ICBHI_2017/ICBHI_final_database/160_1b4_Ar_mc_AKGC417L.wav,/nas/home/pcallandrone/DeepLearning/dataset/ICBHI_2017/ICBHI_final_database/160_1b4_Ar_mc_AKGC417L.txt,44100,20.0,0.3596095696402907,1.0000927448272705,0.008761904761904762,-9.291407332057133e-05,0.3681090387557015,1.001789927482605,0.009416666666666667,8.696003582938264,0.017966666666666666,27,0.31079479088520906,0.31845838370479457,0.36263973522612725,0.10131403112294964,0,0.0295,1.001789927482605,False,0.0,both,3,13.038,0.0,0.04537748775682313,0.003273847097758415,0.9548727399778746,1.2473144588793382e-07,23.41497195886196,,False,,0.9021739130434783,0.9097826086956522,0.19782608695652174,0.09891304347826087,0.6076086956521739,0.20326086956521738,0.8510869565217392,0.8728260869565218,0.16521739130434782,0.10489130434782609,0.043478260869565216,0.14402173913043478,0.3173913043478261,0.09456521739130434,0.5354402173913042
160,1b4,160_1b4,Lr,mc,AKGC417L,160_1b4_Lr_mc_AKGC417L,/nas/home/pcallandrone/DeepLearning/dataset/ICBHI_2017/ICBHI_final_database/160_1b4_Lr_mc_AKGC417L.wav,/nas/home/pcallandrone/DeepLearning/dataset/ICBHI_2017/ICBHI_final_database/160_1b4_Lr_mc_AKGC417L.txt,44100,20.0,0.31773463127345425,1.0001754760742188,0.010129251700680271,0.00017547070456203073,0.31334193538406724,1.0304416418075562,0.007983333333333334,10.34009758430965,0.020916666666666667,27,0.2437828596509649,0.26779039054053794,0.3157343962211394,0.12387180458364792,0,0.0285,1.0304416418075562,False,0.0,wheezes,3,13.038,0.0,0.06524301538633566,0.007170077316074446,0.9348480360930718,7.863179637617542e-08,21.342945516684573,,False,,0.8391304347826087,0.8554347826086957,0.2673913043478261,0.15760869565217392,0.46630434782608693,0.2717391304347826,0.875,0.7690217391304348,0.17282608695652174,0.10489130434782609,0.043478260869565216,0.14402173913043478,0.26413043478260867,0.17391304347826086,0.5205326086956523
160,1b4,160_1b4,Pl,mc,AKGC417L,160_1b4_Pl_mc_AKGC417L,/nas/home/pcallandrone/DeepLearning/dataset/ICBHI_2017/ICBHI_final_database/160_1b4_Pl_mc_AKGC417L.wav,/nas/home/pcallandrone/DeepLearning/dataset/ICBHI_2017/ICBHI_final_database/160_1b4_Pl_mc_AKGC417L.txt,44100,20.0,0.12383778461404023,0.6777766346931458,0.0,3.055659180972725e-05,0.12516682457349007,0.6759454011917114,0.0,14.648447655965667,0.02895,27,0.104985904978776,0.11212352648117671,0.12373241694936024,0.10000254702111273,0,0.0,0.6759454011917114,False,0.0,both,3,13.038,0.0,0.05368445301316539,0.00936117266250916,0.9464540998452895,1.5569129392342077e-06,25.767041241441024,,False,,0.4358695652173913,0.475,0.23369565217391305,0.2108695652173913,0.616304347826087,0.23804347826086958,0.5271739130434783,0.4625,0.7516304347826087,0.10489130434782609,0.043478260869565216,0.14402173913043478,0.3858695652173913,0.6510869565217391,0.4017989130434784
160,1b4,160_1b4,Pr,mc,AKGC417L,160_1b4_Pr_mc_AKGC417L,/nas/home/pcallandrone/DeepLearning/dataset/ICBHI_2017/ICBHI_final_database/160_1b4_Pr_mc_AKGC417L.wav,/nas/home/pcallandrone/DeepLearning/dataset/ICBHI_2017/ICBHI_final_database/160_1b4_Pr_mc_AKGC417L.txt,44100,20.0,0.09125954315006123,0.526981770992279,0.0,-2.411232162558008e-05,0.09276133213041855,0.5258561968803406,0.0,15.070000377154514,0.03305,27,0.08502089077975217,0.08786411156707423,0.09228269291470023,0.04994267326309751,0,0.0,0.5258561968803406,False,0.0,both,3,13.038,0.0,0.124677565412103,0.022361144977072075,0.8753551838927137,3.2996683159857993e-06,30.24920196472096,,False,,0.3239130434782609,0.3923913043478261,0.4891304347826087,0.4217391304347826,0.9565217391304348,0.4923913043478261,0.38804347826086955,0.3695652173913043,0.7516304347826087,0.10489130434782609,0.043478260869565216,0.14402173913043478,0.5097826086956522,0.6978260869565217,0.47188043478260877
160,1b4,160_1b4,Tc,mc,AKGC417L,160_1b4_Tc_mc_AKGC417L,/nas/home/pcallandrone/DeepLearning/dataset/ICBHI_2017/ICBHI_final_database/160_1b4_Tc_mc_AKGC417L.wav,/nas/home/pcallandrone/DeepLearning/dataset/ICBHI_2017/ICBHI_final_database/160_1b4_Tc_mc_AKGC417L.txt,44100,20.0,0.4636172481613076,1.0005574226379395,0.07957142857142857,-0.0005574894021265209,0.4820566070367605,1.103400468826294,0.08335,7.19270248819894,0.016916666666666667,27,0.1805148612720883,0.3340825219570731,0.5037508573758933,0.24281751733550327,0,0.252375,1.103400468826294,False,0.0,wheezes,3,13.038,0.0,0.13802405604247855,0.03905935885382291,0.8619855341614688,8.288394381352094e-06,28.1705371780352,,False,,0.9728260869565217,0.925,0.5282608695652173,0.5826086956521739,0.16847826086956522,0.5358695652173913,0.22717391304347825,0.9092391304347827,0.016304347826086956,0.10489130434782609,0.043478260869565216,0.14402173913043478,0.45760869565217394,0.04565217391304348,0.5758260869565216
160,2b3,160_2b3,Lr,mc,AKGC417L,160_2b3_Lr_mc_AKGC417L,/nas/home/pcallandrone/DeepLearning/dataset/ICBHI_2017/ICBHI_final_database/160_2b3_Lr_mc_AKGC417L.wav,/nas/home/pcallandrone/DeepLearning/dataset/ICBHI_2017/ICBHI_final_database/160_2b3_Lr_mc_AKGC417L.txt,44100,20.0,0.12587701377763522,0.6067416071891785,0.0,0.0001232090435223654,0.128409514611663,0.6061722636222839,0.0,13.47997711939552,0.025,27,0.10787078631724008,0.11290474434022421,0.12456932767223718,0.11593725799064827,0,0.0,0.6061722636222839,False,0.0,crackles,6,14.424,0.812534664448142,0.0077128479599908265,0.0028910104915590012,0.9925434701623195,1.1850337627868334e-06,10.566616597432972,,False,,0.44456521739130433,0.4815217391304348,0.02717391304347826,0.08804347826086957,0.5043478260869565,0.02826086956521739,0.5815217391304348,0.6054347826086957,0.7516304347826087,0.46956521739130436,0.6375,0.6380434782608696,0.04565217391304348,0.4880434782608696,0.41563043478260875
160,2b4,160_2b4,Ar,mc,AKGC417L,160_2b4_Ar_mc_AKGC417L,/nas/home/pcallandrone/DeepLearning/dataset/ICBHI_2017/ICBHI_final_database/160_2b4_Ar_mc_AKGC417L.wav,/nas/home/pcallandrone/DeepLearning/dataset/ICBHI_2017/ICBHI_final_database/160_2b4_Ar_mc_AKGC417L.txt,44100,20.0,0.2945067880915617,1.0005441904067993,0.010964852607709751,0.0005442321416921914,0.284945828972132,1.0015848875045776,0.0108,10.918509174157219,0.02165,27,0.2639612772920858,0.26728368830638904,0.28015211522748235,0.05561977874966224,0,0.02825,1.0015848875045776,False,0.0,crackles,5,13.055,0.0,0.01959823613562435,0.0022839024113309823,0.9804107967258422,1.983867185874774e-07,15.771111550816176,,False,,0.8054347826086956,0.8543478260869565,0.09456521739130434,0.0641304347826087,0.9391304347826087,0.10217391304347827,0.816304347826087,0.741304347826087,0.15978260869565217,0.11032608695652174,0.4320652173913043,0.14402173913043478,0.14891304347826087,0.2076086956521739,0.5193804347826088
160,2b4,160_2b4,Pl,mc,AKGC417L,160_2b4_Pl_mc_AKGC417L,/nas/home/pcallandrone/DeepLearning/dataset/ICBHI_2017/ICBHI_final_database/160_2b4_Pl_mc_AKGC417L.wav,/nas/home/pcallandrone/DeepLearning/dataset/ICBHI_2017/ICBHI_final_database/160_2b4_Pl_mc_AKGC417L.txt,44100,20.0,0.3066700111698019,1.000273585319519,0.001507936507936508,-0.0002736473979894072,0.3116361002963222,1.0011568069458008,0.0016,10.137086865340944,0.01985,27,0.26269457016261377,0.28677110636809466,0.30598265197551255,0.07446728693754227,0,0.01025,1.0011568069458008,False,0.0,crackles,5,13.055,0.0,0.030596052144267808,0.009030316441546992,0.970055406223486,3.0901227547932883e-06,14.457030391463592,,False,,0.8369565217391305,0.8815217391304347,0.14021739130434782,0.20543478260869566,0.8021739130434783,0.14347826086956522,0.4032608695652174,0.808695652173913,0.3184782608695652,0.11032608695652174,0.4320652173913043,0.14402173913043478,0.11739130434782609,0.1608695652173913,0.5134239130434782
160,2b4,160_2b4,Pr,mc,AKGC417L,160_2b4_Pr_mc_AKGC417L,/nas/home/pcallandrone/DeepLearning/dataset/ICBHI_2017/ICBHI_final_database/160_2b4_Pr_mc_AKGC417L.wav,/nas/home/pcallandrone/DeepLearning/dataset/ICBHI_2017/ICBHI_final_database/160_2b4_Pr_mc_AKGC417L.txt,44100,20.0,0.17299461722277867,0.9142301678657532,0.0,-1.3024638974457048e-05,0.17474157105105292,0.6968001127243042,0.0,12.014239519980897,0.022283333333333332,27,0.15067208554163122,0.1603677765359709,0.17342205958794404,0.06917898680582325,0,0.0,0.6968001127243042,False,0.0,crackles,5,13.055,0.0,0.09621443933352924,0.058087536880298024,0.9046845884033141,6.728722785217312e-06,22.59024706229416,,False,,0.5597826086956522,0.6108695652173913,0.4043478260869565,0.6923913043478261,0.842391304347826,0.40652173913043477,0.266304347826087,0.7135869565217391,0.7516304347826087,0.11032608695652174,0.4320652173913043,0.14402173913043478,0.29347826086956524,0.30543478260869567,0.5390543478260869
160,2b4,160_2b4,Tc,mc,AKGC417L,160_2b4_Tc_mc_AKGC417L,/nas/home/pcallandrone/DeepLearning/dataset/ICBHI_2017/ICBHI_final_database/160_2b4_Tc_mc_AKGC417L.wav,/nas/home/pcallandrone/DeepLearning/dataset/ICBHI_2017/ICBHI_final_database/160_2b4_Tc_mc_AKGC417L.txt,44100,20.0,0.22933536838294127,1.0000392198562622,0.004541950113378685,-3.93963091482874e-05,0.2270970818778804,1.0113896131515503,0.00335,12.974138705219392,0.030416666666666668,27,0.1854558903105193,0.19504507845907026,0.22720605189045234,0.11406377010770725,0,0.012,1.0113896131515503,False,0.0,normal,5,13.055,1.0,0.08422772878712406,0.014821244134855107,0.9177887289934292,2.390041319816351e-06,24.787879215663956,,False,,0.6923913043478261,0.7152173913043478,0.35978260869565215,0.2902173913043478,0.5184782608695652,0.35978260869565215,0.4489130434782609,0.42282608695652174,0.2608695652173913,0.11032608695652174,0.4320652173913043,0.8347826086956521,0.3641304347826087,0.4326086956521739,0.5437717391304349
161,1b1,161_1b1,Al,sc,Meditron,161_1b1_Al_sc_Meditron,/nas/home/pcallandrone/DeepLearning/dataset/ICBHI_2017/ICBHI_final_database/161_1b1_Al_sc_Meditron.wav,/nas/home/pcallandrone/DeepLearning/dataset/ICBHI_2017/ICBHI_final_database/161_1b1_Al_sc_Meditron.txt,44100,20.0,0.08856462001755896,0.5092048645019531,0.0,1.9185474229743704e-05,0.09286011447721838,0.508865237236023,0.0,14.775471363547542,0.02705,27,0.07643706381331128,0.07885155950808491,0.08797977144480316,0.13912711693344623,0,0.0,0.508865237236023,False,0.0,both,7,14.821,0.23088860400782674,0.08506214040715188,0.02034475285678859,0.9152786999173566,1.584272303071555e-07,23.106372904020507,,False,,0.325,0.36195652173913045,0.3630434782608696,0.391304347826087,0.4,0.36630434782608695,0.8282608695652174,0.5423913043478261,0.7516304347826087,0.595108695652174,0.7880434782608695,0.4152173913043478,0.3076086956521739,0.6641304347826087,0.49083695652173914
161,1b1,161_1b1,Pl,sc,Meditron,161_1b1_Pl_sc_Meditron,/nas/home/pcallandrone/DeepLearning/dataset/ICBHI_2017/ICBHI_final_database/161_1b1_Pl_sc_Meditron.wav,/nas/home/pcallandrone/DeepLearning/dataset/ICBHI_2017/ICBHI_final_database/161_1b1_Pl_sc_Meditron.txt,44100,20.0,0.10129715400636564,0.6893051266670227,0.0,-8.684299245942384e-05,0.1019775762078715,0.6890167593955994,0.0,16.594501994870907,0.034583333333333334,27,0.07154917817112179,0.07711615388119587,0.09607905601448939,0.22124783857820685,0,0.0,0.6890167593955994,False,0.0,wheezes,8,14.95,0.3554515050167224,0.021038988070202443,0.0026278199682582197,0.9790410615121632,1.0183115829185378e-07,14.512606110829598,,False,,0.36086956521739133,0.3532608695652174,0.09891304347826087,0.075,0.19456521739130433,0.10652173913043478,0.8641304347826086,0.3391304347826087,0.7516304347826087,0.775,0.8864130434782609,0.4771739130434783,0.12065217391304348,0.8706521739130435,0.3995869565217392
162,1b2,162_1b2,Al,mc,AKGC417L,162_1b2_Al_mc_AKGC417L,/nas/home/pcallandrone/DeepLearning/dataset/ICBHI_2017/ICBHI_final_database/162_1b2_Al_mc_AKGC417L.wav,/nas/home/pcallandrone/DeepLearning/dataset/ICBHI_2017/ICBHI_final_database/162_1b2_Al_mc_AKGC417L.txt,44100,20.0,0.17533936039631026,1.0001214742660522,0.0010249433106575964,-0.00012158916069893166,0.17275797055793798,1.0043615102767944,0.0009833333333333332,15.289039344238244,0.03936666666666667,27,0.12672660056750823,0.13979692930107737,0.1771171961024189,0.17100514349223758,0,0.004875,1.0043615102767944,False,0.0,normal,3,14.908,1.0,0.23890591818640985,0.03713400837572697,0.7617057202343946,1.8513416778431002e-06,37.4035950220446,,False,,0.5521739130434783,0.5630434782608695,0.7260869565217392,0.5717391304347826,0.29239130434782606,0.7380434782608696,0.4956521739130435,0.26521739130434785,0.3423913043478261,0.6663043478260869,0.043478260869565216,0.8347826086956521,0.6543478260869565,0.725,0.6232826086956521
162,1b2,162_1b2,Ar,mc,AKGC417L,162_1b2_Ar_mc_AKGC417L,/nas/home/pcallandrone/DeepLearning/dataset/ICBHI_2017/ICBHI_final_database/162_1b2_Ar_mc_AKGC417L.wav,/nas/home/pcallandrone/DeepLearning/dataset/ICBHI_2017/ICBHI_final_database/162_1b2_Ar_mc_AKGC417L.txt,44100,20.0,0.20967803454857814,1.0003799200057983,0.006369614512471655,-0.000379985140170902,0.21494001593499854,1.004407525062561,0.006933333333333333,13.391853617298406,0.03468333333333333,27,0.1462258323126668,0.16229908480199481,0.186654202508758,0.2560994654198335,0,0.048,1.004407525062561,False,0.0,both,3,14.908,0.5095250872015026,0.17083261531160915,0.039248252451267965,0.8293773361670556,8.375135328532329e-07,31.232078928230344,,False,,0.6619565217391304,0.6173913043478261,0.6065217391304348,0.5836956521739131,0.1532608695652174,0.6152173913043478,0.6391304347826087,0.33804347826086956,0.1934782608695652,0.6663043478260869,0.043478260869565216,0.5304347826086957,0.532608695652174,0.4826086956521739,0.5834782608695653
162,1b2,162_1b2,Ll,mc,AKGC417L,162_1b2_Ll_mc_AKGC417L,/nas/home/pcallandrone/DeepLearning/dataset/ICBHI_2017/ICBHI_final_database/162_1b2_Ll_mc_AKGC417L.wav,/nas/home/pcallandrone/DeepLearning/dataset/ICBHI_2017/ICBHI_final_database/162_1b2_Ll_mc_AKGC417L.txt,44100,20.0,0.08543918175169692,0.34260258078575134,0.0,0.00016567121201660484,0.08414975659951436,0.3383334279060364,0.0,12.085840885579822,0.02245,27,0.0685345942873667,0.07484913460592287,0.0858426158205552,0.10528276641508084,0,0.0,0.3383334279060364,False,0.0,normal,3,14.908,1.0,0.07961847114514782,0.021501016724369524,0.9214292011555506,1.9477258727256813e-05,16.970400901343925,,False,,0.28695652173913044,0.34347826086956523,0.3456521739130435,0.40869565217391307,0.5771739130434783,0.34891304347826085,0.13695652173913042,0.7108695652173913,0.7516304347826087,0.6663043478260869,0.043478260869565216,0.8347826086956521,0.1673913043478261,0.3119565217391304,0.4624728260869566
162,1b2,162_1b2,Lr,mc,AKGC417L,162_1b2_Lr_mc_AKGC417L,/nas/home/pcallandrone/DeepLearning/dataset/ICBHI_2017/ICBHI_final_database/162_1b2_Lr_mc_AKGC417L.wav,/nas/home/pcallandrone/DeepLearning/dataset/ICBHI_2017/ICBHI_final_database/162_1b2_Lr_mc_AKGC417L.txt,44100,20.0,0.08935896189442778,0.9999538064002991,4.421768707482993e-05,4.605162394000217e-05,0.09688587789320938,1.0222128629684448,3.3333333333333335e-05,20.465617246498983,0.058166666666666665,27,0.05448715986091908,0.056391780935774134,0.08327140233340909,0.33349105150397684,0,0.00025,1.0222128629684448,False,0.0,normal,3,14.908,1.0,0.06844587282198822,0.02371125855496073,0.9325028833033914,1.2386066218443661e-06,19.163311571170187,,False,,0.3456521739130435,0.26521739130434785,0.2847826086956522,0.44456521739130433,0.08586956521739131,0.28695652173913044,0.5673913043478261,0.12282608695652174,0.4722826086956522,0.6663043478260869,0.043478260869565216,0.8347826086956521,0.2,0.7641304347826087,0.39938586956521743
162,1b2,162_1b2,Pl,mc,AKGC417L,162_1b2_Pl_mc_AKGC417L,/nas/home/pcallandrone/DeepLearning/dataset/ICBHI_2017/ICBHI_final_database/162_1b2_Pl_mc_AKGC417L.wav,/nas/home/pcallandrone/DeepLearning/dataset/ICBHI_2017/ICBHI_final_database/162_1b2_Pl_mc_AKGC417L.txt,44100,20.0,0.12054220803869763,1.000067949295044,0.0001349206349206349,6.793079955969006e-05,0.12811061468111373,1.0009139776229858,0.00016666666666666666,17.856232777035107,0.04073333333333334,27,0.08542215739984864,0.09064919041210746,0.11711852800052988,0.24085898286657276,0,0.00125,1.0009139776229858,False,0.0,normal,3,14.908,1.0,0.06759659889123555,0.021663275355770232,0.9326658950278217,1.4030387336700566e-06,20.86756032755045,,False,,0.4434782608695652,0.4043478260869565,0.28152173913043477,0.4108695652173913,0.17065217391304346,0.28369565217391307,0.5434782608695652,0.24782608695652175,0.4266304347826087,0.6663043478260869,0.043478260869565216,0.8347826086956521,0.24891304347826088,0.9902173913043478,0.45096195652173915
162,1b2,162_1b2,Pr,mc,AKGC417L,162_1b2_Pr_mc_AKGC417L,/nas/home/pcallandrone/DeepLearning/dataset/ICBHI_2017/ICBHI_final_database/162_1b2_Pr_mc_AKGC417L.wav,/nas/home/pcallandrone/DeepLearning/dataset/ICBHI_2017/ICBHI_final_database/162_1b2_Pr_mc_AKGC417L.txt,44100,20.0,0.12454278010715833,0.6128534078598022,0.0,0.00027344495174475014,0.1288503475153466,0.6115671992301941,0.0,13.527171797896214,0.027316666666666666,27,0.10008865093023493,0.10395062907707685,0.1297115373537799,0.13742329652956975,0,0.0,0.6115671992301941,False,0.0,normal,3,14.908,1.0,0.10483831205814557,0.03614617251561213,0.8962557776096144,3.009582931910306e-06,24.451630295569377,,False,,0.44782608695652176,0.4489130434782609,0.43478260869565216,0.566304347826087,0.40652173913043477,0.4326086956521739,0.4076086956521739,0.5331521739130435,0.7516304347826087,0.6663043478260869,0.043478260869565216,0.8347826086956521,0.35434782608695653,0.4934782608695652,0.5377173913043479
162,1b2,162_1b2,Tc,mc,AKGC417L,162_1b2_Tc_mc_AKGC417L,/nas/home/pcallandrone/DeepLearning/dataset/ICBHI_2017/ICBHI_final_database/162_1b2_Tc_mc_AKGC417L.wav,/nas/home/pcallandrone/DeepLearning/dataset/ICBHI_2017/ICBHI_final_database/162_1b2_Tc_mc_AKGC417L.txt,44100,20.0,0.17746624148082019,1.0002374649047852,0.0015895691609977324,0.00023748168314341456,0.17437313115530867,1.0452524423599243,0.0014166666666666668,15.554832493335642,0.04256666666666667,27,0.09448801878078504,0.13528751456813123,0.15664700236688348,0.19431670303868004,0,0.005,1.0452524423599243,False,0.0,crackles,3,14.908,0.0,0.3063138478405481,0.17533112500318868,0.6960274125555413,0.00011375735159811255,110.19289774431164,,False,,0.5565217391304348,0.5543478260869565,0.8021739130434783,0.908695652173913,0.2326086956521739,0.8108695652173913,0.059782608695652176,0.22065217391304348,0.3293478260869565,0.6663043478260869,0.043478260869565216,0.14402173913043478,0.9684782608695652,0.7652173913043478,0.5824021739130434
162,2b2,162_2b2,Al,mc,AKGC417L,162_2b2_Al_mc_AKGC417L,/nas/home/pcallandrone/DeepLearning/dataset/ICBHI_2017/ICBHI_final_database/162_2b2_Al_mc_AKGC417L.wav,/nas/home/pcallandrone/DeepLearning/dataset/ICBHI_2017/ICBHI_final_database/162_2b2_Al_mc_AKGC417L.txt,44100,20.0,0.23356293957323274,1.0002210140228271,0.015505668934240362,0.0002210020029451698,0.22869989957220985,1.0054807662963867,0.0128,12.862155867308784,0.03551666666666667,27,0.1128171083220728,0.11955834318085443,0.21690257132518734,0.35115623025318143,0,0.041625,1.0054807662963867,False,0.0,normal,3,14.925,1.0,0.15157743768432985,0.02091003824388012,0.8484825487459444,1.3671570126762103e-06,33.359336847318396,,False,,0.6956521739130435,0.5010869565217392,0.566304347826087,0.3978260869565217,0.075,0.5728260869565217,0.5489130434782609,0.32608695652173914,0.14673913043478262,0.7097826086956521,0.043478260869565216,0.8347826086956521,0.5771739130434783,0.41630434782608694,0.5553478260869565
162,2b2,162_2b2,Ar,mc,AKGC417L,162_2b2_Ar_mc_AKGC417L,/nas/home/pcallandrone/DeepLearning/dataset/ICBHI_2017/ICBHI_final_database/162_2b2_Ar_mc_AKGC417L.wav,/nas/home/pcallandrone/DeepLearning/dataset/ICBHI_2017/ICBHI_final_database/162_2b2_Ar_mc_AKGC417L.txt,44100,20.0,0.34194267964595704,1.0003312826156616,0.03050453514739229,0.0003312414337415248,0.3472021886918778,1.0113823413848877,0.0285,9.286658245814367,0.0229,27,0.30173925654710015,0.3171382539747779,0.33443750803333644,0.10907734038316547,0,0.059375,1.0113823413848877,False,0.0,normal,3,14.925,1.0,0.20130751680887246,0.03581566041008765,0.7988002154784005,9.494309522618596e-07,39.7156272789644,,False,,0.8760869565217392,0.9065217391304348,0.6684782608695652,0.5630434782608695,0.5521739130434783,0.6793478260869565,0.6173913043478261,0.6945652173913044,0.07717391304347826,0.7097826086956521,0.043478260869565216,0.8347826086956521,0.6956521739130435,0.125,0.7532608695652173
162,2b2,162_2b2,Pl,mc,AKGC417L,162_2b2_Pl_mc_AKGC417L,/nas/home/pcallandrone/DeepLearning/dataset/ICBHI_2017/ICBHI_final_database/162_2b2_Pl_mc_AKGC417L.wav,/nas/home/pcallandrone/DeepLearning/dataset/ICBHI_2017/ICBHI_final_database/162_2b2_Pl_mc_AKGC417L.txt,44100,20.0,0.08449883817271221,0.6349422931671143,0.0,0.00026511758915148675,0.0810326495203058,0.3827698230743408,0.0,13.485553032651476,0.027833333333333335,27,0.06431845730184216,0.06626084594762822,0.08073772852284569,0.12299576964963653,0,0.0,0.3827698230743408,False,0.0,normal,3,14.925,1.0,0.09821103600454062,0.045089347930596956,0.9022952463185414,2.9191773673429265e-06,23.7887447282565,,False,,0.26956521739130435,0.3065217391304348,0.41195652173913044,0.633695652173913,0.47608695652173916,0.41304347826086957,0.41304347826086957,0.5097826086956522,0.7516304347826087,0.7097826086956521,0.043478260869565216,0.8347826086956521,0.32717391304347826,0.4891304347826087,0.4973315217391304
162,2b2,162_2b2,Pr,mc,AKGC417L,162_2b2_Pr_mc_AKGC417L,/nas/home/pcallandrone/DeepLearning/dataset/ICBHI_2017/ICBHI_final_database/162_2b2_Pr_mc_AKGC417L.wav,/nas/home/pcallandrone/DeepLearning/dataset/ICBHI_2017/ICBHI_final_database/162_2b2_Pr_mc_AKGC417L.txt,44100,20.0,0.09185936002246892,0.8821409344673157,0.0,0.00029976145015098155,0.09339112295781292,0.8798598051071167,0.0,19.482157603786597,0.04513333333333333,27,0.0732391501470936,0.07905278611591544,0.08489025402749156,0.19348224396474029,0,0.0,0.8798598051071167,False,0.0,normal,3,14.925,1.0,0.13239154179285173,0.03423307354474861,0.8681409511859093,7.2152531322634366e-06,23.83241691388936,,False,,0.3293478260869565,0.3630434782608696,0.5152173913043478,0.55,0.2391304347826087,0.5195652173913043,0.2510869565217391,0.19456521739130433,0.7516304347826087,0.7097826086956521,0.043478260869565216,0.8347826086956521,0.33043478260869563,0.8597826086956522,0.48940760869565225
162,2b2,162_2b2,Tc,mc,AKGC417L,162_2b2_Tc_mc_AKGC417L,/nas/home/pcallandrone/DeepLearning/dataset/ICBHI_2017/ICBHI_final_database/162_2b2_Tc_mc_AKGC417L.wav,/nas/home/pcallandrone/DeepLearning/dataset/ICBHI_2017/ICBHI_final_database/162_2b2_Tc_mc_AKGC417L.txt,44100,20.0,0.10619859706801099,0.9718786478042603,0.0,0.00010442049824632704,0.10621843146630039,0.9694687128067017,0.0,19.206678271562613,0.049633333333333335,27,0.08645523905905741,0.09248139993170322,0.10825635067064616,0.0904111925896445,0,0.0,0.9694687128067017,False,0.0,normal,3,14.925,1.0,0.2150738565501129,0.12893197591351377,0.7852931207311715,5.0143118165371284e-05,72.65511530791593,,False,,0.3760869565217391,0.40869565217391307,0.6869565217391305,0.8543478260869565,0.6902173913043478,0.6967391304347826,0.08478260869565217,0.15760869565217392,0.7516304347826087,0.7097826086956521,0.043478260869565216,0.8347826086956521,0.9293478260869565,0.8923913043478261,0.618342391304348
162,2b3,162_2b3,Al,mc,AKGC417L,162_2b3_Al_mc_AKGC417L,/nas/home/pcallandrone/DeepLearning/dataset/ICBHI_2017/ICBHI_final_database/162_2b3_Al_mc_AKGC417L.wav,/nas/home/pcallandrone/DeepLearning/dataset/ICBHI_2017/ICBHI_final_database/162_2b3_Al_mc_AKGC417L.txt,44100,20.0,0.21429711858751369,1.0001002550125122,0.01107142857142857,0.00010030062549049035,0.2100462479339118,1.0058456659317017,0.0101,13.604328412146936,0.040966666666666665,27,0.09574541837986641,0.10744631411435844,0.2018659894612711,0.385217122601838,0,0.04525,1.0058456659317017,False,0.0,normal,3,14.891,1.0,0.1420788477637546,0.024108655377362398,0.858978102774841,1.998858252439724e-06,33.78105591288223,,False,,0.6543478260869565,0.45760869565217394,0.5402173913043479,0.45,0.05434782608695652,0.5456521739130434,0.48478260869565215,0.24456521739130435,0.16195652173913044,0.6353260869565217,0.043478260869565216,0.8347826086956521,0.5858695652173913,0.5032608695652174,0.5268532608695653
162,2b3,162_2b3,Ar,mc,AKGC417L,162_2b3_Ar_mc_AKGC417L,/nas/home/pcallandrone/DeepLearning/dataset/ICBHI_2017/ICBHI_final_database/162_2b3_Ar_mc_AKGC417L.wav,/nas/home/pcallandrone/DeepLearning/dataset/ICBHI_2017/ICBHI_final_database/162_2b3_Ar_mc_AKGC417L.txt,44100,20.0,0.35075130060910054,1.000290036201477,0.02920294784580499,0.0002900385297834873,0.3554747563897458,1.0135486125946045,0.028266666666666666,9.100716362157703,0.0228,27,0.2795886075115565,0.29852602227078173,0.35189051757112333,0.13825816500051202,0,0.077375,1.0135486125946045,False,0.0,normal,3,14.891,1.0,0.23555866057763447,0.043640858651984624,0.7651974119240194,9.336825598154353e-07,37.52889710266322,,False,,0.8902173913043478,0.8913043478260869,0.7184782608695652,0.6228260869565218,0.40217391304347827,0.7304347826086957,0.6217391304347826,0.7,0.07934782608695652,0.6353260869565217,0.043478260869565216,0.8347826086956521,0.658695652173913,0.11521739130434783,0.7481684782608695
162,2b3,162_2b3,Lr,mc,AKGC417L,162_2b3_Lr_mc_AKGC417L,/nas/home/pcallandrone/DeepLearning/dataset/ICBHI_2017/ICBHI_final_database/162_2b3_Lr_mc_AKGC417L.wav,/nas/home/pcallandrone/DeepLearning/dataset/ICBHI_2017/ICBHI_final_database/162_2b3_Lr_mc_AKGC417L.txt,44100,20.0,0.10924410475035716,0.9398998618125916,0.0,7.895271119195968e-05,0.10843923499787202,0.9391611218452454,0.0,18.75107320811641,0.045283333333333335,27,0.0775612334705463,0.09126794347880926,0.10396548811983808,0.1825634155048868,0,0.0,0.9391611218452454,False,0.0,normal,3,14.891,1.0,0.022890872756289326,0.0070989669159028145,0.9773412012598741,2.0569483930212896e-06,15.858543689827838,,False,,0.3847826086956522,0.40543478260869564,0.10760869565217392,0.15543478260869564,0.25869565217391305,0.11521739130434783,0.47934782608695653,0.1923913043478261,0.7516304347826087,0.6353260869565217,0.043478260869565216,0.8347826086956521,0.15217391304347827,0.9402173913043478,0.3882608695652174
162,2b3,162_2b3,Pl,mc,AKGC417L,162_2b3_Pl_mc_AKGC417L,/nas/home/pcallandrone/DeepLearning/dataset/ICBHI_2017/ICBHI_final_database/162_2b3_Pl_mc_AKGC417L.wav,/nas/home/pcallandrone/DeepLearning/dataset/ICBHI_2017/ICBHI_final_database/162_2b3_Pl_mc_AKGC417L.txt,44100,20.0,0.42603256540393064,1.0003583431243896,0.03708390022675737,0.00035832097637467086,0.4326250797154276,1.0257515907287598,0.035616666666666665,7.498610134297285,0.015633333333333332,27,0.33915392998479793,0.3711942891073482,0.43393311636775744,0.10584313293221712,0,0.06825,1.0257515907287598,False,0.0,normal,3,14.891,1.0,0.12944218192581342,0.057944093650954764,0.870593657057697,2.519445182013048e-06,29.625135809619323,,False,,0.9445652173913044,0.9467391304347826,0.508695652173913,0.691304347826087,0.5717391304347826,0.5130434782608696,0.44021739130434784,0.946195652173913,0.058695652173913045,0.6353260869565217,0.043478260869565216,0.8347826086956521,0.4934782608695652,0.06086956521739131,0.7315652173913044
162,2b3,162_2b3,Pr,mc,AKGC417L,162_2b3_Pr_mc_AKGC417L,/nas/home/pcallandrone/DeepLearning/dataset/ICBHI_2017/ICBHI_final_database/162_2b3_Pr_mc_AKGC417L.wav,/nas/home/pcallandrone/DeepLearning/dataset/ICBHI_2017/ICBHI_final_database/162_2b3_Pr_mc_AKGC417L.txt,44100,20.0,0.1977038778461758,1.000166416168213,0.0009331065759637188,-0.00016654636419843882,0.19316408764773263,1.0012887716293335,0.00015,14.292659173269088,0.0261,27,0.15601685214506486,0.16145715855690151,0.19594382855269393,0.09769255289428093,0,0.001125,1.0012887716293335,False,0.0,normal,3,14.891,1.0,0.1503796661242237,0.048315979605264125,0.8496269794598291,7.517067166467032e-06,30.994469749247074,,False,,0.6054347826086957,0.6141304347826086,0.5630434782608695,0.6532608695652173,0.6326086956521739,0.5695652173913044,0.24347826086956523,0.5684782608695652,0.4320652173913043,0.6353260869565217,0.043478260869565216,0.8347826086956521,0.5282608695652173,0.6119565217391304,0.6339130434782609
162,2b3,162_2b3,Tc,mc,AKGC417L,162_2b3_Tc_mc_AKGC417L,/nas/home/pcallandrone/DeepLearning/dataset/ICBHI_2017/ICBHI_final_database/162_2b3_Tc_mc_AKGC417L.wav,/nas/home/pcallandrone/DeepLearning/dataset/ICBHI_2017/ICBHI_final_database/162_2b3_Tc_mc_AKGC417L.txt,44100,20.0,0.022543371629797266,0.13157188892364502,0.0,-3.194814416929148e-05,0.022434096873448356,0.0879625678062439,0.0,11.867786119863549,0.021033333333333334,27,0.017843664570637664,0.020098933349629606,0.022942309981446047,0.08686883672639825,0,0.0,0.0879625678062439,False,0.0,normal,3,14.891,1.0,0.18545837970804385,0.1238895331629331,0.835447411107643,0.0004299156909875844,87.46813284574466,,False,,0.07065217391304347,0.07934782608695652,0.6413043478260869,0.8456521739130435,0.716304347826087,0.6032608695652174,0.025,0.758695652173913,0.7516304347826087,0.6353260869565217,0.043478260869565216,0.8347826086956521,0.9510869565217391,0.28369565217391307,0.515358695652174
162,2b4,162_2b4,Al,mc,AKGC417L,162_2b4_Al_mc_AKGC417L,/nas/home/pcallandrone/DeepLearning/dataset/ICBHI_2017/ICBHI_final_database/162_2b4_Al_mc_AKGC417L.wav,/nas/home/pcallandrone/DeepLearning/dataset/ICBHI_2017/ICBHI_final_database/162_2b4_Al_mc_AKGC417L.txt,44100,20.0,0.21214528124472423,1.0002297163009644,0.00791609977324263,0.0002296770253451541,0.20785587361810975,1.0033098459243774,0.0071333333333333335,13.673455452350309,0.0369,27,0.12029306145917326,0.14759608132343718,0.21121199698491736,0.26184293399719955,0,0.03425,1.0033098459243774,False,0.0,normal,3,11.402000000000001,1.0,0.19193983175257176,0.037520130358353616,0.8085784353387236,5.26193574030588e-06,37.50963144907347,,False,,0.6478260869565218,0.5804347826086956,0.6554347826086957,0.5760869565217391,0.14565217391304347,0.6673913043478261,0.3076086956521739,0.30434782608695654,0.18478260869565216,0.03206521739130435,0.043478260869565216,0.8347826086956521,0.657608695652174,0.5108695652173914,0.5445380434782608
162,2b4,162_2b4,Ar,mc,AKGC417L,162_2b4_Ar_mc_AKGC417L,/nas/home/pcallandrone/DeepLearning/dataset/ICBHI_2017/ICBHI_final_database/162_2b4_Ar_mc_AKGC417L.wav,/nas/home/pcallandrone/DeepLearning/dataset/ICBHI_2017/ICBHI_final_database/162_2b4_Ar_mc_AKGC417L.txt,44100,20.0,0.46406410747741433,1.0001564025878906,0.08065079365079365,-0.00015652974252589047,0.44967321105697367,1.011672019958496,0.0628,7.042854462223726,0.02215,27,0.2638180859828119,0.28130544444461847,0.4880071624237905,0.21444606099529198,0,0.14,1.011672019958496,False,0.0,normal,3,11.402000000000001,1.0,0.21741883611062163,0.05582297632327892,0.7825827369599376,2.105399813987347e-06,37.58666147245794,,False,,0.9576086956521739,0.875,0.691304347826087,0.6880434782608695,0.20434782608695654,0.7032608695652174,0.475,0.7206521739130435,0.030434782608695653,0.03206521739130435,0.043478260869565216,0.8347826086956521,0.6608695652173913,0.04021739130434782,0.6796467391304348
162,2b4,162_2b4,Lr,mc,AKGC417L,162_2b4_Lr_mc_AKGC417L,/nas/home/pcallandrone/DeepLearning/dataset/ICBHI_2017/ICBHI_final_database/162_2b4_Lr_mc_AKGC417L.wav,/nas/home/pcallandrone/DeepLearning/dataset/ICBHI_2017/ICBHI_final_database/162_2b4_Lr_mc_AKGC417L.txt,44100,20.0,0.18776307999444958,1.0005642175674438,0.0019410430839002268,0.000564203888643533,0.1896315850709629,1.0013420581817627,0.0025833333333333333,14.453435645620205,0.038983333333333335,27,0.07092857614908046,0.07297497492142815,0.165951663793115,0.4394114853811132,0,0.0125,1.0013420581817627,False,0.0,normal,3,11.402000000000001,1.0,0.019146852476688427,0.005035445208581598,0.9809097846666819,6.399194708720238e-07,14.09724918513259,,False,,0.592391304347826,0.33369565217391306,0.09021739130434783,0.1358695652173913,0.03152173913043478,0.09891304347826087,0.6815217391304348,0.2717391304347826,0.2793478260869565,0.03206521739130435,0.043478260869565216,0.8347826086956521,0.11304347826086956,0.633695652173913,0.33137500000000003
162,2b4,162_2b4,Pl,mc,AKGC417L,162_2b4_Pl_mc_AKGC417L,/nas/home/pcallandrone/DeepLearning/dataset/ICBHI_2017/ICBHI_final_database/162_2b4_Pl_mc_AKGC417L.wav,/nas/home/pcallandrone/DeepLearning/dataset/ICBHI_2017/ICBHI_final_database/162_2b4_Pl_mc_AKGC417L.txt,44100,20.0,0.49622317138152133,1.0011780261993408,0.0796326530612245,0.0011780557688325644,0.5006135067678439,1.0235334634780884,0.05341666666666667,6.211989662344463,0.014083333333333333,27,0.2973832335707159,0.3057355665135857,0.5205425792822812,0.20016257264172943,0,0.12725,1.0235334634780884,False,0.0,normal,3,11.402000000000001,1.0,0.1813333003686186,0.05908073863425395,0.8194030812132688,2.3944288439260078e-06,36.66425003957615,,False,,0.9782608695652174,0.9,0.6304347826086957,0.6978260869565217,0.22391304347826088,0.6413043478260869,0.44782608695652176,0.9782608695652174,0.042391304347826085,0.03206521739130435,0.043478260869565216,0.8347826086956521,0.6434782608695652,0.021739130434782608,0.6858641304347827
162,2b4,162_2b4,Pr,mc,AKGC417L,162_2b4_Pr_mc_AKGC417L,/nas/home/pcallandrone/DeepLearning/dataset/ICBHI_2017/ICBHI_final_database/162_2b4_Pr_mc_AKGC417L.wav,/nas/home/pcallandrone/DeepLearning/dataset/ICBHI_2017/ICBHI_final_database/162_2b4_Pr_mc_AKGC417L.txt,44100,20.0,0.2312320411371083,1.000451922416687,0.0014773242630385488,0.000451868079835549,0.23943776243118672,1.004370927810669,0.00165,12.454029755382791,0.024883333333333334,27,0.16172668412228464,0.17621049880444165,0.23607308486597922,0.1856518799945781,0,0.00975,1.004370927810669,False,0.0,wheezes,3,11.402000000000001,0.6676898789686021,0.22856568981885717,0.07118329321191848,0.7714634602008267,5.083426094969485e-06,40.39539951288582,,False,,0.7195652173913043,0.6641304347826087,0.7076086956521739,0.7380434782608696,0.2532608695652174,0.7184782608695652,0.3119565217391304,0.6119565217391304,0.3119565217391304,0.03206521739130435,0.043478260869565216,0.5706521739130435,0.7032608695652174,0.3565217391304348,0.601070652173913
162,2b4,162_2b4,Tc,mc,AKGC417L,162_2b4_Tc_mc_AKGC417L,/nas/home/pcallandrone/DeepLearning/dataset/ICBHI_2017/ICBHI_final_database/162_2b4_Tc_mc_AKGC417L.wav,/nas/home/pcallandrone/DeepLearning/dataset/ICBHI_2017/ICBHI_final_database/162_2b4_Tc_mc_AKGC417L.txt,44100,20.0,0.02588510346475192,0.2362951785326004,0.0,7.053212902974337e-05,0.02525304910733344,0.14977723360061646,0.0,15.462639597544495,0.033166666666666664,27,0.01833477834148018,0.020216742863304972,0.02466527942066275,0.15061461575575757,0,0.0,0.14977723360061646,False,0.0,crackles,3,11.402000000000001,0.0,0.4726345674280599,0.3552541243542126,0.5443947336016349,0.001981040233412494,231.04398363950446,,True,,0.08152173913043478,0.08043478260869565,0.9195652173913044,0.9706521739130435,0.3695652173913043,0.9163043478260869,0.007608695652173913,0.3652173913043478,0.7516304347826087,0.03206521739130435,0.043478260869565216,0.14402173913043478,0.9934782608695653,0.7521739130434782,0.4521304347826088
163,2b2,163_2b2,Al,mc,AKGC417L,163_2b2_Al_mc_AKGC417L,/nas/home/pcallandrone/DeepLearning/dataset/ICBHI_2017/ICBHI_final_database/163_2b2_Al_mc_AKGC417L.wav,/nas/home/pcallandrone/DeepLearning/dataset/ICBHI_2017/ICBHI_final_database/163_2b2_Al_mc_AKGC417L.txt,44100,20.0,0.05507502852838625,0.3952668309211731,0.0,9.26725915633142e-05,0.05669544166950514,0.39429333806037903,0.0,16.845425913686107,0.0344,27,0.04882522754671451,0.05109597781258204,0.05733137759764708,0.08670341534606622,0,0.0,0.39429333806037903,False,0.0,normal,4,14.975,1.0,0.0431462564376288,0.009306779057618843,0.9572513226335533,4.44996980393401e-07,17.56185828691217,,False,,0.17391304347826086,0.23043478260869565,0.1891304347826087,0.20869565217391303,0.717391304347826,0.19456521739130433,0.7347826086956522,0.34456521739130436,0.7516304347826087,0.9043478260869565,0.19510869565217392,0.8347826086956521,0.17282608695652174,0.8967391304347826,0.4462717391304348
163,2b2,163_2b2,Ar,mc,AKGC417L,163_2b2_Ar_mc_AKGC417L,/nas/home/pcallandrone/DeepLearning/dataset/ICBHI_2017/ICBHI_final_database/163_2b2_Ar_mc_AKGC417L.wav,/nas/home/pcallandrone/DeepLearning/dataset/ICBHI_2017/ICBHI_final_database/163_2b2_Ar_mc_AKGC417L.txt,44100,20.0,0.09095040793781198,0.3991644084453583,0.0,3.187323090969585e-05,0.09388477886388004,0.39835575222969055,0.0,12.553518091867842,0.025466666666666665,27,0.07528742848496278,0.0826900671367508,0.09148879567299563,0.11686948895781596,0,0.0,0.39835575222969055,False,0.0,normal,4,14.975,1.0,0.08271761371288025,0.021354032388907655,0.9176104439804998,4.184837275268549e-06,27.882030308961628,,False,,0.33260869565217394,0.37717391304347825,0.3565217391304348,0.40652173913043477,0.5,0.36086956521739133,0.34347826086956523,0.5858695652173913,0.7516304347826087,0.9043478260869565,0.19510869565217392,0.8347826086956521,0.4467391304347826,0.375,0.5083695652173913
163,2b2,163_2b2,Ll,mc,AKGC417L,163_2b2_Ll_mc_AKGC417L,/nas/home/pcallandrone/DeepLearning/dataset/ICBHI_2017/ICBHI_final_database/163_2b2_Ll_mc_AKGC417L.wav,/nas/home/pcallandrone/DeepLearning/dataset/ICBHI_2017/ICBHI_final_database/163_2b2_Ll_mc_AKGC417L.txt,44100,20.0,0.09846530633227937,0.5812351703643799,0.0,5.208134462009184e-05,0.10320263568534661,0.5777179598808289,0.0,14.960501593289619,0.030966666666666667,27,0.0809238557196779,0.08239084745224973,0.09494013556547974,0.1915212910194155,0,0.0,0.5777179598808289,False,0.0,crackles,4,14.975,0.36614357262103514,0.11459967130718413,0.03515802562127854,0.8854914273306694,1.2488267353774305e-05,23.907142783534745,,False,,0.3652173913043478,0.375,0.4673913043478261,0.5576086956521739,0.24347826086956523,0.46956521739130436,0.1815217391304348,0.4076086956521739,0.7516304347826087,0.9043478260869565,0.19510869565217392,0.4826086956521739,0.33369565217391306,0.6847826086956522,0.47866304347826094
163,2b2,163_2b2,Lr,mc,AKGC417L,163_2b2_Lr_mc_AKGC417L,/nas/home/pcallandrone/DeepLearning/dataset/ICBHI_2017/ICBHI_final_database/163_2b2_Lr_mc_AKGC417L.wav,/nas/home/pcallandrone/DeepLearning/dataset/ICBHI_2017/ICBHI_final_database/163_2b2_Lr_mc_AKGC417L.txt,44100,20.0,0.23060629916910186,1.0002267360687256,0.001979591836734694,0.00022673119383398443,0.24369410883964185,1.0050086975097656,0.0024,12.306495790992997,0.026466666666666666,27,0.17326999228791912,0.19191115738313735,0.22756309279652123,0.18937855096428344,0,0.010625,1.0050086975097656,False,0.0,crackles,4,14.975,0.3197328881469116,0.11825724329525862,0.025659541312870435,0.8823022490588212,6.469817675344308e-06,29.91361279324244,,False,,0.7282608695652174,0.7021739130434783,0.4771739130434783,0.46956521739130436,0.24456521739130435,0.4782608695652174,0.2717391304347826,0.558695652173913,0.2858695652173913,0.9043478260869565,0.19510869565217392,0.4652173913043478,0.5010869565217392,0.3358695652173913,0.5768641304347826
163,2b2,163_2b2,Pl,mc,AKGC417L,163_2b2_Pl_mc_AKGC417L,/nas/home/pcallandrone/DeepLearning/dataset/ICBHI_2017/ICBHI_final_database/163_2b2_Pl_mc_AKGC417L.wav,/nas/home/pcallandrone/DeepLearning/dataset/ICBHI_2017/ICBHI_final_database/163_2b2_Pl_mc_AKGC417L.txt,44100,20.0,0.1946894515667607,1.0002005100250244,0.00045918367346938773,0.0002005540009122342,0.20158464052210776,1.00814950466156,0.0004166666666666667,13.9813500464592,0.027916666666666666,27,0.16453208827803525,0.1763060605174356,0.2039251245389474,0.11380707279490092,0,0.001625,1.00814950466156,False,0.0,crackles,4,14.975,0.4305175292153589,0.12917541055922682,0.07609818250925615,0.8709115829321984,1.271303766826499e-06,32.19306010983455,,False,,0.6293478260869565,0.6663043478260869,0.5076086956521739,0.7510869565217392,0.5206521739130435,0.5119565217391304,0.5597826086956522,0.5070652173913044,0.38858695652173914,0.9043478260869565,0.19510869565217392,0.4989130434782609,0.5554347826086956,0.5532608695652174,0.6437119565217392
163,2b2,163_2b2,Pr,mc,AKGC417L,163_2b2_Pr_mc_AKGC417L,/nas/home/pcallandrone/DeepLearning/dataset/ICBHI_2017/ICBHI_final_database/163_2b2_Pr_mc_AKGC417L.wav,/nas/home/pcallandrone/DeepLearning/dataset/ICBHI_2017/ICBHI_final_database/163_2b2_Pr_mc_AKGC417L.txt,44100,20.0,0.13769920222700563,0.5160317420959473,0.0,9.988732199417427e-05,0.13949368083950334,0.5120049715042114,0.0,11.294392868321768,0.019633333333333332,27,0.13200590545663143,0.13447377532495872,0.13872279015834157,0.033513297010493964,0,0.0,0.5120049715042114,False,0.0,normal,4,14.975,1.0,0.5797416730105337,0.06687474094834686,0.8242220434687242,7.758156234526422e-06,48.70296463533614,,False,,0.48586956521739133,0.5510869565217391,0.9521739130434783,0.7217391304347827,0.9934782608695653,0.6260869565217392,0.2391304347826087,0.8190217391304347,0.7516304347826087,0.9043478260869565,0.19510869565217392,0.8347826086956521,0.7967391304347826,0.2326086956521739,0.7499184782608697
163,2b2,163_2b2,Tc,mc,AKGC417L,163_2b2_Tc_mc_AKGC417L,/nas/home/pcallandrone/DeepLearning/dataset/ICBHI_2017/ICBHI_final_database/163_2b2_Tc_mc_AKGC417L.wav,/nas/home/pcallandrone/DeepLearning/dataset/ICBHI_2017/ICBHI_final_database/163_2b2_Tc_mc_AKGC417L.txt,44100,20.0,0.2031127576023305,1.0000606775283813,7.256235827664399e-05,6.066345304134302e-05,0.20998461290326575,1.0127034187316895,8.333333333333333e-05,13.665896077916903,0.0276,27,0.16194560787190532,0.17616276772277265,0.21130420744025924,0.12218521871021525,0,0.0005,1.0127034187316895,False,0.0,normal,4,14.975,1.0,0.4523853350798092,0.3859005277647123,0.5480083161330136,3.639416470761867e-06,130.25328910878437,,True,,0.6521739130434783,0.6630434782608695,0.9054347826086957,0.9771739130434782,0.4826086956521739,0.9152173913043479,0.36630434782608695,0.5195652173913043,0.45163043478260867,0.9043478260869565,0.19510869565217392,0.8347826086956521,0.9793478260869565,0.5065217391304347,0.7803043478260869
163,8b3,163_8b3,Al,mc,AKGC417L,163_8b3_Al_mc_AKGC417L,/nas/home/pcallandrone/DeepLearning/dataset/ICBHI_2017/ICBHI_final_database/163_8b3_Al_mc_AKGC417L.wav,/nas/home/pcallandrone/DeepLearning/dataset/ICBHI_2017/ICBHI_final_database/163_8b3_Al_mc_AKGC417L.txt,44100,20.0,0.052884700879828474,0.3544484078884125,0.0,-3.839633336610859e-06,0.053605745718202404,0.3539736270904541,0.0,16.395191265026487,0.03258333333333333,27,0.04643700405811124,0.04889809440349017,0.052850670233804735,0.06482582004717863,0,0.0,0.3539736270904541,False,0.0,normal,5,14.568000000000001,1.0,0.1994883590387261,0.0420375318544041,0.8010232366867296,2.3024422446200757e-06,34.39950343944945,,False,,0.16304347826086957,0.21521739130434783,0.6663043478260869,0.6076086956521739,0.8760869565217392,0.6760869565217391,0.45652173913043476,0.3793478260869565,0.7516304347826087,0.49619565217391304,0.4320652173913043,0.8347826086956521,0.6,0.8467391304347827,0.5727445652173914
163,8b3,163_8b3,Ar,mc,AKGC417L,163_8b3_Ar_mc_AKGC417L,/nas/home/pcallandrone/DeepLearning/dataset/ICBHI_2017/ICBHI_final_database/163_8b3_Ar_mc_AKGC417L.wav,/nas/home/pcallandrone/DeepLearning/dataset/ICBHI_2017/ICBHI_final_database/163_8b3_Ar_mc_AKGC417L.txt,44100,20.0,0.08585910629741227,0.42396280169487,0.0,-9.378840331919491e-05,0.08650601164451956,0.38169315457344055,0.0,12.893361627314171,0.022733333333333335,27,0.06701391028370828,0.06943825822398977,0.08723658554105887,0.12069320808524939,0,0.0,0.38169315457344055,False,0.0,normal,5,14.568000000000001,1.0,0.14387071133203086,0.02272289119993164,0.858781078691659,1.0577773941234282e-05,33.56736824421734,,False,,0.2956521739130435,0.31630434782608696,0.55,0.4260869565217391,0.4891304347826087,0.5467391304347826,0.20652173913043478,0.7032608695652174,0.7516304347826087,0.49619565217391304,0.4320652173913043,0.8347826086956521,0.5815217391304348,0.42282608695652174,0.5168858695652175
163,8b3,163_8b3,Ll,mc,AKGC417L,163_8b3_Ll_mc_AKGC417L,/nas/home/pcallandrone/DeepLearning/dataset/ICBHI_2017/ICBHI_final_database/163_8b3_Ll_mc_AKGC417L.wav,/nas/home/pcallandrone/DeepLearning/dataset/ICBHI_2017/ICBHI_final_database/163_8b3_Ll_mc_AKGC417L.txt,44100,20.0,0.0848203582123083,0.43690216541290283,0.0,-7.938741327961907e-05,0.08683170914248739,0.43588903546333313,0.0,14.013951894667937,0.023233333333333335,27,0.07400971975850601,0.07664858302039895,0.08284987127634746,0.09043522453602086,0,0.0,0.43588903546333313,False,0.0,normal,5,14.568000000000001,1.0,0.30483359216941214,0.0515001053261144,0.831110192691609,9.181445678504741e-07,35.04427538572258,,False,,0.2967391304347826,0.35,0.7989130434782609,0.6695652173913044,0.6891304347826087,0.6097826086956522,0.6271739130434782,0.6804347826086956,0.7516304347826087,0.49619565217391304,0.4320652173913043,0.8347826086956521,0.6108695652173913,0.5576086956521739,0.6327880434782609
163,8b3,163_8b3,Lr,mc,AKGC417L,163_8b3_Lr_mc_AKGC417L,/nas/home/pcallandrone/DeepLearning/dataset/ICBHI_2017/ICBHI_final_database/163_8b3_Lr_mc_AKGC417L.wav,/nas/home/pcallandrone/DeepLearning/dataset/ICBHI_2017/ICBHI_final_database/163_8b3_Lr_mc_AKGC417L.txt,44100,20.0,0.03685399672947641,0.7437508702278137,0.0,-3.2551315598539077e-06,0.03559695477683765,0.5245576500892639,0.0,23.367607540968024,0.06375,27,0.029801757265555735,0.03098318434475026,0.0337672707914681,0.12260867302372336,0,0.0,0.5245576500892639,False,0.0,normal,5,14.568000000000001,1.0,0.6801783030505101,0.3709156157345153,0.30650513227238774,0.01482871362533227,303.8856358466711,,True,,0.10652173913043478,0.1282608695652174,0.9771739130434782,0.975,0.47934782608695653,0.9804347826086957,0.003260869565217391,0.10543478260869565,0.7516304347826087,0.49619565217391304,0.4320652173913043,0.8347826086956521,0.9956521739130435,0.38369565217391305,0.5677989130434783
163,8b3,163_8b3,Pl,mc,AKGC417L,163_8b3_Pl_mc_AKGC417L,/nas/home/pcallandrone/DeepLearning/dataset/ICBHI_2017/ICBHI_final_database/163_8b3_Pl_mc_AKGC417L.wav,/nas/home/pcallandrone/DeepLearning/dataset/ICBHI_2017/ICBHI_final_database/163_8b3_Pl_mc_AKGC417L.txt,44100,20.0,0.018567335667181373,0.15343183279037476,0.0,5.2754287025891244e-05,0.01866508648132483,0.1512671858072281,0.0,18.174294369741666,0.04156666666666667,27,0.013239567272641152,0.01414829574439728,0.017988050794198882,0.1632580482078599,0,0.0,0.1512671858072281,False,0.0,normal,5,14.568000000000001,1.0,0.4723452356063526,0.26845184104607595,0.5287189888801141,8.958917621177481e-05,69.98413524375954,,True,,0.059782608695652176,0.06304347826086956,0.9184782608695652,0.9565217391304348,0.3217391304347826,0.9260869565217391,0.06195652173913044,0.23478260869565218,0.7516304347826087,0.49619565217391304,0.4320652173913043,0.8347826086956521,0.9163043478260869,0.9869565217391304,0.5401250000000001
163,8b3,163_8b3,Pr,mc,AKGC417L,163_8b3_Pr_mc_AKGC417L,/nas/home/pcallandrone/DeepLearning/dataset/ICBHI_2017/ICBHI_final_database/163_8b3_Pr_mc_AKGC417L.wav,/nas/home/pcallandrone/DeepLearning/dataset/ICBHI_2017/ICBHI_final_database/163_8b3_Pr_mc_AKGC417L.txt,44100,20.0,0.029835153069775598,0.1718561053276062,0.0,3.891913729603402e-05,0.031023339954454308,0.1709270477294922,0.0,14.822444764576739,0.026033333333333332,27,0.02747653722333838,0.02783178137364352,0.031045925901272694,0.07975292577093827,0,0.0,0.1709270477294922,False,0.0,normal,5,14.568000000000001,1.0,0.38148536397005633,0.17280411836977655,0.6195711126400933,2.37406090615963e-06,55.23815914689679,,False,,0.09347826086956522,0.10869565217391304,0.8565217391304348,0.907608695652174,0.7815217391304348,0.8652173913043478,0.45108695652173914,0.5717391304347826,0.7516304347826087,0.49619565217391304,0.4320652173913043,0.8347826086956521,0.8434782608695652,0.6706521739130434,0.6161032608695652
164,1b1,164_1b1,Ll,sc,Meditron,164_1b1_Ll_sc_Meditron,/nas/home/pcallandrone/DeepLearning/dataset/ICBHI_2017/ICBHI_final_database/164_1b1_Ll_sc_Meditron.wav,/nas/home/pcallandrone/DeepLearning/dataset/ICBHI_2017/ICBHI_final_database/164_1b1_Ll_sc_Meditron.txt,44100,20.0,0.06581668550981921,0.5025893449783325,0.0,-0.0001784426422091201,0.06906132446338943,0.5024893283843994,0.0,17.237838784151933,0.04,27,0.04602417049723927,0.04895313150755288,0.06050277134194546,0.2771924642452663,0,0.0,0.5024893283843994,False,0.0,both,7,14.321,0.40946861252705813,0.14471195404189313,0.0986377506851484,0.8552950799169603,3.993363138560748e-06,31.171176165765797,,False,,0.225,0.2184782608695652,0.5554347826086956,0.7978260869565217,0.12608695652173912,0.5608695652173913,0.35108695652173916,0.2543478260869565,0.7516304347826087,0.4298913043478261,0.7880434782608695,0.4945652173913043,0.5304347826086957,0.9380434782608695,0.4611847826086957
165,1b1,165_1b1,Ar,sc,Meditron,165_1b1_Ar_sc_Meditron,/nas/home/pcallandrone/DeepLearning/dataset/ICBHI_2017/ICBHI_final_database/165_1b1_Ar_sc_Meditron.wav,/nas/home/pcallandrone/DeepLearning/dataset/ICBHI_2017/ICBHI_final_database/165_1b1_Ar_sc_Meditron.txt,44100,19.83,0.025445369140812957,0.1770952045917511,0.0,-9.324562415713444e-05,0.025063608103517016,0.1517084240913391,0.0,15.639322080733537,0.029866666666666666,27,0.02206534025211864,0.022490958736408974,0.025028920700340955,0.06275277515916454,0,0.0,0.1517084240913391,False,0.0,crackles,6,14.979,0.5432939448561319,0.1388581289260106,0.014117614774071922,0.8622677106953577,1.3495675943826759e-06,27.267800054744015,,False,,0.0782608695652174,0.09347826086956522,0.5304347826086957,0.28152173913043477,0.8858695652173914,0.532608695652174,0.5532608695652174,0.4380434782608696,0.7516304347826087,0.9586956521739131,0.6375,0.5423913043478261,0.42717391304347824,0.7782608695652173,0.5013586956521741
165,1b1,165_1b1,Pl,sc,Meditron,165_1b1_Pl_sc_Meditron,/nas/home/pcallandrone/DeepLearning/dataset/ICBHI_2017/ICBHI_final_database/165_1b1_Pl_sc_Meditron.wav,/nas/home/pcallandrone/DeepLearning/dataset/ICBHI_2017/ICBHI_final_database/165_1b1_Pl_sc_Meditron.txt,44100,20.0,0.024140996659795338,0.16300299763679504,0.0,-5.230096940067597e-05,0.025161758556429586,0.1627856194972992,0.0,16.217500883924508,0.02955,27,0.017267396233521373,0.01910443326537223,0.02286179997137028,0.22849365573943983,0,0.0,0.1627856194972992,False,0.0,normal,6,14.964,1.0,0.015368602374695749,0.007822216229919663,0.9850848378388045,1.4154576373080428e-06,13.546334949757638,,False,,0.08043478260869565,0.07391304347826087,0.07065217391304347,0.16956521739130434,0.18478260869565216,0.07717391304347826,0.5413043478260869,0.4440217391304348,0.7516304347826087,0.871195652173913,0.6375,0.8347826086956521,0.10108695652173913,0.8315217391304348,0.3219673913043478
165,1b1,165_1b1,Pr,sc,Meditron,165_1b1_Pr_sc_Meditron,/nas/home/pcallandrone/DeepLearning/dataset/ICBHI_2017/ICBHI_final_database/165_1b1_Pr_sc_Meditron.wav,/nas/home/pcallandrone/DeepLearning/dataset/ICBHI_2017/ICBHI_final_database/165_1b1_Pr_sc_Meditron.txt,44100,20.0,0.023545741561669272,0.12887243926525116,0.0,-3.3690830605337396e-05,0.025136550547908403,0.12873943150043488,0.0,14.188118108592251,0.02266666666666667,27,0.016809033294768173,0.01863366346615919,0.023283141784996096,0.22929165714135613,0,0.0,0.12873943150043488,False,0.0,both,6,14.936,0.7670728441349759,0.04799671929311605,0.008568044677627163,0.9522848947832684,1.0898441773946972e-06,16.6410956002434,,False,,0.07934782608695652,0.07065217391304347,0.20869565217391303,0.1891304347826087,0.1815217391304348,0.21304347826086956,0.6010869565217392,0.7065217391304348,0.7516304347826087,0.7358695652173913,0.6375,0.6228260869565218,0.16304347826086957,0.5978260869565217,0.34209782608695655
166,1p1,166_1p1,Al,sc,Meditron,166_1p1_Al_sc_Meditron,/nas/home/pcallandrone/DeepLearning/dataset/ICBHI_2017/ICBHI_final_database/166_1p1_Al_sc_Meditron.wav,/nas/home/pcallandrone/DeepLearning/dataset/ICBHI_2017/ICBHI_final_database/166_1p1_Al_sc_Meditron.txt,4000,62.05,0.47932290017037016,1.0144054889678955,0.19242143432715553,-0.014436041936278343,0.16027134483943228,0.6640917658805847,0.0,12.347444280773141,0.01825,27,0.12956473595849238,0.14049540711241953,0.15532423899143483,0.10011904822206334,0,0.0,0.6640917658805847,False,0.0,normal,5,12.7582,1.0,0.0887847815418868,0.0021414342551048927,0.9775543018469743,1.985266748600449e-07,11.65371860917832,,False,,0.5260869565217391,0.5641304347826087,0.375,0.06086956521739131,0.6152173913043478,0.11304347826086956,0.8152173913043478,0.8641304347826086,0.7516304347826087,0.06847826086956521,0.4320652173913043,0.8347826086956521,0.06630434782608696,0.34347826086956523,0.512217391304348
166,1p1,166_1p1,Ar,sc,Meditron,166_1p1_Ar_sc_Meditron,/nas/home/pcallandrone/DeepLearning/dataset/ICBHI_2017/ICBHI_final_database/166_1p1_Ar_sc_Meditron.wav,/nas/home/pcallandrone/DeepLearning/dataset/ICBHI_2017/ICBHI_final_database/166_1p1_Ar_sc_Meditron.txt,4000,62.05,0.2897101471922469,1.000394582748413,0.004871071716357776,-0.00042513286462053657,0.23035728347422596,0.9031961560249329,0.0,11.867602639773601,0.016083333333333335,27,0.1892265667024428,0.1947581803793635,0.2374491920686045,0.08903945601106233,0,0.0,0.9031961560249329,False,0.0,normal,6,15.0,1.0,0.02564315686909665,0.0015238385961343212,0.9829340228145977,1.5874883720971292e-07,10.136974564652316,,False,,0.7,0.7130434782608696,0.12173913043478261,0.0391304347826087,0.6967391304347826,0.0891304347826087,0.8260869565217391,0.928804347826087,0.7516304347826087,0.9891304347826086,0.6375,0.8347826086956521,0.041304347826086954,0.2826086956521739,0.6056141304347827
166,1p1,166_1p1,Ll,sc,Meditron,166_1p1_Ll_sc_Meditron,/nas/home/pcallandrone/DeepLearning/dataset/ICBHI_2017/ICBHI_final_database/166_1p1_Ll_sc_Meditron.wav,/nas/home/pcallandrone/DeepLearning/dataset/ICBHI_2017/ICBHI_final_database/166_1p1_Ll_sc_Meditron.txt,4000,57.8,0.22726761566019726,1.0001088380813599,0.008057958477508651,-0.00013939524069428444,0.13157678812542026,0.5141428112983704,0.0,11.838089736056524,0.013733333333333334,27,0.11060574344750879,0.1161783749035278,0.13523951422953273,0.09805053063402154,0,0.0,0.5141428112983704,False,0.0,crackles,8,13.685500000000001,0.0,0.012684895428745775,0.0005837116269501133,0.9916802282903936,9.56789561103641e-09,7.074834864890673,,False,,0.45869565217391306,0.4967391304347826,0.05543478260869565,0.007608695652173913,0.6304347826086957,0.035869565217391305,0.9326086956521739,0.9826086956521739,0.7516304347826087,0.2326086956521739,0.8864130434782609,0.14402173913043478,0.015217391304347827,0.28043478260869564,0.42053260869565223
166,1p1,166_1p1,Pl,sc,Meditron,166_1p1_Pl_sc_Meditron,/nas/home/pcallandrone/DeepLearning/dataset/ICBHI_2017/ICBHI_final_database/166_1p1_Pl_sc_Meditron.wav,/nas/home/pcallandrone/DeepLearning/dataset/ICBHI_2017/ICBHI_final_database/166_1p1_Pl_sc_Meditron.txt,4000,62.5,0.2645560418405589,1.0361170768737793,0.001928,0.0361475870013237,0.23659165692955883,0.9119725227355957,0.0,11.71964654982416,0.016966666666666668,27,0.19202658875512907,0.21299026485830053,0.23712579159785904,0.09470081010715845,0,0.0,0.9119725227355957,False,0.0,normal,6,14.71774,1.0,0.018641816374502403,0.0009043218833512162,0.9841418479622815,5.183918261785438e-08,6.055778591978169,,False,,0.7119565217391305,0.7597826086956522,0.08804347826086957,0.016304347826086956,0.6543478260869565,0.08369565217391305,0.8934782608695652,0.9065217391304348,0.7516304347826087,0.5826086956521739,0.6375,0.8347826086956521,0.005434782608695652,0.2673913043478261,0.5780108695652174
166,1p1,166_1p1,Pr,sc,Meditron,166_1p1_Pr_sc_Meditron,/nas/home/pcallandrone/DeepLearning/dataset/ICBHI_2017/ICBHI_final_database/166_1p1_Pr_sc_Meditron.wav,/nas/home/pcallandrone/DeepLearning/dataset/ICBHI_2017/ICBHI_final_database/166_1p1_Pr_sc_Meditron.txt,4000,62.5,0.26917926488734684,1.0184179544448853,0.003772,0.018448449671268463,0.2579835408624071,0.9897619485855103,0.0,11.678775079053395,0.017133333333333334,27,0.17749329242006606,0.22206215653666356,0.2657140007246676,0.12349323875903166,0,0.0,0.9897619485855103,False,0.0,wheezes,6,14.55141,0.7083650312925002,0.008126590426747828,0.0004223724013239673,0.9920058756809097,1.469260659795349e-07,6.1020477178405805,,False,,0.7630434782608696,0.7804347826086957,0.029347826086956522,0.005434782608695652,0.4706521739130435,0.03369565217391304,0.8358695652173913,0.9005434782608696,0.7516304347826087,0.4902173913043478,0.6375,0.5826086956521739,0.006521739130434782,0.2597826086956522,0.5257119565217392
167,1b1,167_1b1,Al,sc,Meditron,167_1b1_Al_sc_Meditron,/nas/home/pcallandrone/DeepLearning/dataset/ICBHI_2017/ICBHI_final_database/167_1b1_Al_sc_Meditron.wav,/nas/home/pcallandrone/DeepLearning/dataset/ICBHI_2017/ICBHI_final_database/167_1b1_Al_sc_Meditron.txt,44100,20.0,0.026913473730000324,0.23948274552822113,0.0,-7.235203520394862e-05,0.02484531737240948,0.16863223910331726,0.0,16.633921122220997,0.039683333333333334,27,0.021027057462956186,0.022409130079798244,0.025357728293848584,0.0699748720380553,0,0.0,0.16863223910331726,False,0.0,normal,11,14.978,1.0,0.4575512938550501,0.04975094677705403,0.5432384643699719,5.438279306581268e-07,46.534824705875785,,True,,0.07608695652173914,0.09239130434782608,0.907608695652174,0.6608695652173913,0.8347826086956521,0.9173913043478261,0.7043478260869566,0.2597826086956522,0.7516304347826087,0.9304347826086956,0.9820652173913044,0.8347826086956521,0.783695652173913,0.8760869565217392,0.6596847826086957
167,1b1,167_1b1,Pr,sc,Meditron,167_1b1_Pr_sc_Meditron,/nas/home/pcallandrone/DeepLearning/dataset/ICBHI_2017/ICBHI_final_database/167_1b1_Pr_sc_Meditron.wav,/nas/home/pcallandrone/DeepLearning/dataset/ICBHI_2017/ICBHI_final_database/167_1b1_Pr_sc_Meditron.txt,44100,20.0,0.04328816185865046,0.22061410546302795,0.0,-5.837575736222789e-05,0.0433383111315999,0.220267191529274,0.0,14.12155660668622,0.0214,27,0.03650789829887038,0.038032878602078594,0.042459129994370425,0.07995815981634889,0,0.0,0.220267191529274,False,0.0,wheezes,12,14.964,0.3651430098904036,0.06967951532582581,0.03652357278435292,0.9304729648848995,2.1515274533306968e-07,19.946516809761853,,False,,0.1358695652173913,0.15217391304347827,0.2902173913043478,0.5684782608695652,0.7782608695652173,0.2967391304347826,0.8097826086956522,0.7489130434782608,0.7516304347826087,0.871195652173913,0.9875,0.4815217391304348,0.2217391304347826,0.5826086956521739,0.49971195652173916
168,1b1,168_1b1,Al,sc,Meditron,168_1b1_Al_sc_Meditron,/nas/home/pcallandrone/DeepLearning/dataset/ICBHI_2017/ICBHI_final_database/168_1b1_Al_sc_Meditron.wav,/nas/home/pcallandrone/DeepLearning/dataset/ICBHI_2017/ICBHI_final_database/168_1b1_Al_sc_Meditron.txt,44100,20.00002267573696,0.028146090083495386,0.20023436844348907,0.0,-2.1980520614306442e-05,0.03001432602919926,0.20002156496047974,0.0,16.474964473552646,0.05343333333333333,27,0.019557171346316012,0.022973365054783344,0.029181999203566344,0.15213915855275142,0,0.0,0.20002156496047974,False,0.0,normal,6,14.964,1.0,0.2185543019330982,0.029155463952679896,0.7827745435152299,3.098728145199944e-07,40.971702081495806,,False,,0.09021739130434783,0.09456521739130434,0.6934782608695652,0.5043478260869565,0.3673913043478261,0.7010869565217391,0.7739130434782608,0.13804347826086957,0.7516304347826087,0.871195652173913,0.6375,0.8347826086956521,0.7130434782608696,0.8565217391304348,0.5350923913043478
169,1b1,169_1b1,Lr,sc,Meditron,169_1b1_Lr_sc_Meditron,/nas/home/pcallandrone/DeepLearning/dataset/ICBHI_2017/ICBHI_final_database/169_1b1_Lr_sc_Meditron.wav,/nas/home/pcallandrone/DeepLearning/dataset/ICBHI_2017/ICBHI_final_database/169_1b1_Lr_sc_Meditron.txt,44100,20.00002267573696,0.0721029278187747,0.5256327986717224,0.0,-3.249768997193314e-05,0.0733088367227748,0.5254236459732056,0.0,17.107065700517772,0.04086666666666667,27,0.05495633008333837,0.06316582460027845,0.07469187872858771,0.12256508943179932,0,0.0,0.5254236459732056,False,0.0,crackles,5,14.407,0.1953217186090095,0.1421554393871714,0.03884209345034653,0.8579643380809656,2.307120155551606e-07,38.11974740645994,,False,,0.24347826086956523,0.29347826086956524,0.5413043478260869,0.5815217391304348,0.48043478260869565,0.55,0.8010869565217391,0.24565217391304348,0.7516304347826087,0.4652173913043478,0.4320652173913043,0.39456521739130435,0.6782608695652174,0.9195652173913044,0.5106521739130435
169,1b2,169_1b2,Ll,sc,Meditron,169_1b2_Ll_sc_Meditron,/nas/home/pcallandrone/DeepLearning/dataset/ICBHI_2017/ICBHI_final_database/169_1b2_Ll_sc_Meditron.wav,/nas/home/pcallandrone/DeepLearning/dataset/ICBHI_2017/ICBHI_final_database/169_1b2_Ll_sc_Meditron.txt,44100,20.00002267573696,0.03308219108464149,0.44139212369918823,0.0,-7.516083132941276e-05,0.03496062193516067,0.37775149941444397,0.0,20.672540913426502,0.09033333333333333,27,0.027710736706782767,0.029087321597013605,0.033934417412331594,0.11555545707520043,0,0.0,0.37775149941444397,False,0.0,crackles,6,14.864,0.18736544671689992,0.10379360601087857,0.027558037398975794,0.8962723372845401,2.5791094099443075e-05,48.87213713545587,,False,,0.10108695652173913,0.12173913043478261,0.42717391304347824,0.4891304347826087,0.5097826086956522,0.43043478260869567,0.11847826086956521,0.05217391304347826,0.7516304347826087,0.6244565217391305,0.6375,0.38804347826086955,0.7989130434782609,0.7315217391304348,0.3894619565217392
170,1b2,170_1b2,Al,mc,AKGC417L,170_1b2_Al_mc_AKGC417L,/nas/home/pcallandrone/DeepLearning/dataset/ICBHI_2017/ICBHI_final_database/170_1b2_Al_mc_AKGC417L.wav,/nas/home/pcallandrone/DeepLearning/dataset/ICBHI_2017/ICBHI_final_database/170_1b2_Al_mc_AKGC417L.txt,44100,20.0,0.16810711746797818,1.000474214553833,0.0008854875283446712,0.000474264204967767,0.16620552976295333,1.011766791343689,0.0006833333333333333,15.68869902999543,0.043366666666666664,27,0.12427490233187158,0.14467018016683147,0.16934258771041427,0.09092797867601747,0,0.001625,1.011766791343689,False,0.0,normal,4,10.935,1.0,0.2847387857357104,0.043989648398470686,0.7155416723378742,2.755291545341786e-05,33.8390378808988,,False,,0.5402173913043479,0.5739130434782609,0.7771739130434783,0.6260869565217392,0.683695652173913,0.7902173913043479,0.11521739130434783,0.21195652173913043,0.36684782608695654,0.023369565217391305,0.19510869565217392,0.8347826086956521,0.5880434782608696,0.7847826086956522,0.6089836956521738
170,1b2,170_1b2,Ar,mc,AKGC417L,170_1b2_Ar_mc_AKGC417L,/nas/home/pcallandrone/DeepLearning/dataset/ICBHI_2017/ICBHI_final_database/170_1b2_Ar_mc_AKGC417L.wav,/nas/home/pcallandrone/DeepLearning/dataset/ICBHI_2017/ICBHI_final_database/170_1b2_Ar_mc_AKGC417L.txt,44100,20.0,0.1801604010859402,1.0000133514404297,0.0057585034013605445,-1.3447966921376064e-05,0.17495100194922208,1.0037003755569458,0.0049,15.1737530472008,0.0552,27,0.13137940689573646,0.1451883700347412,0.17451447190807615,0.11911275215907441,0,0.010125,1.0037003755569458,False,0.0,normal,4,10.935,1.0,0.35799596109114146,0.03400764492647412,0.6429177542814715,1.5591537937129223e-06,44.718993241582915,,False,,0.5619565217391305,0.575,0.8467391304347827,0.5467391304347826,0.4945652173913043,0.8554347826086957,0.5260869565217391,0.13369565217391305,0.22228260869565217,0.023369565217391305,0.19510869565217392,0.8347826086956521,0.7684782608695652,0.7097826086956521,0.6269402173913043
170,1b2,170_1b2,Lr,mc,AKGC417L,170_1b2_Lr_mc_AKGC417L,/nas/home/pcallandrone/DeepLearning/dataset/ICBHI_2017/ICBHI_final_database/170_1b2_Lr_mc_AKGC417L.wav,/nas/home/pcallandrone/DeepLearning/dataset/ICBHI_2017/ICBHI_final_database/170_1b2_Lr_mc_AKGC417L.txt,44100,20.0,0.056746991980132507,0.5129064321517944,0.0,0.00022087230172473937,0.05626397147838897,0.511448323726654,0.0,19.171427490458445,0.062066666666666666,27,0.0446542327175707,0.047872897925052116,0.05653770804063479,0.10289021996816299,0,0.0,0.511448323726654,False,0.0,normal,4,10.935,1.0,0.11598031410404752,0.0187695950736715,0.8841426022865382,9.55086487532975e-06,24.981073507252486,,False,,0.17065217391304346,0.20869565217391303,0.46956521739130436,0.35978260869565215,0.5945652173913043,0.47391304347826085,0.21195652173913043,0.10760869565217392,0.7516304347826087,0.023369565217391305,0.19510869565217392,0.8347826086956521,0.3684782608695652,0.8945652173913043,0.40202717391304343
170,1b2,170_1b2,Pl,mc,AKGC417L,170_1b2_Pl_mc_AKGC417L,/nas/home/pcallandrone/DeepLearning/dataset/ICBHI_2017/ICBHI_final_database/170_1b2_Pl_mc_AKGC417L.wav,/nas/home/pcallandrone/DeepLearning/dataset/ICBHI_2017/ICBHI_final_database/170_1b2_Pl_mc_AKGC417L.txt,44100,20.0,0.051658438859962484,0.33224719762802124,0.0,3.391577365619014e-06,0.05125384656836078,0.32854223251342773,0.0,16.13729477232679,0.04248333333333333,27,0.042012519461199396,0.04670380460713458,0.05183173218169191,0.076694796967804,0,0.0,0.32854223251342773,False,0.0,crackles,4,10.935,0.0,0.12805469376910641,0.03976355739220878,0.8723903937464895,3.1992021970487608e-06,25.723091396682836,,False,,0.1565217391304348,0.2,0.5043478260869565,0.591304347826087,0.7913043478260869,0.5065217391304347,0.3934782608695652,0.2217391304347826,0.7516304347826087,0.023369565217391305,0.19510869565217392,0.14402173913043478,0.3847826086956522,0.8195652173913044,0.4066902173913044
170,1b2,170_1b2,Pr,mc,AKGC417L,170_1b2_Pr_mc_AKGC417L,/nas/home/pcallandrone/DeepLearning/dataset/ICBHI_2017/ICBHI_final_database/170_1b2_Pr_mc_AKGC417L.wav,/nas/home/pcallandrone/DeepLearning/dataset/ICBHI_2017/ICBHI_final_database/170_1b2_Pr_mc_AKGC417L.txt,44100,20.0,0.1623410176117163,0.9773749113082886,0.0,0.0003556953161023557,0.16320032706476167,0.975601077079773,0.0,15.531024921384306,0.036866666666666666,27,0.14324575009229584,0.14376854890480148,0.1600344796152761,0.08043206342215298,0,0.0,0.975601077079773,False,0.0,normal,4,10.935,1.0,0.17830653475343455,0.08960389923729607,0.821837627637655,8.877808620552292e-06,35.326236209686414,,False,,0.533695652173913,0.5728260869565217,0.6228260869565218,0.7804347826086957,0.7760869565217391,0.6347826086956522,0.22065217391304348,0.3059782608695652,0.7516304347826087,0.023369565217391305,0.19510869565217392,0.8347826086956521,0.6195652173913043,0.7619565217391304,0.6179782608695653
170,1b2,170_1b2,Tc,mc,AKGC417L,170_1b2_Tc_mc_AKGC417L,/nas/home/pcallandrone/DeepLearning/dataset/ICBHI_2017/ICBHI_final_database/170_1b2_Tc_mc_AKGC417L.wav,/nas/home/pcallandrone/DeepLearning/dataset/ICBHI_2017/ICBHI_final_database/170_1b2_Tc_mc_AKGC417L.txt,44100,20.0,0.16947875366074078,1.0001211166381836,0.0020861678004535146,0.00012106319627491757,0.1635131553368392,1.0147727727890015,0.0007833333333333334,15.856322133819242,0.04006666666666667,27,0.10699041858875047,0.1233331989432743,0.1538796844241422,0.19281687713791043,0,0.003,1.0147727727890015,False,0.0,normal,4,10.935,1.0,0.4187216202630634,0.25805260919243417,0.5844067994688495,4.1369899090396904e-05,75.03967795541709,,False,,0.5347826086956522,0.5119565217391304,0.883695652173913,0.9532608695652174,0.24021739130434783,0.8934782608695652,0.09347826086956522,0.2532608695652174,0.3565217391304348,0.023369565217391305,0.19510869565217392,0.8347826086956521,0.933695652173913,0.8,0.6145978260869563
170,1b3,170_1b3,Al,mc,AKGC417L,170_1b3_Al_mc_AKGC417L,/nas/home/pcallandrone/DeepLearning/dataset/ICBHI_2017/ICBHI_final_database/170_1b3_Al_mc_AKGC417L.wav,/nas/home/pcallandrone/DeepLearning/dataset/ICBHI_2017/ICBHI_final_database/170_1b3_Al_mc_AKGC417L.txt,44100,20.0,0.17896685632652634,1.000087022781372,0.0023684807256235826,8.698860619915649e-05,0.1824522243505627,1.0049560070037842,0.002033333333333333,14.81995775689008,0.04355,27,0.149962112901903,0.1573802831117328,0.18339496330226962,0.09458563342616327,0,0.006625,1.0049560070037842,False,0.0,normal,5,13.573,1.0,0.3333899503321575,0.04651341864554765,0.6699525131258368,4.0503962916642616e-05,37.98382034953181,,False,,0.5782608695652174,0.6032608695652174,0.8260869565217391,0.6445652173913043,0.6554347826086957,0.8336956521739131,0.0967391304347826,0.2108695652173913,0.29728260869565215,0.1923913043478261,0.4320652173913043,0.8347826086956521,0.6695652173913044,0.6695652173913044,0.644304347826087
170,1b3,170_1b3,Ar,mc,AKGC417L,170_1b3_Ar_mc_AKGC417L,/nas/home/pcallandrone/DeepLearning/dataset/ICBHI_2017/ICBHI_final_database/170_1b3_Ar_mc_AKGC417L.wav,/nas/home/pcallandrone/DeepLearning/dataset/ICBHI_2017/ICBHI_final_database/170_1b3_Ar_mc_AKGC417L.txt,44100,20.0,0.19482228519663747,1.0001088380813599,0.00930498866213152,0.00010889353143284097,0.19642171310737802,1.0040045976638794,0.009133333333333334,14.170924138235028,0.055266666666666665,27,0.14191030076663566,0.16817723850605595,0.1940857361225352,0.10653306654521871,0,0.01625,1.0040045976638794,False,0.0,normal,5,13.573,1.0,0.28473117255467123,0.04075854417147314,0.7153244041979452,1.4131156219572752e-06,43.02376220608386,,False,,0.6141304347826086,0.6413043478260869,0.7760869565217391,0.5945652173913043,0.566304347826087,0.7913043478260869,0.5423913043478261,0.13260869565217392,0.1673913043478261,0.1923913043478261,0.4320652173913043,0.8347826086956521,0.7402173913043478,0.5934782608695652,0.6561250000000001
170,1b3,170_1b3,Ll,mc,AKGC417L,170_1b3_Ll_mc_AKGC417L,/nas/home/pcallandrone/DeepLearning/dataset/ICBHI_2017/ICBHI_final_database/170_1b3_Ll_mc_AKGC417L.wav,/nas/home/pcallandrone/DeepLearning/dataset/ICBHI_2017/ICBHI_final_database/170_1b3_Ll_mc_AKGC417L.txt,44100,20.0,0.2760895575409159,1.0001686811447144,0.025913832199546485,0.00016868702368810773,0.27555814814773866,1.0205507278442383,0.022566666666666665,11.372426783006983,0.03281666666666667,27,0.22166925259359885,0.2342198258019568,0.2767526965458718,0.1067945053834924,0,0.040625,1.0205507278442383,False,0.0,normal,5,13.573,1.0,0.10137535773998903,0.031127719940859225,0.8986940227569009,6.2853686434307695e-06,27.747077542005663,,False,,0.7902173913043479,0.8043478260869565,0.41847826086956524,0.5239130434782608,0.5630434782608695,0.4206521739130435,0.27717391304347827,0.3739130434782609,0.10217391304347827,0.1923913043478261,0.4320652173913043,0.8347826086956521,0.4423913043478261,0.23804347826086958,0.594461956521739
170,1b3,170_1b3,Lr,mc,AKGC417L,170_1b3_Lr_mc_AKGC417L,/nas/home/pcallandrone/DeepLearning/dataset/ICBHI_2017/ICBHI_final_database/170_1b3_Lr_mc_AKGC417L.wav,/nas/home/pcallandrone/DeepLearning/dataset/ICBHI_2017/ICBHI_final_database/170_1b3_Lr_mc_AKGC417L.txt,44100,20.0,0.058975269622256576,0.5331795811653137,0.0,-1.675621751928702e-05,0.06050605740504161,0.5318334698677063,0.0,18.879536190107434,0.05843333333333333,27,0.04834734323480378,0.05190598246946508,0.060580503349728095,0.0998486226695389,0,0.0,0.5318334698677063,False,0.0,crackles,5,13.573,0.7786045826272747,0.12581221463679346,0.021169720866898074,0.8744558082309675,1.2229346270984994e-05,25.10426006270441,,False,,0.1934782608695652,0.23478260869565218,0.4956521739130435,0.40217391304347827,0.6173913043478261,0.5010869565217392,0.1858695652173913,0.12065217391304348,0.7516304347826087,0.1923913043478261,0.4320652173913043,0.6304347826086957,0.3706521739130435,0.9228260869565217,0.42348913043478276
170,1b3,170_1b3,Pl,mc,AKGC417L,170_1b3_Pl_mc_AKGC417L,/nas/home/pcallandrone/DeepLearning/dataset/ICBHI_2017/ICBHI_final_database/170_1b3_Pl_mc_AKGC417L.wav,/nas/home/pcallandrone/DeepLearning/dataset/ICBHI_2017/ICBHI_final_database/170_1b3_Pl_mc_AKGC417L.txt,44100,20.0,0.11186927458450752,0.6903018355369568,0.0,-5.662014245899627e-06,0.11291061793645846,0.6890010237693787,0.0,15.709701652343522,0.04328333333333333,27,0.09482946642418484,0.09771531181704285,0.11136599042436603,0.08756171637738072,0,0.0,0.6890010237693787,False,0.0,crackles,5,13.573,0.0,0.16875767593944666,0.06921969386102977,0.8312446392113929,3.6628864992633387e-06,34.07764697891794,,False,,0.39565217391304347,0.42391304347826086,0.6010869565217392,0.7336956521739131,0.7086956521739131,0.6086956521739131,0.3630434782608696,0.2141304347826087,0.7516304347826087,0.1923913043478261,0.4320652173913043,0.14402173913043478,0.5945652173913043,0.7858695652173913,0.5262065217391305
170,1b3,170_1b3,Pr,mc,AKGC417L,170_1b3_Pr_mc_AKGC417L,/nas/home/pcallandrone/DeepLearning/dataset/ICBHI_2017/ICBHI_final_database/170_1b3_Pr_mc_AKGC417L.wav,/nas/home/pcallandrone/DeepLearning/dataset/ICBHI_2017/ICBHI_final_database/170_1b3_Pr_mc_AKGC417L.txt,44100,20.0,0.16511490490565353,0.8839945793151855,0.0,-0.00010121625382453203,0.16728224099938382,0.8796213865280151,0.0,14.416918836440608,0.03435,27,0.13911411673798688,0.14568501137844123,0.16511921742218433,0.0859114000270682,0,0.0,0.8796213865280151,False,0.0,crackles,5,13.573,0.7760996095188978,0.20995682565694596,0.11530260418658546,0.7905422552255725,9.346227988673296e-06,38.696594287671324,,False,,0.5423913043478261,0.5771739130434783,0.6815217391304348,0.825,0.7315217391304348,0.691304347826087,0.2141304347826087,0.34619565217391307,0.7516304347826087,0.1923913043478261,0.4320652173913043,0.6282608695652174,0.6847826086956522,0.6282608695652174,0.6355815217391305
170,1b3,170_1b3,Tc,mc,AKGC417L,170_1b3_Tc_mc_AKGC417L,/nas/home/pcallandrone/DeepLearning/dataset/ICBHI_2017/ICBHI_final_database/170_1b3_Tc_mc_AKGC417L.wav,/nas/home/pcallandrone/DeepLearning/dataset/ICBHI_2017/ICBHI_final_database/170_1b3_Tc_mc_AKGC417L.txt,44100,20.0,0.20145453641112057,1.0000088214874268,0.002826530612244898,-8.88368595042266e-06,0.19796322003711236,1.019371509552002,0.0007,14.234959634661292,0.030883333333333332,27,0.13952045747316416,0.14587803739920654,0.19393003043642787,0.16279645695992298,0,0.002375,1.019371509552002,False,0.0,normal,5,13.573,1.0,0.6217861601148291,0.4923490772049989,0.38084473926128853,6.112218491251827e-05,121.11005733630117,,False,,0.6195652173913043,0.5793478260869566,0.9652173913043478,0.9902173913043478,0.3239130434782609,0.966304347826087,0.07282608695652174,0.4108695652173913,0.3641304347826087,0.1923913043478261,0.4320652173913043,0.8347826086956521,0.9728260869565217,0.6054347826086957,0.6900163043478261
170,1b4,170_1b4,Al,mc,AKGC417L,170_1b4_Al_mc_AKGC417L,/nas/home/pcallandrone/DeepLearning/dataset/ICBHI_2017/ICBHI_final_database/170_1b4_Al_mc_AKGC417L.wav,/nas/home/pcallandrone/DeepLearning/dataset/ICBHI_2017/ICBHI_final_database/170_1b4_Al_mc_AKGC417L.txt,44100,20.0,0.17279612419315737,1.0004874467849731,0.002339002267573696,-0.00048753159353509545,0.17466920808536876,1.0040007829666138,0.002116666666666667,15.190353999885408,0.04423333333333333,27,0.14092032782040811,0.14922366359977085,0.17705918303477927,0.11119506511155089,0,0.007125,1.0040007829666138,False,0.0,normal,5,14.941,1.0,0.26580810257111026,0.0494609255364929,0.7345553370287375,4.629514818842938e-05,35.89157314459446,,False,,0.558695652173913,0.5902173913043478,0.7543478260869565,0.6597826086956522,0.5380434782608695,0.7663043478260869,0.0891304347826087,0.20326086956521738,0.2940217391304348,0.7619565217391304,0.4320652173913043,0.8347826086956521,0.6304347826086957,0.7130434782608696,0.6513152173913044
170,1b4,170_1b4,Ar,mc,AKGC417L,170_1b4_Ar_mc_AKGC417L,/nas/home/pcallandrone/DeepLearning/dataset/ICBHI_2017/ICBHI_final_database/170_1b4_Ar_mc_AKGC417L.wav,/nas/home/pcallandrone/DeepLearning/dataset/ICBHI_2017/ICBHI_final_database/170_1b4_Ar_mc_AKGC417L.txt,44100,20.0,0.19053629800745694,1.0000392198562622,0.007029478458049887,3.923818439943716e-05,0.1916440986875759,1.0031824111938477,0.006716666666666667,14.377689166140666,0.05006666666666667,27,0.1339582530652998,0.15428516145771648,0.197968122511263,0.1347334072264908,0,0.014125,1.0031824111938477,False,0.0,both,5,14.941,0.0,0.2828594309111973,0.04625520065752323,0.7193801550340498,1.6249989819711897e-06,43.393825608859665,,False,,0.6,0.5978260869565217,0.7728260869565218,0.6434782608695652,0.4152173913043478,0.7815217391304348,0.5184782608695652,0.1532608695652174,0.19891304347826086,0.7619565217391304,0.4320652173913043,0.14402173913043478,0.7456521739130435,0.6217391304347826,0.6197989130434782
170,1b4,170_1b4,Lr,mc,AKGC417L,170_1b4_Lr_mc_AKGC417L,/nas/home/pcallandrone/DeepLearning/dataset/ICBHI_2017/ICBHI_final_database/170_1b4_Lr_mc_AKGC417L.wav,/nas/home/pcallandrone/DeepLearning/dataset/ICBHI_2017/ICBHI_final_database/170_1b4_Lr_mc_AKGC417L.txt,44100,20.0,0.059798375258253086,0.5335465669631958,0.0,-0.00011145427561132237,0.05973624016465692,0.5321171879768372,0.0,18.99538804499715,0.06043333333333333,27,0.04891887387768667,0.05285655247505985,0.060463289022130676,0.10078757130134443,0,0.0,0.5321171879768372,False,0.0,normal,5,14.941,1.0,0.13198345497932623,0.024052194665946137,0.8681157150362603,1.0767128940534167e-05,27.304659983182056,,False,,0.19130434782608696,0.24239130434782608,0.5141304347826087,0.4489130434782609,0.6108695652173913,0.5206521739130435,0.20326086956521738,0.11304347826086956,0.7516304347826087,0.7619565217391304,0.4320652173913043,0.8347826086956521,0.4282608695652174,0.9065217391304348,0.49038043478260873
170,1b4,170_1b4,Pl,mc,AKGC417L,170_1b4_Pl_mc_AKGC417L,/nas/home/pcallandrone/DeepLearning/dataset/ICBHI_2017/ICBHI_final_database/170_1b4_Pl_mc_AKGC417L.wav,/nas/home/pcallandrone/DeepLearning/dataset/ICBHI_2017/ICBHI_final_database/170_1b4_Pl_mc_AKGC417L.txt,44100,20.0,0.12211815047517557,0.8089640736579895,0.0,9.62096055445727e-06,0.12344676257168372,0.8070183396339417,0.0,16.30807397973134,0.04683333333333333,27,0.09870691789456414,0.10265861993551047,0.12011728852167147,0.10956413561778257,0,0.0,0.8070183396339417,False,0.0,crackles,5,14.941,0.0,0.16030789424044917,0.06180165126768048,0.8405523538612949,3.112169952799437e-06,32.680159331375634,,False,,0.4315217391304348,0.4434782608695652,0.5858695652173913,0.7043478260869566,0.55,0.5902173913043478,0.39891304347826084,0.1766304347826087,0.7516304347826087,0.7619565217391304,0.4320652173913043,0.14402173913043478,0.5597826086956522,0.8402173913043478,0.5530597826086956
170,1b4,170_1b4,Pr,mc,AKGC417L,170_1b4_Pr_mc_AKGC417L,/nas/home/pcallandrone/DeepLearning/dataset/ICBHI_2017/ICBHI_final_database/170_1b4_Pr_mc_AKGC417L.wav,/nas/home/pcallandrone/DeepLearning/dataset/ICBHI_2017/ICBHI_final_database/170_1b4_Pr_mc_AKGC417L.txt,44100,20.0,0.16785979302607132,0.9998836517333984,0.00028571428571428574,-0.00011636475392151624,0.1663923339461758,1.000564694404602,0.00018333333333333334,15.582237213064865,0.03645,27,0.13662748789454157,0.14914676027829382,0.16579656610480709,0.0857571231539597,0,0.001375,1.000564694404602,False,0.0,crackles,5,14.941,0.6391138478013519,0.20632019094687667,0.11811957689628733,0.7937174619759587,8.728235718927038e-06,40.50744431720464,,False,,0.5413043478260869,0.5891304347826087,0.6760869565217391,0.8369565217391305,0.7347826086956522,0.6880434782608695,0.2217391304347826,0.31630434782608696,0.4217391304347826,0.7619565217391304,0.4320652173913043,0.5684782608695652,0.7065217391304348,0.7695652173913043,0.6654184782608696
170,1b4,170_1b4,Tc,mc,AKGC417L,170_1b4_Tc_mc_AKGC417L,/nas/home/pcallandrone/DeepLearning/dataset/ICBHI_2017/ICBHI_final_database/170_1b4_Tc_mc_AKGC417L.wav,/nas/home/pcallandrone/DeepLearning/dataset/ICBHI_2017/ICBHI_final_database/170_1b4_Tc_mc_AKGC417L.txt,44100,20.0,0.2162249509157667,1.0000572204589844,0.0023106575963718822,5.7202025345759466e-05,0.22229182121735522,1.0255428552627563,0.0021,13.280606582752101,0.03161666666666667,27,0.15981921912176497,0.18504523220934965,0.22788162918543803,0.13247403806850688,0,0.005875,1.0255428552627563,False,0.0,normal,5,14.941,1.0,0.5560612931540839,0.35169403780322883,0.4440525077123115,4.501615588944574e-05,95.79284333770319,,False,,0.6847826086956522,0.6902173913043478,0.9434782608695652,0.9695652173913043,0.42934782608695654,0.9478260869565217,0.09021739130434783,0.391304347826087,0.2956521739130435,0.7619565217391304,0.4320652173913043,0.8347826086956521,0.9597826086956521,0.4652173913043478,0.757070652173913
170,2b2,170_2b2,Al,mc,AKGC417L,170_2b2_Al_mc_AKGC417L,/nas/home/pcallandrone/DeepLearning/dataset/ICBHI_2017/ICBHI_final_database/170_2b2_Al_mc_AKGC417L.wav,/nas/home/pcallandrone/DeepLearning/dataset/ICBHI_2017/ICBHI_final_database/170_2b2_Al_mc_AKGC417L.txt,44100,20.0,0.08508682204282887,0.9999003410339355,4.535147392290249e-06,-9.963257616618648e-05,0.08723662812896561,0.6589738130569458,0.0,17.563385702914328,0.04951666666666667,27,0.05722718942856378,0.07202055553235026,0.08519282463520458,0.12061245325657408,0,0.0,0.6589738130569458,False,0.0,normal,5,14.491000000000001,1.0,0.43581817613362306,0.06332039265346183,0.5651260623065247,1.427842353259271e-05,44.22310809094648,,False,,0.29782608695652174,0.3282608695652174,0.8945652173913043,0.7119565217391305,0.4902173913043478,0.9054347826086957,0.1641304347826087,0.15869565217391304,0.7516304347826087,0.48097826086956524,0.4320652173913043,0.8347826086956521,0.7619565217391304,0.9652173913043478,0.6078641304347826
170,2b2,170_2b2,Ar,mc,AKGC417L,170_2b2_Ar_mc_AKGC417L,/nas/home/pcallandrone/DeepLearning/dataset/ICBHI_2017/ICBHI_final_database/170_2b2_Ar_mc_AKGC417L.wav,/nas/home/pcallandrone/DeepLearning/dataset/ICBHI_2017/ICBHI_final_database/170_2b2_Ar_mc_AKGC417L.txt,44100,20.0,0.13397797140254383,1.000156283378601,0.000626984126984127,-0.00015646047540940344,0.13268028839700874,1.0006427764892578,0.00028333333333333335,17.549453148707308,0.05765,27,0.10022777494480552,0.10918455323691847,0.1299372355192706,0.12196913302092302,0,0.001625,1.0006427764892578,False,0.0,crackles,5,14.491000000000001,0.34794010075219095,0.39140015193637656,0.018106425616356902,0.6098299306037313,1.7456104250961976e-05,42.43376163097005,,False,,0.46304347826086956,0.46195652173913043,0.8641304347826086,0.35,0.48478260869565215,0.8717391304347826,0.14673913043478262,0.12608695652173912,0.4092391304347826,0.48097826086956524,0.4320652173913043,0.47391304347826085,0.7304347826086957,0.9641304347826087,0.5739402173913043
170,2b2,170_2b2,Lr,mc,AKGC417L,170_2b2_Lr_mc_AKGC417L,/nas/home/pcallandrone/DeepLearning/dataset/ICBHI_2017/ICBHI_final_database/170_2b2_Lr_mc_AKGC417L.wav,/nas/home/pcallandrone/DeepLearning/dataset/ICBHI_2017/ICBHI_final_database/170_2b2_Lr_mc_AKGC417L.txt,44100,20.0,0.06783742299085903,0.40829041600227356,0.0,-1.2064477232343052e-05,0.0689482950666487,0.40550827980041504,0.0,15.389523880741498,0.036066666666666664,27,0.05842326423826384,0.060629755745092696,0.06746630520753807,0.08255520632704769,0,0.0,0.40550827980041504,False,0.0,normal,5,14.491000000000001,1.0,0.09235769177204359,0.008932693651894521,0.9102207345090867,1.2484573503646136e-05,17.999812184113956,,False,,0.22391304347826088,0.28369565217391307,0.3869565217391304,0.2,0.7576086956521739,0.38369565217391305,0.1826086956521739,0.32282608695652176,0.7516304347826087,0.48097826086956524,0.4320652173913043,0.8347826086956521,0.18043478260869567,0.7369565217391304,0.44504891304347827
170,2b2,170_2b2,Pl,mc,AKGC417L,170_2b2_Pl_mc_AKGC417L,/nas/home/pcallandrone/DeepLearning/dataset/ICBHI_2017/ICBHI_final_database/170_2b2_Pl_mc_AKGC417L.wav,/nas/home/pcallandrone/DeepLearning/dataset/ICBHI_2017/ICBHI_final_database/170_2b2_Pl_mc_AKGC417L.txt,44100,20.0,0.41204335430366107,1.0005296468734741,0.06809863945578232,-0.0005297629395499825,0.4124721493910765,1.0186223983764648,0.059166666666666666,7.852371833930333,0.018816666666666666,27,0.3385148919704189,0.3593144258520982,0.4099699498169776,0.10735286222813764,0,0.117375,1.0186223983764648,False,0.0,normal,5,14.491000000000001,1.0,0.1415118078045605,0.05435521731084241,0.8590696356394728,2.1582783786827393e-06,31.85594151143231,,False,,0.933695652173913,0.9402173913043478,0.5391304347826087,0.6771739130434783,0.5619565217391305,0.5445652173913044,0.46847826086956523,0.8456521739130435,0.035869565217391305,0.48097826086956524,0.4320652173913043,0.8347826086956521,0.5467391304347826,0.06739130434782609,0.7327826086956521
170,2b2,170_2b2,Pr,mc,AKGC417L,170_2b2_Pr_mc_AKGC417L,/nas/home/pcallandrone/DeepLearning/dataset/ICBHI_2017/ICBHI_final_database/170_2b2_Pr_mc_AKGC417L.wav,/nas/home/pcallandrone/DeepLearning/dataset/ICBHI_2017/ICBHI_final_database/170_2b2_Pr_mc_AKGC417L.txt,44100,20.0,0.18239191463107304,1.0001437664031982,0.0018299319727891157,-0.00014390972501132637,0.1878136086476364,1.004589319229126,0.002183333333333333,14.565229978284853,0.03745,27,0.1448754273285345,0.16586245297270535,0.18610257589686127,0.09148795116491708,0,0.0045,1.004589319229126,False,0.0,normal,5,14.491000000000001,1.0,0.13883183772346322,0.04285376767385076,0.8623870895939559,5.470345949758044e-06,34.314662903349046,,False,,0.5902173913043478,0.6293478260869565,0.5293478260869565,0.6173913043478261,0.6793478260869565,0.5315217391304348,0.3,0.2967391304347826,0.29239130434782606,0.48097826086956524,0.4320652173913043,0.8347826086956521,0.5978260869565217,0.6423913043478261,0.6177173913043479
170,2b2,170_2b2,Tc,mc,AKGC417L,170_2b2_Tc_mc_AKGC417L,/nas/home/pcallandrone/DeepLearning/dataset/ICBHI_2017/ICBHI_final_database/170_2b2_Tc_mc_AKGC417L.wav,/nas/home/pcallandrone/DeepLearning/dataset/ICBHI_2017/ICBHI_final_database/170_2b2_Tc_mc_AKGC417L.txt,44100,20.0,0.1251979068567161,1.000010371208191,0.0005328798185941043,1.0358658983022906e-05,0.12059201984750138,1.0152432918548584,0.00031666666666666665,18.505031176741745,0.05146666666666667,27,0.08555763067822635,0.09064254335122596,0.12415283561287094,0.15363581211458363,0,0.00125,1.0152432918548584,False,0.0,normal,5,14.491000000000001,1.0,0.37877913518848344,0.23671435304875654,0.6217379985503207,6.542060784054456e-05,77.34900775347259,,False,,0.42282608695652174,0.4032608695652174,0.8554347826086957,0.9456521739130435,0.35543478260869565,0.8641304347826086,0.06956521739130435,0.14782608695652175,0.4027173913043478,0.48097826086956524,0.4320652173913043,0.8347826086956521,0.9358695652173913,0.9586956521739131,0.621570652173913
171,1b1,171_1b1,Al,sc,Meditron,171_1b1_Al_sc_Meditron,/nas/home/pcallandrone/DeepLearning/dataset/ICBHI_2017/ICBHI_final_database/171_1b1_Al_sc_Meditron.wav,/nas/home/pcallandrone/DeepLearning/dataset/ICBHI_2017/ICBHI_final_database/171_1b1_Al_sc_Meditron.txt,44100,20.0,0.10322178509091547,0.7401610612869263,0.0,0.00041506814886815846,0.10787446443499384,0.740015983581543,0.0,16.726448943162495,0.03481666666666667,27,0.07517011016384076,0.0848257571535284,0.10646893767895288,0.15548330720318576,0,0.0,0.740015983581543,False,0.0,normal,7,14.964,1.0,0.03247905364665274,0.0010368526896355613,0.9682071900367083,1.1446017260987012e-08,20.041198317429988,,False,,0.3826086956521739,0.3858695652173913,0.14891304347826087,0.025,0.34782608695652173,0.1532608695652174,0.9304347826086956,0.3358695652173913,0.7516304347826087,0.871195652173913,0.7880434782608695,0.8347826086956521,0.22391304347826088,0.8880434782608696,0.47098913043478263
172,1b3,172_1b3,Al,mc,AKGC417L,172_1b3_Al_mc_AKGC417L,/nas/home/pcallandrone/DeepLearning/dataset/ICBHI_2017/ICBHI_final_database/172_1b3_Al_mc_AKGC417L.wav,/nas/home/pcallandrone/DeepLearning/dataset/ICBHI_2017/ICBHI_final_database/172_1b3_Al_mc_AKGC417L.txt,44100,20.0,0.0727766671249412,0.5198236703872681,0.0,-2.33417176787043e-05,0.07269257199073173,0.37440025806427,0.0,14.236922071735787,0.028066666666666667,27,0.0629540962199183,0.06519636243496645,0.07057410567254502,0.11200021756227686,0,0.0,0.37440025806427,False,0.0,normal,6,13.856,1.0,0.19271783326604724,0.02841198742283285,0.8077588287895596,1.3591489281972052e-05,30.71121222833335,,False,,0.24130434782608695,0.3010869565217391,0.6565217391304348,0.4967391304347826,0.532608695652174,0.6684782608695652,0.16956521739130434,0.5010869565217392,0.7516304347826087,0.26304347826086955,0.6375,0.8347826086956521,0.525,0.6065217391304348,0.5218369565217391
172,1b3,172_1b3,Ar,mc,AKGC417L,172_1b3_Ar_mc_AKGC417L,/nas/home/pcallandrone/DeepLearning/dataset/ICBHI_2017/ICBHI_final_database/172_1b3_Ar_mc_AKGC417L.wav,/nas/home/pcallandrone/DeepLearning/dataset/ICBHI_2017/ICBHI_final_database/172_1b3_Ar_mc_AKGC417L.txt,44100,20.0,0.19062895989026166,1.0001111030578613,0.0003095238095238095,0.00011111078492831439,0.19561076140461767,1.0014303922653198,0.00036666666666666667,14.184560476615587,0.028916666666666667,27,0.17137384805949152,0.17899576418091503,0.18917772740399513,0.08306926809819712,0,0.00125,1.0014303922653198,False,0.0,normal,6,13.856,1.0,0.1641073481575327,0.029560421151387368,0.8359992544395541,1.0036044513728357e-06,31.246712459893335,,False,,0.6086956521739131,0.6728260869565217,0.5956521739130435,0.508695652173913,0.7543478260869565,0.6021739130434782,0.6097826086956522,0.4641304347826087,0.3972826086956522,0.26304347826086955,0.6375,0.8347826086956521,0.533695652173913,0.5967391304347827,0.6634565217391302
172,1b3,172_1b3,Ll,mc,AKGC417L,172_1b3_Ll_mc_AKGC417L,/nas/home/pcallandrone/DeepLearning/dataset/ICBHI_2017/ICBHI_final_database/172_1b3_Ll_mc_AKGC417L.wav,/nas/home/pcallandrone/DeepLearning/dataset/ICBHI_2017/ICBHI_final_database/172_1b3_Ll_mc_AKGC417L.txt,44100,20.0,0.05999610185693182,0.3062131106853485,0.0,-2.476482450219919e-06,0.05940351012538947,0.3049212694168091,0.0,14.20751220770475,0.030216666666666666,27,0.050056523226294246,0.05426367037344181,0.05872661343802015,0.0653319111724007,0,0.0,0.3049212694168091,False,0.0,crackles,6,13.856,0.21203810623556574,0.09730506839289048,0.018455643807736604,0.9059067942606172,5.055207792047004e-05,24.172031412807904,,False,,0.18804347826086956,0.25,0.4076086956521739,0.35543478260869565,0.8717391304347826,0.4032608695652174,0.08369565217391305,0.42934782608695654,0.7516304347826087,0.26304347826086955,0.6375,0.4,0.34456521739130436,0.6021739130434782,0.4195434782608696
172,1b3,172_1b3,Lr,mc,AKGC417L,172_1b3_Lr_mc_AKGC417L,/nas/home/pcallandrone/DeepLearning/dataset/ICBHI_2017/ICBHI_final_database/172_1b3_Lr_mc_AKGC417L.wav,/nas/home/pcallandrone/DeepLearning/dataset/ICBHI_2017/ICBHI_final_database/172_1b3_Lr_mc_AKGC417L.txt,44100,20.0,0.16659318694708575,1.0002855062484741,0.000481859410430839,-0.00028564350213855505,0.1682436745420888,1.0128601789474487,0.00028333333333333335,15.592215033924644,0.031766666666666665,27,0.12604903461260278,0.13836328244977178,0.174689903871106,0.13554573085513968,0,0.001125,1.0128601789474487,False,0.0,normal,6,13.856,1.0,0.033645635327933146,0.012808210268660141,0.9663763642916906,1.1815371679805042e-06,17.698444723194278,,False,,0.5456521739130434,0.5554347826086956,0.1565217391304348,0.2619565217391304,0.4108695652173913,0.16304347826086957,0.5826086956521739,0.39021739130434785,0.4092391304347826,0.26304347826086955,0.6375,0.8347826086956521,0.17391304347826086,0.7728260869565218,0.46707608695652175
172,1b3,172_1b3,Pl,mc,AKGC417L,172_1b3_Pl_mc_AKGC417L,/nas/home/pcallandrone/DeepLearning/dataset/ICBHI_2017/ICBHI_final_database/172_1b3_Pl_mc_AKGC417L.wav,/nas/home/pcallandrone/DeepLearning/dataset/ICBHI_2017/ICBHI_final_database/172_1b3_Pl_mc_AKGC417L.txt,44100,20.0,0.09827629842448332,0.9365882277488708,0.0,-3.0367480576387607e-05,0.10000426666139989,0.9343656897544861,0.0,19.409967053938345,0.04965,27,0.07776102387016916,0.08454899882960254,0.0939287594610658,0.15909878800659932,0,0.0,0.9343656897544861,False,0.0,crackles,6,13.856,0.5879041570438799,0.09130515576608346,0.03703306163848305,0.9111724804375271,8.277352760788224e-06,23.382904619861986,,False,,0.3576086956521739,0.3804347826086957,0.3826086956521739,0.5695652173913044,0.33695652173913043,0.3793478260869565,0.22826086956521738,0.1559782608695652,0.7516304347826087,0.26304347826086955,0.6375,0.5565217391304348,0.31521739130434784,0.8695652173913043,0.43690760869565226
172,1b3,172_1b3,Pr,mc,AKGC417L,172_1b3_Pr_mc_AKGC417L,/nas/home/pcallandrone/DeepLearning/dataset/ICBHI_2017/ICBHI_final_database/172_1b3_Pr_mc_AKGC417L.wav,/nas/home/pcallandrone/DeepLearning/dataset/ICBHI_2017/ICBHI_final_database/172_1b3_Pr_mc_AKGC417L.txt,44100,20.0,0.055018863402832734,0.2512083649635315,0.0,-3.163973451592028e-05,0.052498890118424416,0.24895735085010529,0.0,13.519496622524018,0.024533333333333334,27,0.04725732643181495,0.04801142543534403,0.05405092333086831,0.06323213768525941,0,0.0,0.24895735085010529,False,0.0,crackles,6,13.856,0.0,0.12517602219237733,0.061575883549389206,0.8748272587380848,1.3443613227764068e-05,27.05293911864693,,False,,0.15978260869565217,0.2108695652173913,0.4923913043478261,0.7032608695652174,0.8826086956521739,0.4989130434782609,0.17282608695652174,0.6309782608695652,0.7516304347826087,0.26304347826086955,0.6375,0.14402173913043478,0.4217391304347826,0.4923913043478261,0.4543967391304349
172,1b3,172_1b3,Tc,mc,AKGC417L,172_1b3_Tc_mc_AKGC417L,/nas/home/pcallandrone/DeepLearning/dataset/ICBHI_2017/ICBHI_final_database/172_1b3_Tc_mc_AKGC417L.wav,/nas/home/pcallandrone/DeepLearning/dataset/ICBHI_2017/ICBHI_final_database/172_1b3_Tc_mc_AKGC417L.txt,44100,20.0,0.285106447377493,1.000667929649353,0.00940702947845805,0.0006679568323306739,0.2609411160222176,1.0080509185791016,0.0016333333333333334,11.738799080988493,0.023466666666666667,27,0.22999615975863094,0.2351413618237792,0.2612142809059688,0.08211338711953191,0,0.005625,1.0080509185791016,False,0.0,normal,6,13.856,1.0,0.2050986148406896,0.05474790718061782,0.7950205060935561,4.9771747251826085e-05,38.02795879042877,,False,,0.7706521739130435,0.8065217391304348,0.675,0.6793478260869565,0.758695652173913,0.6847826086956522,0.08586956521739131,0.6701086956521739,0.31467391304347825,0.26304347826086955,0.6375,0.8347826086956521,0.6728260869565217,0.27065217391304347,0.7103206521739129
172,1b4,172_1b4,Al,mc,AKGC417L,172_1b4_Al_mc_AKGC417L,/nas/home/pcallandrone/DeepLearning/dataset/ICBHI_2017/ICBHI_final_database/172_1b4_Al_mc_AKGC417L.wav,/nas/home/pcallandrone/DeepLearning/dataset/ICBHI_2017/ICBHI_final_database/172_1b4_Al_mc_AKGC417L.txt,44100,20.0,0.2039134542742347,1.0001418590545654,0.012366213151927437,-0.00014201671001501381,0.22383691611504938,1.3714009523391724,0.006933333333333333,15.74465465540573,0.058083333333333334,27,0.08515992206998674,0.0877036638361401,0.09929908305456461,0.7274341904261135,0,0.032625,1.3714009523391724,False,0.0,both,5,11.536,0.09552704576976423,0.2649748274618971,0.12374350657674676,0.7346078752277196,0.0004675151985168498,61.94509782902238,,False,,0.6880434782608695,0.391304347826087,0.7510869565217392,0.8445652173913043,0.006521739130434782,0.7652173913043478,0.02391304347826087,0.12391304347826088,0.1934782608695652,0.0391304347826087,0.4320652173913043,0.3168478260869565,0.8858695652173914,0.7923913043478261,0.502375
172,1b4,172_1b4,Ar,mc,AKGC417L,172_1b4_Ar_mc_AKGC417L,/nas/home/pcallandrone/DeepLearning/dataset/ICBHI_2017/ICBHI_final_database/172_1b4_Ar_mc_AKGC417L.wav,/nas/home/pcallandrone/DeepLearning/dataset/ICBHI_2017/ICBHI_final_database/172_1b4_Ar_mc_AKGC417L.txt,44100,20.0,0.3838660847410067,1.0007691383361816,0.05785487528344671,-0.0007692049257457256,0.4214903106289416,1.2269563674926758,0.04736666666666667,9.280830466858903,0.020983333333333333,27,0.25291892195231125,0.26951625079468533,0.3010088676421845,0.40056100360505326,0,0.222875,1.2269563674926758,False,0.0,both,5,11.536,0.20839112343966715,0.2584426613602081,0.10260845565025385,0.7416331257261188,5.383331073995732e-05,54.02326620582684,,False,,0.9369565217391305,0.8597826086956522,0.741304347826087,0.8119565217391305,0.04565217391304348,0.7543478260869565,0.08043478260869565,0.7635869565217391,0.04565217391304348,0.0391304347826087,0.4320652173913043,0.3978260869565217,0.8293478260869566,0.12391304347826088,0.6387282608695654
172,1b4,172_1b4,Ll,mc,AKGC417L,172_1b4_Ll_mc_AKGC417L,/nas/home/pcallandrone/DeepLearning/dataset/ICBHI_2017/ICBHI_final_database/172_1b4_Ll_mc_AKGC417L.wav,/nas/home/pcallandrone/DeepLearning/dataset/ICBHI_2017/ICBHI_final_database/172_1b4_Ll_mc_AKGC417L.txt,44100,20.0,0.12586586703594208,1.0000442266464233,0.0028174603174603175,4.427005478646606e-05,0.14198549531695584,1.0348455905914307,0.0025666666666666667,17.25263144754957,0.06983333333333333,27,0.05129555334014688,0.05461912743588353,0.06235225089801257,0.737264914857826,0,0.014875,1.0348455905914307,False,0.0,both,5,11.536,0.20839112343966715,0.2741661121085191,0.11582943650215799,0.7302923734172977,3.38876458833838e-05,47.12939888699748,,False,,0.4956521739130435,0.25217391304347825,0.7608695652173914,0.8271739130434783,0.005434782608695652,0.7706521739130435,0.10760869565217392,0.09021739130434783,0.28043478260869564,0.0391304347826087,0.4320652173913043,0.3978260869565217,0.7869565217391304,0.9423913043478261,0.46539673913043494
172,1b4,172_1b4,Lr,mc,AKGC417L,172_1b4_Lr_mc_AKGC417L,/nas/home/pcallandrone/DeepLearning/dataset/ICBHI_2017/ICBHI_final_database/172_1b4_Lr_mc_AKGC417L.wav,/nas/home/pcallandrone/DeepLearning/dataset/ICBHI_2017/ICBHI_final_database/172_1b4_Lr_mc_AKGC417L.txt,44100,20.0,0.2930063026582744,1.0007710456848145,0.02259183673469388,0.0007711035432294011,0.3286138461822842,1.091611623764038,0.02245,10.427645856762409,0.024333333333333332,27,0.16220920563720218,0.17690344357097898,0.23541197398566643,0.4454655830214699,0,0.11875,1.091611623764038,False,0.0,wheezes,5,11.536,0.20839112343966715,0.05753310487955378,0.031914982627090284,0.9426197267513444,2.9330533084137014e-06,22.62125130148021,,False,,0.8521739130434782,0.6684782608695652,0.24456521739130435,0.532608695652174,0.030434782608695653,0.24782608695652175,0.4108695652173913,0.6413043478260869,0.10326086956521739,0.0391304347826087,0.4320652173913043,0.3978260869565217,0.29456521739130437,0.17717391304347826,0.45900543478260886
172,1b4,172_1b4,Pl,mc,AKGC417L,172_1b4_Pl_mc_AKGC417L,/nas/home/pcallandrone/DeepLearning/dataset/ICBHI_2017/ICBHI_final_database/172_1b4_Pl_mc_AKGC417L.wav,/nas/home/pcallandrone/DeepLearning/dataset/ICBHI_2017/ICBHI_final_database/172_1b4_Pl_mc_AKGC417L.txt,44100,20.0,0.21513657593730173,1.0000354051589966,0.015589569160997732,-3.554965587682091e-05,0.24231761905533128,1.0884674787521362,0.0137,13.048609288881732,0.03953333333333333,27,0.10330631420746507,0.10596271702197319,0.12390904241532226,0.649136730349988,0,0.068,1.0884674787521362,False,0.0,both,5,11.536,0.09552704576976423,0.32158129700536425,0.2459326185235101,0.6815158461529068,9.329332290468185e-06,68.59516381754872,,False,,0.7260869565217392,0.4543478260869565,0.8152173913043478,0.9489130434782609,0.010869565217391304,0.8217391304347826,0.21521739130434783,0.2608695652173913,0.14130434782608695,0.0391304347826087,0.4320652173913043,0.3168478260869565,0.9130434782608695,0.44021739130434784,0.5536358695652175
172,1b4,172_1b4,Pr,mc,AKGC417L,172_1b4_Pr_mc_AKGC417L,/nas/home/pcallandrone/DeepLearning/dataset/ICBHI_2017/ICBHI_final_database/172_1b4_Pr_mc_AKGC417L.wav,/nas/home/pcallandrone/DeepLearning/dataset/ICBHI_2017/ICBHI_final_database/172_1b4_Pr_mc_AKGC417L.txt,44100,20.0,0.14677729201347242,1.000072717666626,0.0055895691609977325,-7.284877938218415e-05,0.16610613131671567,1.1186009645462036,0.004516666666666667,16.56579051539964,0.06213333333333333,27,0.06233754647427839,0.06469817068468686,0.07947116390624798,0.7199550864362744,0,0.02,1.1186009645462036,False,0.0,wheezes,5,11.536,0.3039181692094314,0.45857946818627415,0.36809958400704346,0.54198277555183,1.1775243913709332e-05,101.84865491964116,,False,,0.5391304347826087,0.3,0.9097826086956522,0.9739130434782609,0.007608695652173913,0.9184782608695652,0.19130434782608696,0.10652173913043478,0.22826086956521738,0.0391304347826087,0.4320652173913043,0.4559782608695652,0.9641304347826087,0.8652173913043478,0.5392445652173914
172,1b4,172_1b4,Tc,mc,AKGC417L,172_1b4_Tc_mc_AKGC417L,/nas/home/pcallandrone/DeepLearning/dataset/ICBHI_2017/ICBHI_final_database/172_1b4_Tc_mc_AKGC417L.wav,/nas/home/pcallandrone/DeepLearning/dataset/ICBHI_2017/ICBHI_final_database/172_1b4_Tc_mc_AKGC417L.txt,44100,20.0,0.4570062185120528,1.0007966756820679,0.10654195011337869,-0.0007968221325427294,0.475690490382189,1.673439621925354,0.06921666666666666,10.925711559983942,0.02515,27,0.24893037415116787,0.2991814090340258,0.3545569393658329,0.3971759092530379,0,0.231,1.673439621925354,False,0.0,both,5,11.536,0.3039181692094314,0.47513234638255203,0.20076210326474236,0.5246441204152325,0.0005842809367514237,87.57711656884165,,False,,0.9706521739130435,0.8934782608695652,0.9206521739130434,0.9282608695652174,0.04782608695652174,0.9271739130434783,0.020652173913043477,0.5983695652173913,0.025,0.0391304347826087,0.4320652173913043,0.4559782608695652,0.9521739130434783,0.20869565217391303,0.6962608695652174
172,1b5,172_1b5,Al,mc,AKGC417L,172_1b5_Al_mc_AKGC417L,/nas/home/pcallandrone/DeepLearning/dataset/ICBHI_2017/ICBHI_final_database/172_1b5_Al_mc_AKGC417L.wav,/nas/home/pcallandrone/DeepLearning/dataset/ICBHI_2017/ICBHI_final_database/172_1b5_Al_mc_AKGC417L.txt,44100,20.0,0.07101998352516224,0.7611097693443298,0.0,2.069070251309313e-05,0.06759053566369931,0.3980121314525604,0.0,15.400208413571342,0.032766666666666666,27,0.05534353094214741,0.055629753813566434,0.06257942539899532,0.15983348569170502,0,0.0,0.3980121314525604,False,0.0,both,5,13.99,0.568048606147248,0.1065797307634938,0.0193912762134367,0.8937077562293092,6.51177707875076e-05,25.495714701916977,,False,,0.22065217391304348,0.2576086956521739,0.44130434782608696,0.3717391304347826,0.33260869565217394,0.4423913043478261,0.07065217391304347,0.3760869565217391,0.7516304347826087,0.31521739130434784,0.4320652173913043,0.5478260869565217,0.3782608695652174,0.7402173913043478,0.3905978260869566
172,1b5,172_1b5,Ar,mc,AKGC417L,172_1b5_Ar_mc_AKGC417L,/nas/home/pcallandrone/DeepLearning/dataset/ICBHI_2017/ICBHI_final_database/172_1b5_Ar_mc_AKGC417L.wav,/nas/home/pcallandrone/DeepLearning/dataset/ICBHI_2017/ICBHI_final_database/172_1b5_Ar_mc_AKGC417L.txt,44100,20.0,0.19367676976593515,1.0000637769699097,0.0009319727891156463,-6.394111551344395e-05,0.19628619659993646,1.000861406326294,0.0006833333333333333,14.149683657982388,0.030066666666666665,27,0.15366760889205575,0.1655791165670313,0.20431385578902847,0.10849870832282027,0,0.003,1.000861406326294,False,0.0,wheezes,5,13.99,0.7673338098641886,0.12514636573319213,0.021455416665954623,0.8749261279756914,3.7718834883789427e-06,29.34712763048674,,False,,0.6130434782608696,0.6271739130434782,0.49130434782608695,0.4076086956521739,0.5576086956521739,0.4967391304347826,0.358695652173913,0.4309782608695652,0.36684782608695654,0.31521739130434784,0.4320652173913043,0.6244565217391305,0.48695652173913045,0.5891304347826087,0.5633967391304348
172,1b5,172_1b5,Ll,mc,AKGC417L,172_1b5_Ll_mc_AKGC417L,/nas/home/pcallandrone/DeepLearning/dataset/ICBHI_2017/ICBHI_final_database/172_1b5_Ll_mc_AKGC417L.wav,/nas/home/pcallandrone/DeepLearning/dataset/ICBHI_2017/ICBHI_final_database/172_1b5_Ll_mc_AKGC417L.txt,44100,20.0,0.11332558515274635,0.7508129477500916,0.0,-2.6421881557325833e-05,0.11115226144217175,0.6461021900177002,0.0,15.28765819380823,0.0309,27,0.09262581381913082,0.0965638807638299,0.10770424504091504,0.11401920646286096,0,0.0,0.6461021900177002,False,0.0,both,5,13.99,0.1885632594710508,0.11727620900448547,0.0361761628102604,0.8892106373770818,2.2822949564609735e-05,27.62386126568677,,False,,0.391304347826087,0.41956521739130437,0.47391304347826085,0.5673913043478261,0.5195652173913043,0.45869565217391306,0.12934782608695652,0.4092391304347826,0.7516304347826087,0.31521739130434784,0.4320652173913043,0.38967391304347826,0.4380434782608696,0.7239130434782609,0.4768206521739131
172,1b5,172_1b5,Lr,mc,AKGC417L,172_1b5_Lr_mc_AKGC417L,/nas/home/pcallandrone/DeepLearning/dataset/ICBHI_2017/ICBHI_final_database/172_1b5_Lr_mc_AKGC417L.wav,/nas/home/pcallandrone/DeepLearning/dataset/ICBHI_2017/ICBHI_final_database/172_1b5_Lr_mc_AKGC417L.txt,44100,20.0,0.13865023865844592,0.9998829364776611,0.0003095238095238095,-0.00011708393867593259,0.1394601612178081,1.0000951290130615,0.0004166666666666667,17.111822976193324,0.03651666666666667,27,0.10519933243006907,0.11057838927710603,0.13311873240946703,0.19887806701295208,0,0.003125,1.0000951290130615,False,0.0,both,5,13.99,0.3830593280914939,0.062141396050048564,0.03525259254064934,0.9382623899100347,1.159766121103287e-06,24.038802708283747,,False,,0.48478260869565215,0.46630434782608693,0.2565217391304348,0.5597826086956522,0.22608695652173913,0.2619565217391304,0.5847826086956521,0.31521739130434784,0.38858695652173914,0.31521739130434784,0.4320652173913043,0.49130434782608695,0.33804347826086956,0.9217391304347826,0.4453369565217391
172,1b5,172_1b5,Pl,mc,AKGC417L,172_1b5_Pl_mc_AKGC417L,/nas/home/pcallandrone/DeepLearning/dataset/ICBHI_2017/ICBHI_final_database/172_1b5_Pl_mc_AKGC417L.wav,/nas/home/pcallandrone/DeepLearning/dataset/ICBHI_2017/ICBHI_final_database/172_1b5_Pl_mc_AKGC417L.txt,44100,20.0,0.3167344457985678,1.0001040697097778,0.009575963718820862,0.00010404072236269712,0.31118946759292065,1.0075832605361938,0.007783333333333333,10.205121080256578,0.020133333333333333,27,0.24441459080613429,0.2525130530035769,0.30244110378046374,0.14060418356344218,0,0.0215,1.0075832605361938,False,0.0,both,5,13.99,0.1885632594710508,0.1624767689978154,0.06305007822213078,0.8380695716045461,4.3647270927287375e-06,31.743562797657145,,False,,0.8336956521739131,0.8347826086956521,0.5891304347826087,0.7097826086956521,0.3934782608695652,0.5945652173913043,0.33804347826086956,0.7972826086956522,0.17771739130434783,0.31521739130434784,0.4320652173913043,0.38967391304347826,0.5456521739130434,0.16630434782608697,0.6455597826086957
172,1b5,172_1b5,Pr,mc,AKGC417L,172_1b5_Pr_mc_AKGC417L,/nas/home/pcallandrone/DeepLearning/dataset/ICBHI_2017/ICBHI_final_database/172_1b5_Pr_mc_AKGC417L.wav,/nas/home/pcallandrone/DeepLearning/dataset/ICBHI_2017/ICBHI_final_database/172_1b5_Pr_mc_AKGC417L.txt,44100,20.0,0.15194216900154134,1.0001617670059204,0.00022562358276643991,-0.0001619202084839344,0.1504638849438612,1.0046528577804565,6.666666666666667e-05,16.491675052968958,0.03308333333333333,27,0.12637684802863022,0.13202666162346563,0.14786264014592698,0.09402137790781816,0,0.0005,1.0046528577804565,False,0.0,both,5,13.99,0.372337383845604,0.18658278716026666,0.0939521826995225,0.8134478170151352,1.2319369122873496e-05,34.56921990000714,,False,,0.5152173913043478,0.5434782608695652,0.6456521739130435,0.7913043478260869,0.6608695652173913,0.658695652173913,0.18478260869565216,0.3673913043478261,0.45706521739130435,0.31521739130434784,0.4320652173913043,0.48586956521739133,0.6065217391304348,0.8576086956521739,0.5979782608695652
172,1b5,172_1b5,Tc,mc,AKGC417L,172_1b5_Tc_mc_AKGC417L,/nas/home/pcallandrone/DeepLearning/dataset/ICBHI_2017/ICBHI_final_database/172_1b5_Tc_mc_AKGC417L.wav,/nas/home/pcallandrone/DeepLearning/dataset/ICBHI_2017/ICBHI_final_database/172_1b5_Tc_mc_AKGC417L.txt,44100,20.0,0.3885404532722289,1.0000957250595093,0.04397732426303855,9.567181405145675e-05,0.36324507827929103,1.278777837753296,0.02455,10.931907245090308,0.02305,27,0.20715396999764552,0.28402788174290833,0.3401720087189168,0.17666379615502156,0,0.094875,1.278777837753296,False,0.0,both,5,13.99,0.7673338098641886,0.18413997680085661,0.06517042001962058,0.8157823670731608,8.735855961079683e-05,41.35587699155839,,False,,0.8978260869565218,0.8782608695652174,0.6391304347826087,0.717391304347826,0.2826086956521739,0.65,0.06304347826086956,0.6885869565217392,0.09565217391304348,0.31521739130434784,0.4320652173913043,0.6244565217391305,0.7195652173913043,0.20978260869565218,0.661217391304348
172,2b5,172_2b5,Al,mc,AKGC417L,172_2b5_Al_mc_AKGC417L,/nas/home/pcallandrone/DeepLearning/dataset/ICBHI_2017/ICBHI_final_database/172_2b5_Al_mc_AKGC417L.wav,/nas/home/pcallandrone/DeepLearning/dataset/ICBHI_2017/ICBHI_final_database/172_2b5_Al_mc_AKGC417L.txt,44100,20.0,0.3270627019464927,1.0001481771469116,0.012299319727891157,0.00014811934670433402,0.32955631262444407,1.0057011842727661,0.011083333333333334,9.69078652945803,0.01965,27,0.24531989199705506,0.25808282254957066,0.3264943820917921,0.18128821601807033,0,0.047875,1.0057011842727661,False,0.0,crackles,5,13.623000000000001,0.0,0.20334274009334022,0.022251448351852644,0.7972097447918024,6.902666574220995e-07,29.78368666121505,,False,,0.8532608695652174,0.8456521739130435,0.6706521739130434,0.41956521739130437,0.266304347826087,0.6804347826086956,0.675,0.816304347826087,0.15760869565217392,0.20706521739130435,0.4320652173913043,0.14402173913043478,0.49782608695652175,0.14673913043478262,0.6282826086956522
172,2b5,172_2b5,Ar,mc,AKGC417L,172_2b5_Ar_mc_AKGC417L,/nas/home/pcallandrone/DeepLearning/dataset/ICBHI_2017/ICBHI_final_database/172_2b5_Ar_mc_AKGC417L.wav,/nas/home/pcallandrone/DeepLearning/dataset/ICBHI_2017/ICBHI_final_database/172_2b5_Ar_mc_AKGC417L.txt,44100,20.0,0.2052689928175268,1.0002497434616089,0.0074523809523809525,-0.00024982058675959706,0.1986261601084625,1.0053037405014038,0.00435,14.085217029149959,0.039433333333333334,27,0.10058890174796115,0.10579132460007729,0.15795695517265157,0.3952048250989918,0,0.023,1.0053037405014038,False,0.0,wheezes,5,13.623000000000001,0.845628716141819,0.07780969643426902,0.005412422882246195,0.9228420245460697,3.1593220248228305e-06,21.915627499090533,,False,,0.6260869565217392,0.4532608695652174,0.33152173913043476,0.14130434782608695,0.051086956521739134,0.3347826086956522,0.39565217391304347,0.26413043478260867,0.23478260869565218,0.20706521739130435,0.4320652173913043,0.6478260869565218,0.275,0.575,0.40467391304347833
172,2b5,172_2b5,Lr,mc,AKGC417L,172_2b5_Lr_mc_AKGC417L,/nas/home/pcallandrone/DeepLearning/dataset/ICBHI_2017/ICBHI_final_database/172_2b5_Lr_mc_AKGC417L.wav,/nas/home/pcallandrone/DeepLearning/dataset/ICBHI_2017/ICBHI_final_database/172_2b5_Lr_mc_AKGC417L.txt,44100,20.0,0.47369249802016267,1.0003890991210938,0.05508163265306122,-0.0003891746746376157,0.43717021392962074,1.0067039728164673,0.0318,7.245024364960474,0.014683333333333333,27,0.27154753925665637,0.31332265843097346,0.45277635999933147,0.1793306835936871,0,0.106625,1.0067039728164673,False,0.0,both,5,13.623000000000001,0.6152829773177715,0.011806223904067173,0.0025229059297812405,0.9882169981082212,1.0263266262879097e-07,12.613183428389144,,False,,0.95,0.9032608695652173,0.04673913043478261,0.07282608695652174,0.2684782608695652,0.057608695652173914,0.8630434782608696,0.9641304347826087,0.06521739130434782,0.20706521739130435,0.4320652173913043,0.5641304347826087,0.08260869565217391,0.04891304347826087,0.5176847826086957
172,2b5,172_2b5,Pl,mc,AKGC417L,172_2b5_Pl_mc_AKGC417L,/nas/home/pcallandrone/DeepLearning/dataset/ICBHI_2017/ICBHI_final_database/172_2b5_Pl_mc_AKGC417L.wav,/nas/home/pcallandrone/DeepLearning/dataset/ICBHI_2017/ICBHI_final_database/172_2b5_Pl_mc_AKGC417L.txt,44100,20.0,0.2563264686800124,1.0000373125076294,0.016,-3.7489531678147614e-05,0.20590622519605112,1.006100058555603,0.00345,13.779433943076274,0.03141666666666667,27,0.14803280832655438,0.165726503194668,0.17445121929891122,0.29303889410408407,0,0.02575,1.006100058555603,False,0.0,crackles,5,13.623000000000001,0.3541804301548851,0.1161632940096369,0.04773934061878451,0.883844130788675,2.959764480804153e-06,30.67136226290608,,False,,0.6445652173913043,0.6282608695652174,0.4706521739130435,0.6521739130434783,0.11521739130434783,0.475,0.4097826086956522,0.39619565217391306,0.25706521739130433,0.20706521739130435,0.4320652173913043,0.47608695652173916,0.5206521739130435,0.5282608695652173,0.517358695652174
172,2b5,172_2b5,Pr,mc,AKGC417L,172_2b5_Pr_mc_AKGC417L,/nas/home/pcallandrone/DeepLearning/dataset/ICBHI_2017/ICBHI_final_database/172_2b5_Pr_mc_AKGC417L.wav,/nas/home/pcallandrone/DeepLearning/dataset/ICBHI_2017/ICBHI_final_database/172_2b5_Pr_mc_AKGC417L.txt,44100,20.0,0.23957105721587155,1.0000953674316406,0.0033378684807256237,9.540728206047788e-05,0.21861125895464842,1.0136969089508057,0.0007,13.324711934243654,0.02515,27,0.14110834535795136,0.1490706258704848,0.20659792934822097,0.2628122239789579,0,0.00525,1.0136969089508057,False,0.0,both,5,13.623000000000001,0.6348087792703516,0.08997720202338748,0.03947989102055555,0.910210696001076,5.73581376720712e-06,25.489986059492267,,False,,0.6739130434782609,0.5880434782608696,0.3782608695652174,0.5858695652173913,0.1423913043478261,0.3847826086956522,0.2902173913043478,0.5983695652173913,0.3641304347826087,0.20706521739130435,0.4320652173913043,0.5652173913043478,0.37717391304347825,0.4717391304347826,0.49765760869565223
172,2b5,172_2b5,Tc,mc,AKGC417L,172_2b5_Tc_mc_AKGC417L,/nas/home/pcallandrone/DeepLearning/dataset/ICBHI_2017/ICBHI_final_database/172_2b5_Tc_mc_AKGC417L.wav,/nas/home/pcallandrone/DeepLearning/dataset/ICBHI_2017/ICBHI_final_database/172_2b5_Tc_mc_AKGC417L.txt,44100,20.0,0.5482600334851471,1.0012798309326172,0.12994444444444445,0.0012797865783795714,0.5376043844313807,1.099554181098938,0.07573333333333333,6.215076645595956,0.014233333333333334,27,0.42417260884295516,0.45991139041605283,0.5372740946602947,0.10364660006755987,0,0.12525,1.099554181098938,False,0.0,normal,5,13.623000000000001,1.0,0.18308883342783985,0.04942823699689671,0.8171196588556234,3.6779845994028196e-05,33.58083063068876,,False,,0.9858695652173913,0.9847826086956522,0.6369565217391304,0.658695652173913,0.5858695652173913,0.6478260869565218,0.1,0.9760869565217392,0.021739130434782608,0.20706521739130435,0.4320652173913043,0.8347826086956521,0.5826086956521739,0.02282608695652174,0.7329347826086959
173,1b1,173_1b1,Al,sc,Meditron,173_1b1_Al_sc_Meditron,/nas/home/pcallandrone/DeepLearning/dataset/ICBHI_2017/ICBHI_final_database/173_1b1_Al_sc_Meditron.wav,/nas/home/pcallandrone/DeepLearning/dataset/ICBHI_2017/ICBHI_final_database/173_1b1_Al_sc_Meditron.txt,44100,20.0,0.10788837963491321,0.5547300577163696,0.0,-4.887851173407398e-05,0.10994722373257303,0.545231819152832,0.0,13.907938499395767,0.028616666666666665,27,0.09869650834233969,0.10022016413730625,0.11101243990222276,0.05858747045067518,0,0.0,0.545231819152832,False,0.0,crackles,10,14.979000000000001,0.533947526537152,0.08340667026232118,0.008606258100945582,0.9171146554226506,9.531093079713299e-07,26.07084167096691,,False,,0.38913043478260867,0.4369565217391304,0.3576086956521739,0.19130434782608696,0.9119565217391304,0.36195652173913045,0.616304347826087,0.4771739130434783,0.7516304347826087,0.9614130434782608,0.9652173913043478,0.5391304347826087,0.39565217391304347,0.5402173913043479,0.569554347826087
174,1p2,174_1p2,Ar,mc,AKGC417L,174_1p2_Ar_mc_AKGC417L,/nas/home/pcallandrone/DeepLearning/dataset/ICBHI_2017/ICBHI_final_database/174_1p2_Ar_mc_AKGC417L.wav,/nas/home/pcallandrone/DeepLearning/dataset/ICBHI_2017/ICBHI_final_database/174_1p2_Ar_mc_AKGC417L.txt,44100,20.0,0.09791250066212219,0.5831091403961182,0.0,0.00018033574451692402,0.09639455004288112,0.41165322065353394,0.0,12.60958073312212,0.0232,27,0.07930869798539751,0.08243763804785456,0.09652727823434241,0.10027357261954954,0,0.0,0.41165322065353394,False,0.0,both,4,14.407,0.5422364128548622,0.1377180487920654,0.03023626241170175,0.8625168283789916,6.643243536703197e-07,29.440277812785897,,False,,0.3423913043478261,0.3760869565217391,0.525,0.5163043478260869,0.6141304347826086,0.5293478260869565,0.6782608695652174,0.6831521739130435,0.7516304347826087,0.4652173913043478,0.19510869565217392,0.5413043478260869,0.4902173913043478,0.3826086956521739,0.5440380434782609
174,1p2,174_1p2,Ll,mc,AKGC417L,174_1p2_Ll_mc_AKGC417L,/nas/home/pcallandrone/DeepLearning/dataset/ICBHI_2017/ICBHI_final_database/174_1p2_Ll_mc_AKGC417L.wav,/nas/home/pcallandrone/DeepLearning/dataset/ICBHI_2017/ICBHI_final_database/174_1p2_Ll_mc_AKGC417L.txt,44100,20.0,0.18751445051225443,0.7753094434738159,0.0,7.631377229699865e-05,0.18981086951209383,0.7661873698234558,0.0,12.120278194239782,0.02355,27,0.15963303744326238,0.16699131890488433,0.19019569515816903,0.08621542230712467,0,0.0,0.7661873698234558,False,0.0,both,4,14.407,0.0,0.06554588638971647,0.021897284763087284,0.9383443127524135,1.3183511175883402e-05,20.073846773310734,,False,,0.5945652173913043,0.6326086956521739,0.26956521739130435,0.41195652173913044,0.7228260869565217,0.2608695652173913,0.17717391304347826,0.6663043478260869,0.7516304347826087,0.4652173913043478,0.19510869565217392,0.14402173913043478,0.225,0.31630434782608696,0.4884347826086957
174,1p2,174_1p2,Lr,mc,AKGC417L,174_1p2_Lr_mc_AKGC417L,/nas/home/pcallandrone/DeepLearning/dataset/ICBHI_2017/ICBHI_final_database/174_1p2_Lr_mc_AKGC417L.wav,/nas/home/pcallandrone/DeepLearning/dataset/ICBHI_2017/ICBHI_final_database/174_1p2_Lr_mc_AKGC417L.txt,44100,20.0,0.19684463022191057,0.8344516158103943,0.0,0.00031642071553505957,0.19813113858702738,0.6223252415657043,0.0,9.941293617386371,0.019066666666666666,27,0.17253017866326598,0.18389617911335368,0.19990680151618823,0.05899656625137849,0,0.0,0.6223252415657043,False,0.0,both,4,14.407,0.0,0.0308808203572249,0.011222797984241806,0.9695664282686107,6.1440322931596785e-06,18.657703715646168,,False,,0.6217391304347826,0.6880434782608695,0.14130434782608695,0.2391304347826087,0.9097826086956522,0.14673913043478262,0.2793478260869565,0.8391304347826087,0.7516304347826087,0.4652173913043478,0.19510869565217392,0.14402173913043478,0.19130434782608696,0.15434782608695652,0.48998913043478276
174,1p2,174_1p2,Pl,mc,AKGC417L,174_1p2_Pl_mc_AKGC417L,/nas/home/pcallandrone/DeepLearning/dataset/ICBHI_2017/ICBHI_final_database/174_1p2_Pl_mc_AKGC417L.wav,/nas/home/pcallandrone/DeepLearning/dataset/ICBHI_2017/ICBHI_final_database/174_1p2_Pl_mc_AKGC417L.txt,44100,20.0,0.35111082443052005,1.0000996589660645,0.00641156462585034,-9.974452405003831e-05,0.35230073895067593,1.0084301233291626,0.005533333333333334,9.13464511983114,0.018833333333333334,27,0.30957389969504606,0.32991058911841803,0.3469461782480834,0.06421507531446137,0,0.011125,1.0084301233291626,False,0.0,both,4,14.407,0.0,0.07083819343979224,0.03056756697038629,0.9294073869387244,2.8453826244033355e-06,21.09389317938118,,False,,0.8847826086956522,0.9206521739130434,0.2967391304347826,0.5195652173913043,0.8804347826086957,0.3,0.41847826086956524,0.8434782608695652,0.20978260869565218,0.4652173913043478,0.19510869565217392,0.14402173913043478,0.2532608695652174,0.11739130434782609,0.6162119565217391
174,1p2,174_1p2,Pr,mc,AKGC417L,174_1p2_Pr_mc_AKGC417L,/nas/home/pcallandrone/DeepLearning/dataset/ICBHI_2017/ICBHI_final_database/174_1p2_Pr_mc_AKGC417L.wav,/nas/home/pcallandrone/DeepLearning/dataset/ICBHI_2017/ICBHI_final_database/174_1p2_Pr_mc_AKGC417L.txt,44100,20.0,0.39497830860376804,1.0014212131500244,0.03344784580498866,0.0014212635578587651,0.40258068256436513,1.013493537902832,0.025016666666666666,8.019361039599026,0.015783333333333333,27,0.30954418467153116,0.3522982170167296,0.40292387150648734,0.10047687134742872,0,0.0555,1.013493537902832,False,0.0,both,4,14.407,0.0,0.04363067023738459,0.01243798461853832,0.9567042137857611,1.6053671185702063e-06,20.14779924481673,,False,,0.9282608695652174,0.9369565217391305,0.19130434782608696,0.25869565217391305,0.6119565217391304,0.1967391304347826,0.5228260869565218,0.9385869565217392,0.09347826086956522,0.4652173913043478,0.19510869565217392,0.14402173913043478,0.22717391304347825,0.075,0.5602608695652173
174,1p2,174_1p2,Tc,mc,AKGC417L,174_1p2_Tc_mc_AKGC417L,/nas/home/pcallandrone/DeepLearning/dataset/ICBHI_2017/ICBHI_final_database/174_1p2_Tc_mc_AKGC417L.wav,/nas/home/pcallandrone/DeepLearning/dataset/ICBHI_2017/ICBHI_final_database/174_1p2_Tc_mc_AKGC417L.txt,44100,20.0,0.07994836415832032,0.45855218172073364,0.0,-8.362571679754183e-05,0.07236732214324475,0.42591312527656555,0.0,15.39557041621486,0.031516666666666665,27,0.05247244182680782,0.062122860776446895,0.07305052828672623,0.10403793951087875,0,0.0,0.42591312527656555,False,0.0,crackles,4,14.407,0.2677170819740403,0.05014259788667949,0.023942823185371213,0.9499116838604182,9.302235217025051e-07,22.13824479655969,,False,,0.2391304347826087,0.29130434782608694,0.21630434782608696,0.44782608695652176,0.5836956521739131,0.225,0.6228260869565218,0.39402173913043476,0.7516304347826087,0.4652173913043478,0.19510869565217392,0.43369565217391304,0.28369565217391307,0.7391304347826086,0.41007065217391303
174,1p3,174_1p3,Ar,mc,AKGC417L,174_1p3_Ar_mc_AKGC417L,/nas/home/pcallandrone/DeepLearning/dataset/ICBHI_2017/ICBHI_final_database/174_1p3_Ar_mc_AKGC417L.wav,/nas/home/pcallandrone/DeepLearning/dataset/ICBHI_2017/ICBHI_final_database/174_1p3_Ar_mc_AKGC417L.txt,44100,20.0,0.2031337036623754,1.00006902217865,0.0010034013605442176,-6.91853929311037e-05,0.20855043007223167,1.001183032989502,0.0013166666666666667,13.626047820689513,0.02981666666666667,27,0.16422872588650186,0.1680669841157676,0.18953762042336314,0.19472006336810194,0,0.00775,1.001183032989502,False,0.0,crackles,4,14.674,0.0,0.10481635351775269,0.02652119477476164,0.8953133363934987,5.218444836812001e-07,27.883536056968683,,False,,0.65,0.6402173913043478,0.43369565217391304,0.47934782608695653,0.23152173913043478,0.4369565217391304,0.7097826086956521,0.4391304347826087,0.3342391304347826,0.5635869565217392,0.19510869565217392,0.14402173913043478,0.44782608695652176,0.5043478260869565,0.523429347826087
174,1p3,174_1p3,Ll,mc,AKGC417L,174_1p3_Ll_mc_AKGC417L,/nas/home/pcallandrone/DeepLearning/dataset/ICBHI_2017/ICBHI_final_database/174_1p3_Ll_mc_AKGC417L.wav,/nas/home/pcallandrone/DeepLearning/dataset/ICBHI_2017/ICBHI_final_database/174_1p3_Ll_mc_AKGC417L.txt,44100,20.0,0.18465265472457904,0.9146461486816406,0.0,-0.00023961537226568907,0.19001329825729424,0.9084793925285339,0.0,13.59062167397681,0.024533333333333334,27,0.16326480881232056,0.1706497113727649,0.19190831275746548,0.07619324493583478,0,0.0,0.9084793925285339,False,0.0,crackles,4,14.674,0.0,0.07706848654908124,0.02821099481017924,0.9250544787053593,1.1193225108526865e-05,27.890760295228993,,False,,0.5956521739130435,0.6478260869565218,0.32717391304347826,0.4956521739130435,0.7945652173913044,0.32717391304347826,0.19891304347826086,0.6309782608695652,0.7516304347826087,0.5635869565217392,0.19510869565217392,0.14402173913043478,0.4489130434782609,0.5021739130434782,0.5362391304347827
174,1p3,174_1p3,Lr,mc,AKGC417L,174_1p3_Lr_mc_AKGC417L,/nas/home/pcallandrone/DeepLearning/dataset/ICBHI_2017/ICBHI_final_database/174_1p3_Lr_mc_AKGC417L.wav,/nas/home/pcallandrone/DeepLearning/dataset/ICBHI_2017/ICBHI_final_database/174_1p3_Lr_mc_AKGC417L.txt,44100,20.0,0.20692343534066754,0.7888190746307373,0.0,-0.00012217073526699096,0.2100458109952497,0.7807724475860596,0.0,11.404209087051637,0.0208,27,0.16238628724224768,0.18914242254414518,0.20902660790292388,0.0860294646787388,0,0.0,0.7807724475860596,False,0.0,crackles,4,14.674,0.0,0.050418363535027017,0.010855788895191898,0.9509844189098401,5.366481907365154e-06,22.090835486577753,,False,,0.6532608695652173,0.6945652173913044,0.2184782608695652,0.22934782608695653,0.7282608695652174,0.21956521739130436,0.30434782608695654,0.775,0.7516304347826087,0.5635869565217392,0.19510869565217392,0.14402173913043478,0.28152173913043477,0.24130434782608695,0.5037663043478262
174,1p3,174_1p3,Pl,mc,AKGC417L,174_1p3_Pl_mc_AKGC417L,/nas/home/pcallandrone/DeepLearning/dataset/ICBHI_2017/ICBHI_final_database/174_1p3_Pl_mc_AKGC417L.wav,/nas/home/pcallandrone/DeepLearning/dataset/ICBHI_2017/ICBHI_final_database/174_1p3_Pl_mc_AKGC417L.txt,44100,20.0,0.37180387120506087,1.0000979900360107,0.016568027210884354,-9.810491610551253e-05,0.3751951533804853,1.0091193914413452,0.0154,8.593706638516851,0.01785,27,0.3382623888483275,0.34107181645238877,0.36920829163817176,0.08040552650236739,0,0.036,1.0091193914413452,False,0.0,crackles,4,14.674,0.0,0.07252246265910925,0.02797337289442488,0.9278612573417381,2.4312332858448875e-06,22.92543992174447,,False,,0.9097826086956522,0.9315217391304348,0.3065217391304348,0.4923913043478261,0.7771739130434783,0.3119565217391304,0.44565217391304346,0.8777173913043478,0.13369565217391305,0.5635869565217392,0.19510869565217392,0.14402173913043478,0.30217391304347824,0.09021739130434783,0.6206684782608696
174,1p3,174_1p3,Pr,mc,AKGC417L,174_1p3_Pr_mc_AKGC417L,/nas/home/pcallandrone/DeepLearning/dataset/ICBHI_2017/ICBHI_final_database/174_1p3_Pr_mc_AKGC417L.wav,/nas/home/pcallandrone/DeepLearning/dataset/ICBHI_2017/ICBHI_final_database/174_1p3_Pr_mc_AKGC417L.txt,44100,20.0,0.4046671427187186,1.000523328781128,0.03321428571428572,-0.0005234384443610907,0.40328897665231905,1.0128815174102783,0.02811666666666667,7.998845899304064,0.016766666666666666,27,0.35685440032676363,0.3708167640494219,0.4050749173870568,0.06240996627423302,0,0.049,1.0128815174102783,False,0.0,both,4,14.674,0.0,0.04218063856376134,0.01656537585952292,0.957854897887043,1.76969992332194e-06,20.46302593483673,,False,,0.9304347826086956,0.9456521739130435,0.18804347826086956,0.32608695652173914,0.8902173913043478,0.1934782608695652,0.5043478260869565,0.9114130434782609,0.08152173913043478,0.5635869565217392,0.19510869565217392,0.14402173913043478,0.2358695652173913,0.07282608695652174,0.5986032608695653
174,1p3,174_1p3,Tc,mc,AKGC417L,174_1p3_Tc_mc_AKGC417L,/nas/home/pcallandrone/DeepLearning/dataset/ICBHI_2017/ICBHI_final_database/174_1p3_Tc_mc_AKGC417L.wav,/nas/home/pcallandrone/DeepLearning/dataset/ICBHI_2017/ICBHI_final_database/174_1p3_Tc_mc_AKGC417L.txt,44100,20.0,0.12619981375309258,0.5035103559494019,0.0,0.0001387756346957758,0.12002138686758156,0.5031663179397583,0.0,12.44905840955246,0.02405,27,0.07999409874279012,0.0947726477466808,0.11983781556424833,0.17816650383165725,0,0.0,0.5031663179397583,False,0.0,crackles,4,14.674,0.2695924764890282,0.03384119346269441,0.00837458702089137,0.966187906883413,2.0602802948621562e-07,19.694310910230655,,False,,0.41630434782608694,0.4141304347826087,0.15869565217391304,0.18369565217391304,0.27608695652173915,0.16630434782608697,0.8130434782608695,0.6478260869565218,0.7516304347826087,0.5635869565217392,0.19510869565217392,0.4358695652173913,0.21739130434782608,0.35434782608695653,0.41388586956521756
174,1p4,174_1p4,Ar,mc,AKGC417L,174_1p4_Ar_mc_AKGC417L,/nas/home/pcallandrone/DeepLearning/dataset/ICBHI_2017/ICBHI_final_database/174_1p4_Ar_mc_AKGC417L.wav,/nas/home/pcallandrone/DeepLearning/dataset/ICBHI_2017/ICBHI_final_database/174_1p4_Ar_mc_AKGC417L.txt,44100,20.0,0.17129998151542694,0.8830969333648682,0.0,5.4228246881393716e-05,0.17173256409809826,0.8810481429100037,0.0,14.202939710861305,0.028333333333333332,27,0.14577860200916407,0.15029604325073126,0.1721862345974794,0.07760316987078811,0,0.0,0.8810481429100037,False,0.0,crackles,4,12.988000000000001,0.6375115491222667,0.11010852094993749,0.0265954265998355,0.8901399421039358,8.044784240778946e-07,28.909843398446014,,False,,0.55,0.592391304347826,0.45217391304347826,0.48043478260869565,0.7880434782608695,0.45543478260869563,0.6467391304347826,0.48586956521739133,0.7516304347826087,0.09184782608695652,0.19510869565217392,0.5673913043478261,0.4782608695652174,0.6,0.5754076086956522
174,1p4,174_1p4,Ll,mc,AKGC417L,174_1p4_Ll_mc_AKGC417L,/nas/home/pcallandrone/DeepLearning/dataset/ICBHI_2017/ICBHI_final_database/174_1p4_Ll_mc_AKGC417L.wav,/nas/home/pcallandrone/DeepLearning/dataset/ICBHI_2017/ICBHI_final_database/174_1p4_Ll_mc_AKGC417L.txt,44100,20.0,0.17840516948934076,0.8199633359909058,0.0,0.00012065114424331114,0.17753695558540328,0.8108620643615723,0.0,13.193164283458652,0.0245,27,0.14584168920817345,0.16458473095095993,0.17926108494732448,0.07401048025079779,0,0.0,0.8108620643615723,False,0.0,crackles,4,12.988000000000001,0.32645518940560514,0.07251695381357445,0.02057161857308528,0.930046050961906,1.54452947783856e-05,19.440842280737673,,False,,0.5684782608695652,0.625,0.30543478260869567,0.39565217391304347,0.8076086956521739,0.29891304347826086,0.15543478260869564,0.633695652173913,0.7516304347826087,0.09184782608695652,0.19510869565217392,0.46793478260869564,0.2108695652173913,0.45760869565217394,0.49815760869565223
174,1p4,174_1p4,Lr,mc,AKGC417L,174_1p4_Lr_mc_AKGC417L,/nas/home/pcallandrone/DeepLearning/dataset/ICBHI_2017/ICBHI_final_database/174_1p4_Lr_mc_AKGC417L.wav,/nas/home/pcallandrone/DeepLearning/dataset/ICBHI_2017/ICBHI_final_database/174_1p4_Lr_mc_AKGC417L.txt,44100,20.0,0.18901904065190714,0.8064352869987488,0.0,0.000147141472552903,0.18305472103917797,0.8022849559783936,0.0,12.834954288558446,0.023383333333333332,27,0.15373109504332425,0.15549022369638552,0.17477714022293295,0.12503111041611978,0,0.0,0.8022849559783936,False,0.0,crackles,4,12.988000000000001,0.32645518940560514,0.034612939658369944,0.010928607635000526,0.9662897895702168,6.591740686747582e-06,17.902814085969116,,False,,0.5793478260869566,0.6,0.16304347826086957,0.2326086956521739,0.4597826086956522,0.16521739130434782,0.26956521739130435,0.6755434782608696,0.7516304347826087,0.09184782608695652,0.19510869565217392,0.46793478260869564,0.1782608695652174,0.40869565217391307,0.42384782608695654
174,1p4,174_1p4,Pl,mc,AKGC417L,174_1p4_Pl_mc_AKGC417L,/nas/home/pcallandrone/DeepLearning/dataset/ICBHI_2017/ICBHI_final_database/174_1p4_Pl_mc_AKGC417L.wav,/nas/home/pcallandrone/DeepLearning/dataset/ICBHI_2017/ICBHI_final_database/174_1p4_Pl_mc_AKGC417L.txt,44100,20.0,0.3375184338954797,1.0003669261932373,0.006292517006802721,-0.0003669992438517511,0.3355904727513902,1.0084956884384155,0.006416666666666667,9.557288455704963,0.01885,27,0.2989780393310434,0.3072566962440506,0.33512983090318704,0.06457601537923187,0,0.01525,1.0084956884384155,False,0.0,crackles,4,12.988000000000001,0.0,0.07854855479183469,0.03393766270886286,0.9214710805868946,3.3375266036071137e-06,21.57503791728302,,False,,0.8619565217391304,0.9010869565217391,0.3391304347826087,0.5445652173913044,0.8771739130434782,0.34782608695652173,0.3826086956521739,0.8418478260869565,0.2,0.09184782608695652,0.19510869565217392,0.14402173913043478,0.266304347826087,0.13804347826086957,0.5934402173913044
174,1p4,174_1p4,Pr,mc,AKGC417L,174_1p4_Pr_mc_AKGC417L,/nas/home/pcallandrone/DeepLearning/dataset/ICBHI_2017/ICBHI_final_database/174_1p4_Pr_mc_AKGC417L.wav,/nas/home/pcallandrone/DeepLearning/dataset/ICBHI_2017/ICBHI_final_database/174_1p4_Pr_mc_AKGC417L.txt,44100,20.0,0.3738041423049341,1.000730276107788,0.02427891156462585,-0.0007304476457647979,0.36827721531303104,1.009244441986084,0.020516666666666666,8.756430312869938,0.018133333333333335,27,0.3094627870624283,0.33548581792373283,0.35829647566967887,0.0743607899191376,0,0.034125,1.009244441986084,False,0.0,crackles,4,12.988000000000001,0.0,0.03347675055368229,0.012047087461878006,0.9666161365438728,1.6380955349474965e-06,18.391530080660644,,False,,0.9032608695652173,0.9271739130434783,0.15543478260869564,0.25,0.8032608695652174,0.16195652173913044,0.5163043478260869,0.8673913043478261,0.11304347826086956,0.09184782608695652,0.19510869565217392,0.14402173913043478,0.18804347826086956,0.09565217391304348,0.5350652173913042
174,1p4,174_1p4,Tc,mc,AKGC417L,174_1p4_Tc_mc_AKGC417L,/nas/home/pcallandrone/DeepLearning/dataset/ICBHI_2017/ICBHI_final_database/174_1p4_Tc_mc_AKGC417L.wav,/nas/home/pcallandrone/DeepLearning/dataset/ICBHI_2017/ICBHI_final_database/174_1p4_Tc_mc_AKGC417L.txt,44100,20.0,0.08349203161353903,0.5479474067687988,0.0,-0.0001424807560397312,0.08865844463320992,0.5231612920761108,0.0,15.41830990334249,0.09203333333333333,27,0.02385454444108984,0.04856704126789635,0.08773999698876715,0.30512415660758807,0,0.0,0.5231612920761108,False,0.0,crackles,4,12.988000000000001,0.31105635971666157,0.034821956889513984,0.008098277776129906,0.9652686670308903,4.1959340144414285e-07,18.18455396241054,,False,,0.3065217391304348,0.2141304347826087,0.16630434782608697,0.175,0.10760869565217392,0.17173913043478262,0.7380434782608696,0.051086956521739134,0.7516304347826087,0.09184782608695652,0.19510869565217392,0.4608695652173913,0.18478260869565216,0.7445652173913043,0.2892228260869565
174,2p3,174_2p3,Al,mc,AKGC417L,174_2p3_Al_mc_AKGC417L,/nas/home/pcallandrone/DeepLearning/dataset/ICBHI_2017/ICBHI_final_database/174_2p3_Al_mc_AKGC417L.wav,/nas/home/pcallandrone/DeepLearning/dataset/ICBHI_2017/ICBHI_final_database/174_2p3_Al_mc_AKGC417L.txt,44100,20.0,0.30887172332401525,1.000148057937622,0.013218820861678004,0.00014809222193434834,0.29999382322539253,1.0043063163757324,0.0125,10.495077622613259,0.023433333333333334,27,0.24301974578168084,0.26940921948344726,0.30091196133254144,0.09520528920852947,0,0.026125,1.0043063163757324,False,0.0,crackles,3,12.304,0.668888166449935,0.08845109668304495,0.016050676598998607,0.9116193924095135,8.579750983347946e-07,27.224830140990697,,False,,0.8271739130434783,0.8576086956521739,0.37282608695652175,0.3108695652173913,0.6510869565217391,0.37717391304347825,0.6358695652173914,0.6728260869565217,0.14891304347826087,0.05652173913043478,0.043478260869565216,0.5728260869565217,0.4260869565217391,0.1793478260869565,0.5878369565217391
174,2p3,174_2p3,Ar,mc,AKGC417L,174_2p3_Ar_mc_AKGC417L,/nas/home/pcallandrone/DeepLearning/dataset/ICBHI_2017/ICBHI_final_database/174_2p3_Ar_mc_AKGC417L.wav,/nas/home/pcallandrone/DeepLearning/dataset/ICBHI_2017/ICBHI_final_database/174_2p3_Ar_mc_AKGC417L.txt,44100,20.0,0.04945429304896369,0.2426312118768692,0.0,5.025837708672043e-06,0.048696270936634485,0.2417139858007431,0.0,13.916121477035002,0.0278,27,0.04382250369284095,0.04635036395109824,0.048431088529575624,0.056351063914315984,0,0.0,0.2417139858007431,False,0.0,crackles,3,12.304,0.0,0.07923876998781956,0.015398734075936234,0.9220917630302076,1.8255045120988635e-05,27.411088118032293,,False,,0.14673913043478262,0.1967391304347826,0.34347826086956523,0.30217391304347824,0.9315217391304348,0.34130434782608693,0.14130434782608695,0.5125,0.7516304347826087,0.05652173913043478,0.043478260869565216,0.14402173913043478,0.4315217391304348,0.5423913043478261,0.3487391304347826
174,2p3,174_2p3,Pl,mc,AKGC417L,174_2p3_Pl_mc_AKGC417L,/nas/home/pcallandrone/DeepLearning/dataset/ICBHI_2017/ICBHI_final_database/174_2p3_Pl_mc_AKGC417L.wav,/nas/home/pcallandrone/DeepLearning/dataset/ICBHI_2017/ICBHI_final_database/174_2p3_Pl_mc_AKGC417L.txt,44100,20.0,0.3896461502377304,1.0009886026382446,0.01819501133786848,0.000988591811619699,0.38713469457436644,1.0088791847229004,0.013883333333333333,8.319541351424816,0.01745,27,0.31225393115951117,0.35092495228167214,0.3926394234567932,0.08130631984449502,0,0.043,1.0088791847229004,False,0.0,crackles,3,12.304,0.0,0.0412223661553542,0.015330185003809064,0.9590010120550178,2.3760227740196194e-06,17.991581532571487,,False,,0.9173913043478261,0.9358695652173913,0.18369565217391304,0.3,0.7673913043478261,0.19021739130434784,0.45,0.8934782608695652,0.14021739130434782,0.05652173913043478,0.043478260869565216,0.14402173913043478,0.1793478260869565,0.08152173913043478,0.5353478260869566
174,2p3,174_2p3,Pr,mc,AKGC417L,174_2p3_Pr_mc_AKGC417L,/nas/home/pcallandrone/DeepLearning/dataset/ICBHI_2017/ICBHI_final_database/174_2p3_Pr_mc_AKGC417L.wav,/nas/home/pcallandrone/DeepLearning/dataset/ICBHI_2017/ICBHI_final_database/174_2p3_Pr_mc_AKGC417L.txt,44100,20.0,0.1946443672596896,0.6609843969345093,0.0,-0.0002559400745667517,0.19800679627303477,0.6585360765457153,0.0,10.437989493319328,0.019766666666666665,27,0.17064474717928968,0.1744244015872404,0.1996413558952133,0.08773665138476795,0,0.0,0.6585360765457153,False,0.0,crackles,3,12.304,0.0,0.01274055034153399,0.002881921750088749,0.9873601822755359,1.099877689206363e-06,12.356135697402419,,False,,0.6206521739130435,0.658695652173913,0.05652173913043478,0.08695652173913043,0.7076086956521739,0.06521739130434782,0.5978260869565217,0.8125,0.7516304347826087,0.05652173913043478,0.043478260869565216,0.14402173913043478,0.07608695652173914,0.1782608695652174,0.418108695652174
174,2p3,174_2p3,Tc,mc,AKGC417L,174_2p3_Tc_mc_AKGC417L,/nas/home/pcallandrone/DeepLearning/dataset/ICBHI_2017/ICBHI_final_database/174_2p3_Tc_mc_AKGC417L.wav,/nas/home/pcallandrone/DeepLearning/dataset/ICBHI_2017/ICBHI_final_database/174_2p3_Tc_mc_AKGC417L.txt,44100,20.0,0.3026006287396096,1.000260829925537,0.005275510204081632,0.0002608118811622262,0.2763490601682446,1.0063374042510986,0.0023,11.225712461180278,0.021083333333333332,27,0.24934727960123929,0.2559235534769684,0.27138024993620513,0.06629202411251685,0,0.009,1.0063374042510986,False,0.0,crackles,3,12.304,0.30933029908972687,0.05066014997310715,0.014924860991629171,0.9493969081728189,2.908353925719761e-07,24.48737800571784,,False,,0.7923913043478261,0.841304347826087,0.22065217391304348,0.29456521739130437,0.8652173913043478,0.22717391304347825,0.7804347826086957,0.7548913043478261,0.28804347826086957,0.05652173913043478,0.043478260869565216,0.4597826086956522,0.35543478260869565,0.22717391304347825,0.573711956521739
175,1b1,175_1b1,Al,sc,Litt3200,175_1b1_Al_sc_Litt3200,/nas/home/pcallandrone/DeepLearning/dataset/ICBHI_2017/ICBHI_final_database/175_1b1_Al_sc_Litt3200.wav,/nas/home/pcallandrone/DeepLearning/dataset/ICBHI_2017/ICBHI_final_database/175_1b1_Al_sc_Litt3200.txt,4000,18.864,0.0687465261554532,0.9998334050178528,2.650551314673452e-05,0.00013610404857899994,0.0753322871623959,0.9998334050178528,3.3333333333333335e-05,22.458929777478794,0.11173333333333334,27,0.03859303726895793,0.047676549947555484,0.06479865926818104,0.3196456795689697,0,0.00025,0.9998334050178528,False,0.0,both,4,13.8134,0.0,0.324261794641735,0.15916346016415153,0.6758358197157058,1.8049000985351943e-09,64.2820426074462,,False,,0.24891304347826088,0.20652173913043478,0.8173913043478261,0.8945652173913043,0.0967391304347826,0.8282608695652174,0.967391304347826,0.035869565217391305,0.4722826086956522,0.2510869565217391,0.19510869565217392,0.14402173913043478,0.8913043478260869,0.4956521739130435,0.49556521739130444
175,1b1,175_1b1,Ar,sc,Litt3200,175_1b1_Ar_sc_Litt3200,/nas/home/pcallandrone/DeepLearning/dataset/ICBHI_2017/ICBHI_final_database/175_1b1_Ar_sc_Litt3200.wav,/nas/home/pcallandrone/DeepLearning/dataset/ICBHI_2017/ICBHI_final_database/175_1b1_Ar_sc_Litt3200.txt,4000,16.368,0.07640704560382182,0.9998942613601685,3.0547409579667644e-05,7.51967090764083e-05,0.0790967849077327,0.9998942613601685,3.3333333333333335e-05,22.035904889498635,0.10523333333333333,27,0.03583952185354509,0.04088848331594472,0.07659691345524589,0.34578145679818106,0,0.00025,0.9998942613601685,False,0.0,wheezes,3,13.516300000000001,0.20743102772208377,0.1646649407704828,0.033289544481084114,0.8353966735256385,1.3934974754381524e-09,26.672537818979063,,False,,0.26304347826086955,0.16956521739130434,0.5978260869565217,0.5413043478260869,0.07608695652173914,0.6043478260869565,0.9728260869565217,0.04021739130434782,0.4722826086956522,0.17282608695652174,0.043478260869565216,0.39565217391304347,0.41195652173913044,0.55,0.40740760869565223
175,1b1,175_1b1,Ll,sc,Litt3200,175_1b1_Ll_sc_Litt3200,/nas/home/pcallandrone/DeepLearning/dataset/ICBHI_2017/ICBHI_final_database/175_1b1_Ll_sc_Litt3200.wav,/nas/home/pcallandrone/DeepLearning/dataset/ICBHI_2017/ICBHI_final_database/175_1b1_Ll_sc_Litt3200.txt,4000,18.224,0.06228845640474287,1.0002338886260986,1.3718173836698859e-05,0.00023391898139379919,0.0676204057747441,1.0002338886260986,1.6666666666666667e-05,23.40047582960148,0.12556666666666666,27,0.02376890242366349,0.028184288818294267,0.05746082243038507,0.3784454418323295,0,0.000125,1.0002338886260986,False,0.0,both,4,14.082920000000001,0.21873304683971795,0.17648782053401288,0.12430649576097948,0.8236609377406163,2.0656590868365573e-09,40.4001134886604,,False,,0.2217391304347826,0.11413043478260869,0.6173913043478261,0.8467391304347827,0.05652173913043478,0.6282608695652174,0.9619565217391305,0.02717391304347826,0.4907608695652174,0.33043478260869563,0.19510869565217392,0.4043478260869565,0.7054347826086956,0.3815217391304348,0.44046739130434787
175,1b1,175_1b1,Lr,sc,Litt3200,175_1b1_Lr_sc_Litt3200,/nas/home/pcallandrone/DeepLearning/dataset/ICBHI_2017/ICBHI_final_database/175_1b1_Lr_sc_Litt3200.wav,/nas/home/pcallandrone/DeepLearning/dataset/ICBHI_2017/ICBHI_final_database/175_1b1_Lr_sc_Litt3200.txt,4000,17.264,0.061538459469238374,0.9997016787528992,1.448100092678406e-05,0.0002677929005585611,0.06554459969213226,0.9997016787528992,1.6666666666666667e-05,23.666670106886162,0.10746666666666667,27,0.021536974159767984,0.023026487577380943,0.06540227969197557,0.3962850934231021,0,0.000125,0.9997016787528992,False,0.0,both,4,15.0,0.16113333333333335,0.10708503564243964,0.033934929783747896,0.8931584223971524,1.3094354475803902e-09,27.782235493458355,,False,,0.2108695652173913,0.09565217391304348,0.4434782608695652,0.5434782608695652,0.04891304347826087,0.44565217391304346,0.975,0.0391304347826087,0.4907608695652174,0.9891304347826086,0.19510869565217392,0.3673913043478261,0.4434782608695652,0.3402173913043478,0.40589130434782605
175,1b1,175_1b1,Pl,sc,Litt3200,175_1b1_Pl_sc_Litt3200,/nas/home/pcallandrone/DeepLearning/dataset/ICBHI_2017/ICBHI_final_database/175_1b1_Pl_sc_Litt3200.wav,/nas/home/pcallandrone/DeepLearning/dataset/ICBHI_2017/ICBHI_final_database/175_1b1_Pl_sc_Litt3200.txt,4000,21.68,0.061466699328472485,0.9998696446418762,1.1531365313653136e-05,9.985498036257923e-05,0.070918970502094,0.9998696446418762,1.6666666666666667e-05,22.98361921124524,0.15038333333333334,27,0.03678190496773938,0.044720597592736444,0.06638310942730714,0.2757542103546605,0,0.000125,0.9998696446418762,False,0.0,wheezes,4,12.846,0.0,0.29778579421090756,0.06429293358539968,0.7032868095827546,1.5358506674296493e-09,49.31360891444078,,False,,0.23043478260869565,0.1826086956521739,0.7934782608695652,0.7141304347826087,0.1282608695652174,0.8032608695652174,0.9717391304347827,0.01847826086956522,0.4907608695652174,0.07173913043478261,0.19510869565217392,0.14402173913043478,0.8,0.4358695652173913,0.4555217391304349
175,1b1,175_1b1,Pr,sc,Litt3200,175_1b1_Pr_sc_Litt3200,/nas/home/pcallandrone/DeepLearning/dataset/ICBHI_2017/ICBHI_final_database/175_1b1_Pr_sc_Litt3200.wav,/nas/home/pcallandrone/DeepLearning/dataset/ICBHI_2017/ICBHI_final_database/175_1b1_Pr_sc_Litt3200.txt,4000,16.752,0.08051258539996142,1.0011043548583984,1.4923591212989493e-05,-0.00113484647590667,0.08420120909980149,1.0011043548583984,1.6666666666666667e-05,21.503220444133753,0.09906666666666666,27,0.035680068245985165,0.041415794097196486,0.07935571948398024,0.2980158849838101,0,0.000125,1.0011043548583984,False,0.0,wheezes,4,15.0,0.14806666666666668,0.5338239594466939,0.11638535258614889,0.4665036806570873,2.0802190282001386e-09,60.6497912201739,,True,,0.28804347826086957,0.17173913043478262,0.9369565217391305,0.8282608695652174,0.1108695652173913,0.9434782608695652,0.9597826086956521,0.04456521739130435,0.4907608695652174,0.9891304347826086,0.19510869565217392,0.35,0.8706521739130435,0.6380434782608696,0.5891304347826087
176,1b3,176_1b3,Al,mc,AKGC417L,176_1b3_Al_mc_AKGC417L,/nas/home/pcallandrone/DeepLearning/dataset/ICBHI_2017/ICBHI_final_database/176_1b3_Al_mc_AKGC417L.wav,/nas/home/pcallandrone/DeepLearning/dataset/ICBHI_2017/ICBHI_final_database/176_1b3_Al_mc_AKGC417L.txt,44100,20.0,0.10365428212936256,0.8618522882461548,0.0,4.946959961671382e-05,0.10493481340929758,0.8591533899307251,0.0,18.263022259776395,0.0488,27,0.08701660867378093,0.09361859713040407,0.10791167697748287,0.09403588620360641,0,0.0,0.8591533899307251,False,0.0,crackles,5,14.952,0.1392455858747994,0.07317263915221559,0.01925999222650171,0.9274814581073949,2.3530231177903568e-06,28.27043862003828,,False,,0.3706521739130435,0.4108695652173913,0.3108695652173913,0.3684782608695652,0.6597826086956522,0.31521739130434784,0.4532608695652174,0.16630434782608697,0.7516304347826087,0.7967391304347826,0.4320652173913043,0.3467391304347826,0.46304347826086956,0.9815217391304348,0.4817173913043479
176,1b3,176_1b3,Ar,mc,AKGC417L,176_1b3_Ar_mc_AKGC417L,/nas/home/pcallandrone/DeepLearning/dataset/ICBHI_2017/ICBHI_final_database/176_1b3_Ar_mc_AKGC417L.wav,/nas/home/pcallandrone/DeepLearning/dataset/ICBHI_2017/ICBHI_final_database/176_1b3_Ar_mc_AKGC417L.txt,44100,20.0,0.13656004721362866,0.6852521300315857,0.0,-3.557397940312512e-05,0.13597164255488922,0.6838916540145874,0.0,14.030779190945129,0.027583333333333335,27,0.11983717264499864,0.12784497035224376,0.13623658111586315,0.049577296181259875,0,0.0,0.6838916540145874,False,0.0,crackles,5,14.952,0.0,0.09594558842333682,0.011036066258966111,0.9041925220710418,9.412696455098705e-07,26.6510121332973,,False,,0.47282608695652173,0.5293478260869565,0.4032608695652174,0.23478260869565218,0.9608695652173913,0.4076086956521739,0.6195652173913043,0.5222826086956521,0.7516304347826087,0.7967391304347826,0.4320652173913043,0.14402173913043478,0.4108695652173913,0.5630434782608695,0.5601141304347828
176,1b3,176_1b3,Ll,mc,AKGC417L,176_1b3_Ll_mc_AKGC417L,/nas/home/pcallandrone/DeepLearning/dataset/ICBHI_2017/ICBHI_final_database/176_1b3_Ll_mc_AKGC417L.wav,/nas/home/pcallandrone/DeepLearning/dataset/ICBHI_2017/ICBHI_final_database/176_1b3_Ll_mc_AKGC417L.txt,44100,20.0,0.026922956081758837,0.14384621381759644,0.0,-1.1277923022134928e-06,0.028073716399921587,0.14059850573539734,0.0,13.993615903310353,0.026833333333333334,27,0.020063471124173785,0.02104788745669979,0.028270224171885287,0.17241184416292626,0,0.0,0.14059850573539734,False,0.0,crackles,5,14.952,0.1392455858747994,0.12615744289867675,0.06761470547538188,0.8777400345486128,1.9419672892299018e-05,24.22543869509451,,False,,0.08695652173913043,0.08369565217391305,0.4967391304347826,0.725,0.28695652173913044,0.48586956521739133,0.13804347826086957,0.5510869565217391,0.7516304347826087,0.7967391304347826,0.4320652173913043,0.3467391304347826,0.3467391304347826,0.5543478260869565,0.4039891304347827
176,1b3,176_1b3,Lr,mc,AKGC417L,176_1b3_Lr_mc_AKGC417L,/nas/home/pcallandrone/DeepLearning/dataset/ICBHI_2017/ICBHI_final_database/176_1b3_Lr_mc_AKGC417L.wav,/nas/home/pcallandrone/DeepLearning/dataset/ICBHI_2017/ICBHI_final_database/176_1b3_Lr_mc_AKGC417L.txt,44100,20.0,0.14793159020766228,0.6077592968940735,0.0,-0.00018170969269704074,0.14735730875081626,0.5399159789085388,0.0,11.279089983360315,0.021433333333333332,27,0.1197616061882443,0.12878033430258248,0.14727497768494277,0.0929640683636554,0,0.0,0.5399159789085388,False,0.0,crackles,5,14.952,0.1392455858747994,0.0071967467804004755,0.002576883030317963,0.9929423140147823,3.415449853456442e-07,12.609673146694025,,False,,0.5054347826086957,0.5358695652173913,0.02282608695652174,0.07391304347826087,0.6652173913043479,0.025,0.7597826086956522,0.7478260869565218,0.7516304347826087,0.7967391304347826,0.4320652173913043,0.3467391304347826,0.08043478260869565,0.23152173913043478,0.4564021739130435
176,1b3,176_1b3,Pl,mc,AKGC417L,176_1b3_Pl_mc_AKGC417L,/nas/home/pcallandrone/DeepLearning/dataset/ICBHI_2017/ICBHI_final_database/176_1b3_Pl_mc_AKGC417L.wav,/nas/home/pcallandrone/DeepLearning/dataset/ICBHI_2017/ICBHI_final_database/176_1b3_Pl_mc_AKGC417L.txt,44100,20.0,0.09507376253305201,0.5860983729362488,0.0,-7.064888450258877e-06,0.09717710382852171,0.5844380855560303,0.0,15.583491147755268,0.0338,27,0.07774779905525787,0.08477648363716132,0.09674086950633075,0.09264508141858724,0,0.0,0.5844380855560303,False,0.0,crackles,5,14.952,0.1392455858747994,0.10317673257351644,0.04259772129250762,0.8970441962999655,2.707501419224175e-06,27.03230571815085,,False,,0.3467391304347826,0.38369565217391305,0.4260869565217391,0.6141304347826086,0.6717391304347826,0.4282608695652174,0.42934782608695654,0.35543478260869565,0.7516304347826087,0.7967391304347826,0.4320652173913043,0.3467391304347826,0.41847826086956524,0.7706521739130435,0.523108695652174
176,1b3,176_1b3,Pr,mc,AKGC417L,176_1b3_Pr_mc_AKGC417L,/nas/home/pcallandrone/DeepLearning/dataset/ICBHI_2017/ICBHI_final_database/176_1b3_Pr_mc_AKGC417L.wav,/nas/home/pcallandrone/DeepLearning/dataset/ICBHI_2017/ICBHI_final_database/176_1b3_Pr_mc_AKGC417L.txt,44100,20.0,0.04219495163757305,0.20314030349254608,0.0,-3.475798075669445e-05,0.042520111345373236,0.2023962289094925,0.0,13.552160444675486,0.028616666666666665,27,0.037335403253002386,0.03825670385569192,0.041469288913878605,0.08068609823396677,0,0.0,0.2023962289094925,False,0.0,crackles,5,14.952,0.1392455858747994,0.04727594518329985,0.019638967611573115,0.9527917001781927,3.304238616904544e-06,21.30217028213911,,False,,0.13369565217391305,0.15434782608695652,0.2076086956521739,0.3815217391304348,0.7717391304347826,0.21195652173913043,0.3869565217391304,0.4771739130434783,0.7516304347826087,0.7967391304347826,0.4320652173913043,0.3467391304347826,0.2619565217391304,0.49782608695652175,0.3886195652173914
176,1b3,176_1b3,Tc,mc,AKGC417L,176_1b3_Tc_mc_AKGC417L,/nas/home/pcallandrone/DeepLearning/dataset/ICBHI_2017/ICBHI_final_database/176_1b3_Tc_mc_AKGC417L.wav,/nas/home/pcallandrone/DeepLearning/dataset/ICBHI_2017/ICBHI_final_database/176_1b3_Tc_mc_AKGC417L.txt,44100,20.0,0.2420496422724989,1.0000523328781128,0.01326077097505669,-5.244632484391332e-05,0.2532854609338176,1.070858120918274,0.011466666666666667,12.522433463513421,0.0278,27,0.187479860407266,0.19377697864956814,0.25482721630996674,0.16594678943941854,0,0.02775,1.070858120918274,False,0.0,crackles,5,14.952,0.0,0.32725809228564123,0.07952653559788744,0.6760148543861254,7.2995096607397436e-06,44.766157806661575,,False,,0.7510869565217392,0.7097826086956521,0.8206521739130435,0.7597826086956522,0.30869565217391304,0.8271739130434783,0.24891304347826088,0.5125,0.1532608695652174,0.7967391304347826,0.4320652173913043,0.14402173913043478,0.7695652173913043,0.3673913043478261,0.6652065217391303
176,1b4,176_1b4,Al,mc,AKGC417L,176_1b4_Al_mc_AKGC417L,/nas/home/pcallandrone/DeepLearning/dataset/ICBHI_2017/ICBHI_final_database/176_1b4_Al_mc_AKGC417L.wav,/nas/home/pcallandrone/DeepLearning/dataset/ICBHI_2017/ICBHI_final_database/176_1b4_Al_mc_AKGC417L.txt,44100,20.0,0.1061380666272682,0.8863356709480286,0.0,8.482644625473768e-05,0.10213127378354903,0.8846094012260437,0.0,18.751856032897756,0.05293333333333333,27,0.08392122343670344,0.08931988350428462,0.10493325382634372,0.09297104043937976,0,0.0,0.8846094012260437,False,0.0,crackles,5,14.975,0.18404006677796325,0.07628100864916608,0.016598125016293503,0.9251692101108707,2.809725741141255e-06,28.68980318366015,,False,,0.36195652173913045,0.39565217391304347,0.32282608695652176,0.3282608695652174,0.6641304347826087,0.32608695652173914,0.4206521739130435,0.14130434782608695,0.7516304347826087,0.9043478260869565,0.4320652173913043,0.3858695652173913,0.47282608695652173,0.9391304347826087,0.4843478260869566
176,1b4,176_1b4,Ar,mc,AKGC417L,176_1b4_Ar_mc_AKGC417L,/nas/home/pcallandrone/DeepLearning/dataset/ICBHI_2017/ICBHI_final_database/176_1b4_Ar_mc_AKGC417L.wav,/nas/home/pcallandrone/DeepLearning/dataset/ICBHI_2017/ICBHI_final_database/176_1b4_Ar_mc_AKGC417L.txt,44100,20.0,0.13712264738844024,0.8158056735992432,0.0,3.9314381865551695e-05,0.13676164442154398,0.8145130276679993,0.0,15.498674411239548,0.035133333333333336,27,0.12289107167735096,0.125386992439369,0.13981659675968014,0.05741073648872387,0,0.0,0.8145130276679993,False,0.0,crackles,5,14.975,0.0,0.05411070099534565,0.008601249389549212,0.9458888976824203,1.0984636174026284e-06,25.954290287723534,,False,,0.475,0.5206521739130435,0.2358695652173913,0.19021739130434784,0.9260869565217391,0.24021739130434783,0.5989130434782609,0.33369565217391306,0.7516304347826087,0.9043478260869565,0.4320652173913043,0.14402173913043478,0.3923913043478261,0.7576086956521739,0.5133913043478262
176,1b4,176_1b4,Ll,mc,AKGC417L,176_1b4_Ll_mc_AKGC417L,/nas/home/pcallandrone/DeepLearning/dataset/ICBHI_2017/ICBHI_final_database/176_1b4_Ll_mc_AKGC417L.wav,/nas/home/pcallandrone/DeepLearning/dataset/ICBHI_2017/ICBHI_final_database/176_1b4_Ll_mc_AKGC417L.txt,44100,20.0,0.07531109612584487,0.6364014148712158,0.0,0.00014818452473264188,0.0734385727443991,0.6355058550834656,0.0,18.743906553773087,0.041416666666666664,27,0.05950196924406636,0.06189627177507762,0.07233129032513733,0.12480953327640537,0,0.0,0.6355058550834656,False,0.0,crackles,5,14.975,0.0,0.1588511280420903,0.08428184158799076,0.8431546423629994,2.5567708601637698e-05,29.86082002067664,,False,,0.24456521739130435,0.2902173913043478,0.5847826086956521,0.7695652173913043,0.46195652173913043,0.5880434782608696,0.12065217391304348,0.23695652173913043,0.7516304347826087,0.9043478260869565,0.4320652173913043,0.14402173913043478,0.4989130434782609,0.9445652173913044,0.4906521739130435
176,1b4,176_1b4,Lr,mc,AKGC417L,176_1b4_Lr_mc_AKGC417L,/nas/home/pcallandrone/DeepLearning/dataset/ICBHI_2017/ICBHI_final_database/176_1b4_Lr_mc_AKGC417L.wav,/nas/home/pcallandrone/DeepLearning/dataset/ICBHI_2017/ICBHI_final_database/176_1b4_Lr_mc_AKGC417L.txt,44100,20.0,0.1471153156770754,0.5317856669425964,0.0,-3.0335371775436215e-05,0.14738777947679763,0.5315158367156982,0.0,11.141094656816112,0.022766666666666668,27,0.11452414911356208,0.12984501318698188,0.1487136345655453,0.08423008210395451,0,0.0,0.5315158367156982,False,0.0,crackles,5,14.975,0.0,0.005174686837011441,0.0022964248859278762,0.9948540972256779,3.047687771652893e-07,11.387269622063448,,False,,0.5076086956521739,0.5380434782608695,0.016304347826086956,0.06521739130434782,0.7456521739130435,0.016304347826086956,0.7760869565217391,0.7021739130434783,0.7516304347826087,0.9043478260869565,0.4320652173913043,0.14402173913043478,0.058695652173913045,0.2184782608695652,0.4519673913043478
176,1b4,176_1b4,Pl,mc,AKGC417L,176_1b4_Pl_mc_AKGC417L,/nas/home/pcallandrone/DeepLearning/dataset/ICBHI_2017/ICBHI_final_database/176_1b4_Pl_mc_AKGC417L.wav,/nas/home/pcallandrone/DeepLearning/dataset/ICBHI_2017/ICBHI_final_database/176_1b4_Pl_mc_AKGC417L.txt,44100,20.0,0.08383714981463627,0.39861613512039185,0.0,3.2805271530378377e-06,0.08246541348048751,0.3978414237499237,0.0,13.668763180791672,0.027466666666666667,27,0.06987848347821006,0.0730721313842593,0.08167847517823576,0.08609978891184562,0,0.0,0.3978414237499237,False,0.0,crackles,5,14.975,0.0,0.10203408134914001,0.05549766920271258,0.898034311883006,3.526570818979172e-06,27.18690554014234,,False,,0.2782608695652174,0.3347826086956522,0.4206521739130435,0.6847826086956522,0.7260869565217392,0.42391304347826086,0.3684782608695652,0.5260869565217391,0.7516304347826087,0.9043478260869565,0.4320652173913043,0.14402173913043478,0.425,0.5076086956521739,0.5056739130434784
176,1b4,176_1b4,Pr,mc,AKGC417L,176_1b4_Pr_mc_AKGC417L,/nas/home/pcallandrone/DeepLearning/dataset/ICBHI_2017/ICBHI_final_database/176_1b4_Pr_mc_AKGC417L.wav,/nas/home/pcallandrone/DeepLearning/dataset/ICBHI_2017/ICBHI_final_database/176_1b4_Pr_mc_AKGC417L.txt,44100,20.0,0.11346871274457548,0.6442501544952393,0.0,1.156742473540362e-05,0.1119503513360261,0.5692445039749146,0.0,14.125467699147329,0.031183333333333334,27,0.09119814589692353,0.09658325870301175,0.11278043346554388,0.09248508514152406,0,0.0,0.5692445039749146,False,0.0,crackles,5,14.975,0.0,0.0631271032880241,0.024601828646144578,0.937015621826995,4.2372374653814415e-06,22.81939103675715,,False,,0.3934782608695652,0.4206521739130435,0.2619565217391304,0.4597826086956522,0.6728260869565217,0.266304347826087,0.34130434782608693,0.40217391304347827,0.7516304347826087,0.9043478260869565,0.4320652173913043,0.14402173913043478,0.2967391304347826,0.5836956521739131,0.4662608695652175
176,1b4,176_1b4,Tc,mc,AKGC417L,176_1b4_Tc_mc_AKGC417L,/nas/home/pcallandrone/DeepLearning/dataset/ICBHI_2017/ICBHI_final_database/176_1b4_Tc_mc_AKGC417L.wav,/nas/home/pcallandrone/DeepLearning/dataset/ICBHI_2017/ICBHI_final_database/176_1b4_Tc_mc_AKGC417L.txt,44100,20.0,0.20543549854086318,1.0001537799835205,0.0037380952380952383,0.00015373618225567043,0.2043029486310586,1.0185134410858154,0.0034666666666666665,13.953842595022703,0.030466666666666666,27,0.16552657046733069,0.17189546193398386,0.1863799651763968,0.15335907452705158,0,0.017625,1.0185134410858154,False,0.0,crackles,5,14.975,0.2303171953255425,0.24223925567978355,0.03713136375807586,0.7591487741477955,8.717156106831168e-06,37.648565157373326,,False,,0.6391304347826087,0.6510869565217391,0.7315217391304348,0.5706521739130435,0.3576086956521739,0.7402173913043478,0.22282608695652173,0.4206521739130435,0.2554347826086957,0.9043478260869565,0.4320652173913043,0.4141304347826087,0.6619565217391304,0.5489130434782609,0.6352228260869566
176,2b3,176_2b3,Al,mc,AKGC417L,176_2b3_Al_mc_AKGC417L,/nas/home/pcallandrone/DeepLearning/dataset/ICBHI_2017/ICBHI_final_database/176_2b3_Al_mc_AKGC417L.wav,/nas/home/pcallandrone/DeepLearning/dataset/ICBHI_2017/ICBHI_final_database/176_2b3_Al_mc_AKGC417L.txt,44100,20.0,0.06588603495457683,0.39340272545814514,0.0,9.72943744272925e-05,0.06587840474311595,0.3920617997646332,0.0,15.492229088978897,0.033666666666666664,27,0.057839004171161466,0.060153286089233496,0.06446215372301034,0.0697129470054491,0,0.0,0.3920617997646332,False,0.0,crackles,6,14.907,0.1135037230831153,0.0403455994408429,0.008822426196683742,0.9596897712972712,2.6329035754847343e-06,22.119571384959343,,False,,0.21195652173913043,0.28043478260869564,0.1793478260869565,0.19782608695652174,0.8369565217391305,0.18804347826086956,0.43478260869565216,0.358695652173913,0.7516304347826087,0.6554347826086957,0.6375,0.3233695652173913,0.2826086956521739,0.7565217391304347,0.4043913043478261
176,2b3,176_2b3,Ar,mc,AKGC417L,176_2b3_Ar_mc_AKGC417L,/nas/home/pcallandrone/DeepLearning/dataset/ICBHI_2017/ICBHI_final_database/176_2b3_Ar_mc_AKGC417L.wav,/nas/home/pcallandrone/DeepLearning/dataset/ICBHI_2017/ICBHI_final_database/176_2b3_Ar_mc_AKGC417L.txt,44100,20.0,0.15966808082509376,0.8880674242973328,0.0,4.6078926970949396e-05,0.1609585802501635,0.7942753434181213,0.0,13.865138961708363,0.0296,27,0.1385395767127555,0.1484145855740335,0.15883193234906381,0.060709961391716104,0,0.0,0.7942753434181213,False,0.0,crackles,6,14.907,0.1135037230831153,0.0732793729351963,0.01590468912774346,0.927248835133876,8.270708414747095e-07,27.81873496416439,,False,,0.5282608695652173,0.5836956521739131,0.3119565217391304,0.3076086956521739,0.8989130434782608,0.3173913043478261,0.6413043478260869,0.44130434782608696,0.7516304347826087,0.6554347826086957,0.6375,0.3233695652173913,0.44456521739130433,0.5380434782608695,0.5644565217391304
176,2b3,176_2b3,Ll,mc,AKGC417L,176_2b3_Ll_mc_AKGC417L,/nas/home/pcallandrone/DeepLearning/dataset/ICBHI_2017/ICBHI_final_database/176_2b3_Ll_mc_AKGC417L.wav,/nas/home/pcallandrone/DeepLearning/dataset/ICBHI_2017/ICBHI_final_database/176_2b3_Ll_mc_AKGC417L.txt,44100,20.0,0.08714600434570474,0.40894171595573425,0.0,0.0002390492445556447,0.08512025800104131,0.3535846173763275,0.0,12.36920862090434,0.02455,27,0.0719908662865993,0.07616116688395384,0.08472361153408643,0.0850098202051084,0,0.0,0.3535846173763275,False,0.0,crackles,6,14.907,0.0,0.07328109841879846,0.029143570868428736,0.9315620113158355,1.5765756845117274e-05,19.222531571826114,,False,,0.29239130434782606,0.34782608695652173,0.3130434782608696,0.5032608695652174,0.7423913043478261,0.2902173913043478,0.15434782608695652,0.628804347826087,0.7516304347826087,0.6554347826086957,0.6375,0.14402173913043478,0.20217391304347826,0.3467391304347826,0.43860326086956536
176,2b3,176_2b3,Lr,mc,AKGC417L,176_2b3_Lr_mc_AKGC417L,/nas/home/pcallandrone/DeepLearning/dataset/ICBHI_2017/ICBHI_final_database/176_2b3_Lr_mc_AKGC417L.wav,/nas/home/pcallandrone/DeepLearning/dataset/ICBHI_2017/ICBHI_final_database/176_2b3_Lr_mc_AKGC417L.txt,44100,20.0,0.134228709649074,0.8488459587097168,0.0,0.00029705523047596216,0.1412966868842283,0.8446031808853149,0.0,15.530414674712617,0.036816666666666664,27,0.10556682781529403,0.11558127187201772,0.13738279898951533,0.13979531689163247,0,0.0,0.8446031808853149,False,0.0,crackles,6,14.907,0.1135037230831153,0.06160719577266489,0.02280538855674693,0.9391400317737308,4.570259634999462e-06,24.25990946787813,,False,,0.4923913043478261,0.4934782608695652,0.2554347826086957,0.4282608695652174,0.39891304347826084,0.2576086956521739,0.3293478260869565,0.3076086956521739,0.7516304347826087,0.6554347826086957,0.6375,0.3233695652173913,0.34891304347826085,0.7608695652173914,0.46348913043478274
176,2b3,176_2b3,Pl,mc,AKGC417L,176_2b3_Pl_mc_AKGC417L,/nas/home/pcallandrone/DeepLearning/dataset/ICBHI_2017/ICBHI_final_database/176_2b3_Pl_mc_AKGC417L.wav,/nas/home/pcallandrone/DeepLearning/dataset/ICBHI_2017/ICBHI_final_database/176_2b3_Pl_mc_AKGC417L.txt,44100,20.0,0.28598333852073893,1.0004414319992065,0.008718820861678005,0.00044145475840196013,0.27724801338792504,1.0104856491088867,0.004216666666666666,11.23323413981594,0.024666666666666667,27,0.2112204313185341,0.2372457520988076,0.2816990348584094,0.11078322436120869,0,0.009,1.0104856491088867,False,0.0,crackles,6,14.907,0.0,0.1276017272042669,0.07372666354851475,0.8727324268603832,3.6190739882724777e-06,32.175705530127395,,False,,0.7945652173913044,0.8097826086956522,0.5010869565217392,0.7445652173913043,0.5423913043478261,0.5043478260869565,0.3673913043478261,0.6233695652173913,0.23695652173913043,0.6554347826086957,0.6375,0.14402173913043478,0.5543478260869565,0.22826086956521738,0.6399999999999999
176,2b3,176_2b3,Pr,mc,AKGC417L,176_2b3_Pr_mc_AKGC417L,/nas/home/pcallandrone/DeepLearning/dataset/ICBHI_2017/ICBHI_final_database/176_2b3_Pr_mc_AKGC417L.wav,/nas/home/pcallandrone/DeepLearning/dataset/ICBHI_2017/ICBHI_final_database/176_2b3_Pr_mc_AKGC417L.txt,44100,20.0,0.05647112221101612,0.32265591621398926,0.0,7.366591307800263e-05,0.056438104243994404,0.3205616772174835,0.0,15.086783671346918,0.033416666666666664,27,0.04926009228530899,0.050175031129572834,0.055994650075460006,0.09275124214118224,0,0.0,0.3205616772174835,False,0.0,crackles,6,14.907,0.1135037230831153,0.08054634601754047,0.0452635406149779,0.919656814505585,5.0486067116296e-06,25.1317822855046,,False,,0.17282608695652174,0.225,0.34782608695652173,0.6358695652173914,0.6684782608695652,0.3532608695652174,0.31521739130434784,0.36086956521739133,0.7516304347826087,0.6554347826086957,0.6375,0.3233695652173913,0.3717391304347826,0.7,0.43939130434782614
176,2b3,176_2b3,Tc,mc,AKGC417L,176_2b3_Tc_mc_AKGC417L,/nas/home/pcallandrone/DeepLearning/dataset/ICBHI_2017/ICBHI_final_database/176_2b3_Tc_mc_AKGC417L.wav,/nas/home/pcallandrone/DeepLearning/dataset/ICBHI_2017/ICBHI_final_database/176_2b3_Tc_mc_AKGC417L.txt,44100,20.0,0.20517075686946623,1.0002007484436035,0.0047664399092970525,0.00020077165390830487,0.20338363003856225,1.0298240184783936,0.0018666666666666666,14.088940438879721,0.03055,27,0.1503005465059668,0.1638370312516172,0.19837697111792668,0.12341926688169845,0,0.005875,1.0298240184783936,False,0.0,crackles,6,14.907,0.0,0.22856533376271726,0.07408597943042393,0.771672739120664,8.370289129749098e-06,39.2569518797158,,False,,0.6358695652173914,0.6228260869565218,0.7065217391304348,0.7467391304347826,0.47282608695652173,0.716304347826087,0.22608695652173913,0.41739130434782606,0.3032608695652174,0.6554347826086957,0.6375,0.14402173913043478,0.6902173913043478,0.5760869565217391,0.6199510869565218
177,1b2,177_1b2,Al,mc,AKGC417L,177_1b2_Al_mc_AKGC417L,/nas/home/pcallandrone/DeepLearning/dataset/ICBHI_2017/ICBHI_final_database/177_1b2_Al_mc_AKGC417L.wav,/nas/home/pcallandrone/DeepLearning/dataset/ICBHI_2017/ICBHI_final_database/177_1b2_Al_mc_AKGC417L.txt,44100,20.0,0.06293713001413345,0.32452115416526794,0.0,0.00017549385665915906,0.06309756772560159,0.3243006765842438,0.0,14.218704711842985,0.026983333333333335,27,0.04874780691384867,0.05319617905468208,0.05998042139815941,0.12578794652598246,0,0.0,0.3243006765842438,False,0.0,crackles,3,13.005,0.0,0.07151645625430965,0.01477637638760208,0.9286265734270326,9.233140423796721e-07,20.77121834570455,,False,,0.20543478260869566,0.24456521739130435,0.30217391304347824,0.2891304347826087,0.45652173913043476,0.3076086956521739,0.6239130434782608,0.5445652173913044,0.7516304347826087,0.0983695652173913,0.043478260869565216,0.14402173913043478,0.24456521739130435,0.6032608695652174,0.3417282608695653
177,1b2,177_1b2,Ar,mc,AKGC417L,177_1b2_Ar_mc_AKGC417L,/nas/home/pcallandrone/DeepLearning/dataset/ICBHI_2017/ICBHI_final_database/177_1b2_Ar_mc_AKGC417L.wav,/nas/home/pcallandrone/DeepLearning/dataset/ICBHI_2017/ICBHI_final_database/177_1b2_Ar_mc_AKGC417L.txt,44100,20.0,0.06398431508514324,0.4483434557914734,0.0,-5.059771865489893e-06,0.06316147182707327,0.38436394929885864,0.0,15.685808094559073,0.04226666666666667,27,0.043399339228991994,0.04978043502972345,0.055124510595226765,0.2582994822070087,0,0.0,0.38436394929885864,False,0.0,crackles,3,13.005,0.507035755478662,0.10848672064811338,0.022364355357922618,0.8915739162803077,1.4014418849856702e-06,23.369159514356753,,False,,0.20652173913043478,0.21956521739130436,0.4467391304347826,0.42282608695652174,0.15,0.45,0.5445652173913044,0.225,0.7516304347826087,0.0983695652173913,0.043478260869565216,0.5271739130434783,0.3141304347826087,0.782608695652174,0.3655000000000001
177,1b2,177_1b2,Lr,mc,AKGC417L,177_1b2_Lr_mc_AKGC417L,/nas/home/pcallandrone/DeepLearning/dataset/ICBHI_2017/ICBHI_final_database/177_1b2_Lr_mc_AKGC417L.wav,/nas/home/pcallandrone/DeepLearning/dataset/ICBHI_2017/ICBHI_final_database/177_1b2_Lr_mc_AKGC417L.txt,44100,20.0,0.0651012245048532,0.4048466682434082,0.0,1.859081930888351e-05,0.06398545418852987,0.40480926632881165,0.0,16.023383749560626,0.04128333333333333,27,0.04499549031621196,0.04820626966505493,0.055907571066080804,0.2718854191293,0,0.0,0.40480926632881165,False,0.0,crackles,3,13.005,0.22722029988465975,0.08970556100232782,0.017636281598097922,0.9106497073092837,3.2373460010429163e-07,22.911813670792487,,False,,0.2076086956521739,0.21195652173913043,0.37717391304347825,0.34347826086956523,0.1358695652173913,0.3826086956521739,0.7695652173913043,0.24021739130434783,0.7516304347826087,0.0983695652173913,0.043478260869565216,0.40652173913043477,0.3010869565217391,0.8152173913043478,0.34793478260869576
177,1b2,177_1b2,Pl,mc,AKGC417L,177_1b2_Pl_mc_AKGC417L,/nas/home/pcallandrone/DeepLearning/dataset/ICBHI_2017/ICBHI_final_database/177_1b2_Pl_mc_AKGC417L.wav,/nas/home/pcallandrone/DeepLearning/dataset/ICBHI_2017/ICBHI_final_database/177_1b2_Pl_mc_AKGC417L.txt,44100,20.0,0.03923543785275668,0.3326699733734131,0.0,9.490357228969515e-07,0.04039584637814609,0.3316552937030792,0.0,18.287004412831966,0.05533333333333333,27,0.01925772691002662,0.027855602435637103,0.03695944644083229,0.31063916076892933,0,0.0,0.3316552937030792,False,0.0,crackles,3,13.005,0.0,0.5862321432008413,0.106426728150061,0.41462761921022256,5.8164598089466584e-06,61.92759263577663,,True,,0.12282608695652174,0.10978260869565218,0.9554347826086956,0.8152173913043478,0.10543478260869565,0.9576086956521739,0.28804347826086957,0.13152173913043477,0.7516304347826087,0.0983695652173913,0.043478260869565216,0.14402173913043478,0.8847826086956522,0.9793478260869565,0.44671739130434795
177,1b2,177_1b2,Pr,mc,AKGC417L,177_1b2_Pr_mc_AKGC417L,/nas/home/pcallandrone/DeepLearning/dataset/ICBHI_2017/ICBHI_final_database/177_1b2_Pr_mc_AKGC417L.wav,/nas/home/pcallandrone/DeepLearning/dataset/ICBHI_2017/ICBHI_final_database/177_1b2_Pr_mc_AKGC417L.txt,44100,20.0,0.04919292904441477,0.5040926933288574,0.0,3.574440415832214e-05,0.051972185352874144,0.5033266544342041,0.0,19.72157900516488,0.07065,27,0.02526857727673627,0.031414846075689354,0.04428177042351377,0.3519782485220066,0,0.0,0.5033266544342041,False,0.0,both,3,13.005,0.0,0.39120270756277864,0.09914799329309286,0.6088062113919039,1.536376190523797e-06,47.822854435881126,,False,,0.15760869565217392,0.12934782608695652,0.8630434782608696,0.8,0.07391304347826087,0.8728260869565218,0.5304347826086957,0.08804347826086957,0.7516304347826087,0.0983695652173913,0.043478260869565216,0.14402173913043478,0.7913043478260869,0.8369565217391305,0.4391956521739131
177,1b2,177_1b2,Tc,mc,AKGC417L,177_1b2_Tc_mc_AKGC417L,/nas/home/pcallandrone/DeepLearning/dataset/ICBHI_2017/ICBHI_final_database/177_1b2_Tc_mc_AKGC417L.wav,/nas/home/pcallandrone/DeepLearning/dataset/ICBHI_2017/ICBHI_final_database/177_1b2_Tc_mc_AKGC417L.txt,44100,20.0,0.011956329358741968,0.157196044921875,0.0,8.348304618266411e-06,0.012889300276046912,0.1568070650100708,0.0,21.70272562762214,0.08073333333333334,27,0.008213689577693799,0.008756865020807006,0.010026383979332356,0.36369859899651574,0,0.0,0.1568070650100708,False,0.0,normal,3,13.005,1.0,0.41480420725947326,0.13395703756243194,0.5862333109892146,0.00033844626961135115,111.91145703831488,,False,,0.04456521739130435,0.03695652173913044,0.8826086956521739,0.8673913043478261,0.06847826086956521,0.8913043478260869,0.02717391304347826,0.06521739130434782,0.7516304347826087,0.0983695652173913,0.043478260869565216,0.8347826086956521,0.9695652173913043,0.6130434782608696,0.4366630434782609
177,1b4,177_1b4,Al,mc,AKGC417L,177_1b4_Al_mc_AKGC417L,/nas/home/pcallandrone/DeepLearning/dataset/ICBHI_2017/ICBHI_final_database/177_1b4_Al_mc_AKGC417L.wav,/nas/home/pcallandrone/DeepLearning/dataset/ICBHI_2017/ICBHI_final_database/177_1b4_Al_mc_AKGC417L.txt,44100,20.0,0.1764579498939324,1.0000449419021606,0.000746031746031746,-4.510569851845503e-05,0.1697586646247596,1.0035271644592285,0.0007666666666666667,15.433943647265693,0.029316666666666668,27,0.1278545233800371,0.14889277735040457,0.16655498109179503,0.08807432523935248,0,0.0025,1.0035271644592285,False,0.0,crackles,5,14.641,0.0,0.09223842553056054,0.022246784672919163,0.9078020262465307,1.5156651840568684e-06,23.649980791137793,,False,,0.5467391304347826,0.5858695652173913,0.3858695652173913,0.41847826086956524,0.7032608695652174,0.391304347826087,0.532608695652174,0.4467391304347826,0.3576086956521739,0.5440217391304348,0.4320652173913043,0.14402173913043478,0.32282608695652176,0.7467391304347826,0.5267717391304348
177,1b4,177_1b4,Ar,mc,AKGC417L,177_1b4_Ar_mc_AKGC417L,/nas/home/pcallandrone/DeepLearning/dataset/ICBHI_2017/ICBHI_final_database/177_1b4_Ar_mc_AKGC417L.wav,/nas/home/pcallandrone/DeepLearning/dataset/ICBHI_2017/ICBHI_final_database/177_1b4_Ar_mc_AKGC417L.txt,44100,20.0,0.1772845420942085,0.9685147404670715,0.0,4.6416578697972e-05,0.17941802351782074,0.9668048620223999,0.0,14.629455148047452,0.04053333333333333,27,0.14374324833253077,0.16092513903892952,0.17169410990043185,0.122830422157709,0,0.0,0.9668048620223999,False,0.0,normal,5,14.641,1.0,0.16240236495398216,0.030210444594486734,0.8376002073984179,3.014232501896909e-06,29.282669784697852,,False,,0.5706521739130435,0.6119565217391304,0.5880434782608696,0.5152173913043478,0.4782608695652174,0.5989130434782609,0.40652173913043477,0.25,0.7516304347826087,0.5440217391304348,0.4320652173913043,0.8347826086956521,0.48586956521739133,0.6478260869565218,0.6181684782608695
177,1b4,177_1b4,Lr,mc,AKGC417L,177_1b4_Lr_mc_AKGC417L,/nas/home/pcallandrone/DeepLearning/dataset/ICBHI_2017/ICBHI_final_database/177_1b4_Lr_mc_AKGC417L.wav,/nas/home/pcallandrone/DeepLearning/dataset/ICBHI_2017/ICBHI_final_database/177_1b4_Lr_mc_AKGC417L.txt,44100,20.0,0.6248385814784265,1.001905083656311,0.19494331065759637,0.0019051081035286188,0.6081567823483511,1.0191640853881836,0.08973333333333333,4.484571129493208,0.0118,27,0.46569489887955795,0.5283753794860343,0.6105466441567915,0.09066189986065785,0,0.14375,1.0191640853881836,False,0.0,normal,5,14.641,1.0,0.018371793841424636,0.002960619885073788,0.9818249646188696,5.397948930833266e-08,15.354567976435494,,False,,0.9967391304347826,0.9945652173913043,0.08586956521739131,0.09130434782608696,0.6869565217391305,0.0967391304347826,0.8891304347826087,0.9967391304347826,0.009782608695652175,0.5440217391304348,0.4320652173913043,0.8347826086956521,0.14021739130434782,0.005434782608695652,0.6399673913043479
177,1b4,177_1b4,Pl,mc,AKGC417L,177_1b4_Pl_mc_AKGC417L,/nas/home/pcallandrone/DeepLearning/dataset/ICBHI_2017/ICBHI_final_database/177_1b4_Pl_mc_AKGC417L.wav,/nas/home/pcallandrone/DeepLearning/dataset/ICBHI_2017/ICBHI_final_database/177_1b4_Pl_mc_AKGC417L.txt,44100,20.0,0.0807130148590199,0.7522298097610474,0.0,-6.747166480636224e-05,0.07974665243907517,0.7506412863731384,0.0,19.474399709714493,0.05273333333333333,27,0.05557138443921774,0.058191860868417586,0.07426665686084759,0.21706268644165866,0,0.0,0.7506412863731384,False,0.0,crackles,5,14.641,0.0,0.47904781594664153,0.2346017820306471,0.5213553065916248,8.986484970148386e-06,60.50038337250619,,True,,0.26521739130434785,0.275,0.9217391304347826,0.9445652173913044,0.19782608695652174,0.9282608695652174,0.21739130434782608,0.1423913043478261,0.7516304347826087,0.5440217391304348,0.4320652173913043,0.14402173913043478,0.8684782608695653,0.8608695652173913,0.5426032608695653
177,1b4,177_1b4,Pr,mc,AKGC417L,177_1b4_Pr_mc_AKGC417L,/nas/home/pcallandrone/DeepLearning/dataset/ICBHI_2017/ICBHI_final_database/177_1b4_Pr_mc_AKGC417L.wav,/nas/home/pcallandrone/DeepLearning/dataset/ICBHI_2017/ICBHI_final_database/177_1b4_Pr_mc_AKGC417L.txt,44100,20.0,0.058580647497669246,0.5475366115570068,0.0,-4.2180534364888445e-05,0.05841666608345295,0.4257259964942932,0.0,17.251868047595483,0.042583333333333334,27,0.03933312674473691,0.04490319407735826,0.05551139152136196,0.18915570953483468,0,0.0,0.4257259964942932,False,0.0,both,5,14.641,0.0,0.321609793715471,0.17877264494392126,0.6784987289861137,3.091524339735038e-06,49.88451327467339,,False,,0.1826086956521739,0.18478260869565216,0.816304347826087,0.9163043478260869,0.2467391304347826,0.825,0.40217391304347827,0.21956521739130436,0.7516304347826087,0.5440217391304348,0.4320652173913043,0.14402173913043478,0.8076086956521739,0.941304347826087,0.5108750000000001
177,1b4,177_1b4,Tc,mc,AKGC417L,177_1b4_Tc_mc_AKGC417L,/nas/home/pcallandrone/DeepLearning/dataset/ICBHI_2017/ICBHI_final_database/177_1b4_Tc_mc_AKGC417L.wav,/nas/home/pcallandrone/DeepLearning/dataset/ICBHI_2017/ICBHI_final_database/177_1b4_Tc_mc_AKGC417L.txt,44100,20.0,0.030977767319841174,0.2529268264770508,0.0,-2.4780965759418905e-05,0.03093133452943521,0.25195252895355225,0.0,18.218401250105266,0.0455,27,0.02612121309422486,0.026919640649225054,0.029618419035404835,0.1345132807060089,0,0.0,0.25195252895355225,False,0.0,normal,5,14.641,1.0,0.17810588257963517,0.08970797379133039,0.8266202184760543,0.00015350133288333974,49.77584959375217,,False,,0.09239130434782608,0.10543478260869565,0.6217391304347826,0.7815217391304348,0.41847826086956524,0.6217391304347826,0.04891304347826087,0.18804347826086956,0.7516304347826087,0.5440217391304348,0.4320652173913043,0.8347826086956521,0.8065217391304348,0.9836956521739131,0.4752989130434783
177,2b4,177_2b4,Al,mc,AKGC417L,177_2b4_Al_mc_AKGC417L,/nas/home/pcallandrone/DeepLearning/dataset/ICBHI_2017/ICBHI_final_database/177_2b4_Al_mc_AKGC417L.wav,/nas/home/pcallandrone/DeepLearning/dataset/ICBHI_2017/ICBHI_final_database/177_2b4_Al_mc_AKGC417L.txt,44100,20.0,0.272459380949474,1.0000299215316772,0.011759637188208617,2.997894443979021e-05,0.2963580335563978,1.0217151641845703,0.01455,10.7502626923147,0.0277,27,0.07400165740367182,0.20775255413541519,0.2933909310100383,0.2938645393509507,0,0.0675,1.0217151641845703,False,0.0,crackles,4,13.088000000000001,0.3188416870415649,0.092517997713564,0.039755756069404236,0.9074913796681743,1.7048190029799302e-06,22.189353181587553,,False,,0.816304347826087,0.7478260869565218,0.38804347826086955,0.5902173913043478,0.11195652173913044,0.3934782608695652,0.508695652173913,0.5157608695652174,0.1391304347826087,0.12173913043478261,0.19510869565217392,0.4641304347826087,0.2858695652173913,0.19456521739130433,0.519163043478261
177,2b4,177_2b4,Lr,mc,AKGC417L,177_2b4_Lr_mc_AKGC417L,/nas/home/pcallandrone/DeepLearning/dataset/ICBHI_2017/ICBHI_final_database/177_2b4_Lr_mc_AKGC417L.wav,/nas/home/pcallandrone/DeepLearning/dataset/ICBHI_2017/ICBHI_final_database/177_2b4_Lr_mc_AKGC417L.txt,44100,20.0,0.13559045102727793,0.8084657192230225,0.0,6.578946340596303e-05,0.1385432545247449,0.8072751760482788,0.0,15.308724244846601,0.039933333333333335,27,0.11485609666713752,0.11988976172585264,0.13696110572718886,0.09903579781280508,0,0.0,0.8072751760482788,False,0.0,crackles,4,13.088000000000001,0.3125000000000001,0.04861806122569025,0.0178681277633059,0.9514168986374333,8.588963535940034e-06,24.33615763525008,,False,,0.47934782608695653,0.5032608695652174,0.21195652173913043,0.3456521739130435,0.625,0.21739130434782608,0.22391304347826088,0.2554347826086957,0.7516304347826087,0.12173913043478261,0.19510869565217392,0.46195652173913043,0.35,0.7293478260869565,0.41952173913043483
177,2b4,177_2b4,Pl,mc,AKGC417L,177_2b4_Pl_mc_AKGC417L,/nas/home/pcallandrone/DeepLearning/dataset/ICBHI_2017/ICBHI_final_database/177_2b4_Pl_mc_AKGC417L.wav,/nas/home/pcallandrone/DeepLearning/dataset/ICBHI_2017/ICBHI_final_database/177_2b4_Pl_mc_AKGC417L.txt,44100,20.0,0.1048791764796677,0.754753828048706,0.0,-3.57535136572551e-05,0.10576777457102736,0.7547157406806946,0.0,17.06860081849649,0.04206666666666667,27,0.0717776303737561,0.07356853618377886,0.10188849910080677,0.21481683347260092,0,0.0,0.7547157406806946,False,0.0,crackles,4,13.088000000000001,0.0,0.12555919636146554,0.05525714175619448,0.8749141784059313,3.007305858918732e-06,28.14348741617675,,False,,0.37282608695652175,0.3358695652173913,0.4945652173913043,0.6815217391304348,0.20217391304347826,0.49782608695652175,0.40869565217391307,0.22826086956521738,0.7516304347826087,0.12173913043478261,0.19510869565217392,0.14402173913043478,0.45543478260869563,0.9119565217391304,0.4184782608695653
177,2b4,177_2b4,Pr,mc,AKGC417L,177_2b4_Pr_mc_AKGC417L,/nas/home/pcallandrone/DeepLearning/dataset/ICBHI_2017/ICBHI_final_database/177_2b4_Pr_mc_AKGC417L.wav,/nas/home/pcallandrone/DeepLearning/dataset/ICBHI_2017/ICBHI_final_database/177_2b4_Pr_mc_AKGC417L.txt,44100,20.0,0.11272029866572368,0.8024030923843384,0.0,6.308205774985254e-05,0.11491934394501681,0.8000063896179199,0.0,16.854006346125146,0.039483333333333336,27,0.07574694411334545,0.08169162854626243,0.1149065676891221,0.21451246622665587,0,0.0,0.8000063896179199,False,0.0,crackles,4,13.088000000000001,0.0,0.15584516346421728,0.062298074195725035,0.8442001513850843,5.180981226915835e-06,31.6917661766591,,False,,0.4032608695652174,0.37282608695652175,0.5793478260869566,0.7076086956521739,0.20326086956521738,0.5847826086956521,0.30978260869565216,0.2619565217391304,0.7516304347826087,0.12173913043478261,0.19510869565217392,0.14402173913043478,0.5434782608695652,0.8978260869565218,0.44805434782608705
177,2b4,177_2b4,Tc,mc,AKGC417L,177_2b4_Tc_mc_AKGC417L,/nas/home/pcallandrone/DeepLearning/dataset/ICBHI_2017/ICBHI_final_database/177_2b4_Tc_mc_AKGC417L.wav,/nas/home/pcallandrone/DeepLearning/dataset/ICBHI_2017/ICBHI_final_database/177_2b4_Tc_mc_AKGC417L.txt,44100,20.0,0.19954557265681283,1.000295877456665,0.0019784580498866215,-0.00029597553657367826,0.20357684589583322,1.0245518684387207,0.0017666666666666666,14.036111361642812,0.030583333333333334,27,0.16754095075654157,0.16948806341367,0.19033965581582718,0.1275751946430217,0,0.01325,1.0245518684387207,False,0.0,normal,4,13.088000000000001,1.0,0.15578204000880827,0.06874156290723593,0.8446288503916516,1.965253425406356e-05,38.65460302725224,,False,,0.6380434782608696,0.6456521739130435,0.5782608695652174,0.7304347826086957,0.44782608695652176,0.5826086956521739,0.1358695652173913,0.41630434782608694,0.3092391304347826,0.12173913043478261,0.19510869565217392,0.8347826086956521,0.683695652173913,0.5652173913043478,0.5883152173913043
178,1b2,178_1b2,Al,mc,AKGC417L,178_1b2_Al_mc_AKGC417L,/nas/home/pcallandrone/DeepLearning/dataset/ICBHI_2017/ICBHI_final_database/178_1b2_Al_mc_AKGC417L.wav,/nas/home/pcallandrone/DeepLearning/dataset/ICBHI_2017/ICBHI_final_database/178_1b2_Al_mc_AKGC417L.txt,44100,20.0,0.06499472856343506,1.0001786947250366,7.369614512471656e-05,0.0001786741631804034,0.06871625970406367,1.050830602645874,3.3333333333333335e-05,23.689463979234112,0.08696666666666666,27,0.05103104623979459,0.05338719304077191,0.06229944684401071,0.263453915748734,0,0.00025,1.050830602645874,False,0.0,wheezes,10,14.958,0.38006417970316886,0.5182072630014701,0.3963622118677794,0.4818008076670409,0.0003077180330169071,139.8114014574411,,True,,0.22282608695652173,0.2467391304347826,0.9304347826086956,0.9804347826086957,0.14130434782608695,0.9369565217391305,0.03152173913043478,0.06086956521739131,0.4722826086956522,0.8206521739130435,0.9652173913043478,0.4880434782608696,0.9815217391304348,0.33804347826086956,0.5614293478260871
178,1b2,178_1b2,Ar,mc,AKGC417L,178_1b2_Ar_mc_AKGC417L,/nas/home/pcallandrone/DeepLearning/dataset/ICBHI_2017/ICBHI_final_database/178_1b2_Ar_mc_AKGC417L.wav,/nas/home/pcallandrone/DeepLearning/dataset/ICBHI_2017/ICBHI_final_database/178_1b2_Ar_mc_AKGC417L.txt,44100,20.0,0.08760300596142033,1.0002038478851318,0.00026303854875283446,0.00020379787019919604,0.0967383449460273,1.0563197135925293,0.0002,20.763934629720467,0.059416666666666666,27,0.07022436905687285,0.07244500944092598,0.08841095701632304,0.22126350955629753,0,0.0015,1.0563197135925293,False,0.0,both,10,14.958,0.27898114721219425,0.3992214638882697,0.3005079402888484,0.6009772082494115,0.0002454332367841749,107.07588830882511,,False,,0.34347826086956523,0.3293478260869565,0.8706521739130435,0.9641304347826087,0.1934782608695652,0.8793478260869565,0.0391304347826087,0.11739130434782609,0.41793478260869565,0.8206521739130435,0.9652173913043478,0.44021739130434784,0.966304347826087,0.7184782608695652,0.5877989130434783
178,1b2,178_1b2,Lr,mc,AKGC417L,178_1b2_Lr_mc_AKGC417L,/nas/home/pcallandrone/DeepLearning/dataset/ICBHI_2017/ICBHI_final_database/178_1b2_Lr_mc_AKGC417L.wav,/nas/home/pcallandrone/DeepLearning/dataset/ICBHI_2017/ICBHI_final_database/178_1b2_Lr_mc_AKGC417L.txt,44100,20.0,0.15975724854634182,1.000124454498291,0.0009240362811791383,0.00012444394815247506,0.16603657057703916,1.1290433406829834,0.0006666666666666666,16.65013717345748,0.0372,27,0.11980751314211456,0.1347616962324549,0.1628063577817909,0.13563487221201884,0,0.004875,1.1290433406829834,False,0.0,both,10,14.958,0.11859874314747954,0.2753335221802314,0.19725442364250984,0.7243979706173406,0.0003114880182945456,85.71859449163279,,False,,0.5380434782608695,0.5532608695652174,0.7630434782608696,0.9260869565217391,0.4097826086956522,0.7771739130434783,0.029347826086956522,0.3,0.3684782608695652,0.8206521739130435,0.9652173913043478,0.3282608695652174,0.9478260869565217,0.8793478260869565,0.6481521739130435
178,1b2,178_1b2,Pl,mc,AKGC417L,178_1b2_Pl_mc_AKGC417L,/nas/home/pcallandrone/DeepLearning/dataset/ICBHI_2017/ICBHI_final_database/178_1b2_Pl_mc_AKGC417L.wav,/nas/home/pcallandrone/DeepLearning/dataset/ICBHI_2017/ICBHI_final_database/178_1b2_Pl_mc_AKGC417L.txt,44100,20.0,0.08055886596620616,1.000085473060608,0.0005340136054421768,8.553047518944368e-05,0.08091528414693315,1.0028518438339233,0.0004333333333333333,21.864124264617093,0.19268333333333335,27,0.0525042576955101,0.06087269536432971,0.08553745956544659,0.1881135201336563,0,0.001875,1.0028518438339233,False,0.0,crackles,10,14.958,0.0,0.7819423009098665,0.15576243924388805,0.2189239193927153,1.4693068945537181e-05,87.09382832005389,,False,,0.2684782608695652,0.2858695652173913,0.9934782608695653,0.8913043478260869,0.24891304347826088,0.9945652173913043,0.16195652173913044,0.004347826086956522,0.38315217391304346,0.8206521739130435,0.9652173913043478,0.14402173913043478,0.95,0.5858695652173913,0.5721793478260868
178,1b2,178_1b2,Pr,mc,AKGC417L,178_1b2_Pr_mc_AKGC417L,/nas/home/pcallandrone/DeepLearning/dataset/ICBHI_2017/ICBHI_final_database/178_1b2_Pr_mc_AKGC417L.wav,/nas/home/pcallandrone/DeepLearning/dataset/ICBHI_2017/ICBHI_final_database/178_1b2_Pr_mc_AKGC417L.txt,44100,20.0,0.01754816194534567,0.723677933216095,0.0,5.036150469095446e-05,0.019107140292025104,0.6759222149848938,0.0,30.974020512655493,0.21593333333333334,27,0.010680706946804525,0.011080601876308842,0.013223426812784489,0.6167352379998188,0,0.0,0.6759222149848938,False,0.0,both,10,14.958,0.3784596871239473,0.7374843863759407,0.6764916706847669,0.2625489927463146,0.0011822362332114145,215.19995915054912,,True,,0.06086956521739131,0.051086956521739134,0.9847826086956522,1.0,0.013043478260869565,0.9847826086956522,0.011956521739130435,0.003260869565217391,0.7516304347826087,0.8206521739130435,0.9652173913043478,0.48695652173913045,0.991304347826087,0.007608695652173913,0.5038097826086957
178,1b2,178_1b2,Tc,mc,AKGC417L,178_1b2_Tc_mc_AKGC417L,/nas/home/pcallandrone/DeepLearning/dataset/ICBHI_2017/ICBHI_final_database/178_1b2_Tc_mc_AKGC417L.wav,/nas/home/pcallandrone/DeepLearning/dataset/ICBHI_2017/ICBHI_final_database/178_1b2_Tc_mc_AKGC417L.txt,44100,20.0,0.24545304153916475,1.000206470489502,0.0038219954648526077,0.00020650411897804588,0.24833204839084663,1.0925838947296143,0.00345,12.868440469001829,0.025416666666666667,27,0.20871014245020575,0.2169384103381625,0.24740028466514466,0.0997539511796729,0,0.00725,1.0925838947296143,False,0.0,wheezes,10,14.958,0.48589383607434156,0.33803894752428637,0.1830179118818926,0.6670024998114014,0.0002826162920950738,77.61201343230863,,False,,0.7402173913043478,0.7717391304347826,0.8304347826086956,0.9195652173913044,0.6195652173913043,0.8369565217391305,0.03260869565217391,0.5891304347826087,0.25706521739130433,0.8206521739130435,0.9652173913043478,0.5217391304347826,0.9369565217391305,0.41739130434782606,0.7660489130434784
178,1b3,178_1b3,Al,mc,AKGC417L,178_1b3_Al_mc_AKGC417L,/nas/home/pcallandrone/DeepLearning/dataset/ICBHI_2017/ICBHI_final_database/178_1b3_Al_mc_AKGC417L.wav,/nas/home/pcallandrone/DeepLearning/dataset/ICBHI_2017/ICBHI_final_database/178_1b3_Al_mc_AKGC417L.txt,44100,20.0,0.058099598403665034,0.6726512908935547,0.0,-0.00010180885146837682,0.05780220504846725,0.6714661121368408,0.0,21.301593847078667,0.05996666666666667,27,0.049112770151924785,0.051763527509204744,0.05750736896035799,0.08609989014453105,0,0.0,0.6714661121368408,False,0.0,both,4,13.218,0.1322439098199425,0.2084757816894825,0.019817626014982666,0.79343408734508,9.148539344577769e-06,31.546804433866114,,False,,0.1815217391304348,0.2326086956521739,0.6793478260869565,0.38369565217391305,0.725,0.6891304347826087,0.21630434782608696,0.11413043478260869,0.7516304347826087,0.1451086956521739,0.19510869565217392,0.33804347826086956,0.5391304347826087,0.6565217391304348,0.44113586956521744
178,1b3,178_1b3,Ar,mc,AKGC417L,178_1b3_Ar_mc_AKGC417L,/nas/home/pcallandrone/DeepLearning/dataset/ICBHI_2017/ICBHI_final_database/178_1b3_Ar_mc_AKGC417L.wav,/nas/home/pcallandrone/DeepLearning/dataset/ICBHI_2017/ICBHI_final_database/178_1b3_Ar_mc_AKGC417L.txt,44100,20.0,0.04205602232972119,0.20577843487262726,0.0,-0.00016244214202743024,0.04139389691716985,0.20462770760059357,0.0,13.880562482215002,0.026883333333333332,27,0.03462549953618455,0.03689435763025569,0.04063118042216769,0.07908237047062702,0,0.0,0.20462770760059357,False,0.0,both,4,13.218,0.0,0.1768893790296234,0.05337899357043441,0.8276517586221184,0.00010433462782347426,38.04301819444567,,False,,0.12717391304347825,0.14673913043478262,0.6184782608695653,0.675,0.7847826086956522,0.6173913043478261,0.06086956521739131,0.5489130434782609,0.7516304347826087,0.1451086956521739,0.19510869565217392,0.14402173913043478,0.675,0.5391304347826087,0.4301902173913044
178,1b3,178_1b3,Lr,mc,AKGC417L,178_1b3_Lr_mc_AKGC417L,/nas/home/pcallandrone/DeepLearning/dataset/ICBHI_2017/ICBHI_final_database/178_1b3_Lr_mc_AKGC417L.wav,/nas/home/pcallandrone/DeepLearning/dataset/ICBHI_2017/ICBHI_final_database/178_1b3_Lr_mc_AKGC417L.txt,44100,20.0,0.2176030313302677,0.999957799911499,4.9886621315192745e-05,-4.218141839373857e-05,0.21934946063738378,1.005834937095642,5e-05,13.227802909394251,0.027533333333333333,27,0.17561813791648373,0.19250826957569706,0.21133041605223887,0.11041483638357724,0,0.000375,1.005834937095642,False,0.0,normal,4,13.218,1.0,0.11709571444176164,0.03880043229935502,0.883470583400911,7.398077804796028e-06,29.878637075319205,,False,,0.6771739130434783,0.7065217391304348,0.47282608695652173,0.5804347826086956,0.5445652173913044,0.47608695652173916,0.2467391304347826,0.525,0.4625,0.1451086956521739,0.19510869565217392,0.8347826086956521,0.5,0.4597826086956522,0.5892663043478261
178,1b3,178_1b3,Pl,mc,AKGC417L,178_1b3_Pl_mc_AKGC417L,/nas/home/pcallandrone/DeepLearning/dataset/ICBHI_2017/ICBHI_final_database/178_1b3_Pl_mc_AKGC417L.wav,/nas/home/pcallandrone/DeepLearning/dataset/ICBHI_2017/ICBHI_final_database/178_1b3_Pl_mc_AKGC417L.txt,44100,20.0,0.1224676634864187,1.0004411935806274,0.00739795918367347,-0.0004412922135088593,0.11864967160007177,1.0257245302200317,0.005166666666666667,18.735284018495616,0.07645,27,0.050129310889451356,0.060110574929723506,0.11382090761021776,0.2935882271726348,0,0.014,1.0257245302200317,False,0.0,normal,4,13.218,1.0,0.648903985549572,0.07955137611311335,0.35207449355310483,7.048616513342459e-06,66.39633304037446,,False,,0.4152173913043478,0.2793478260869565,0.9684782608695652,0.7608695652173914,0.11304347826086956,0.9706521739130435,0.2532608695652174,0.07065217391304347,0.2141304347826087,0.1451086956521739,0.19510869565217392,0.8347826086956521,0.9054347826086957,0.9456521739130435,0.5573152173913043
178,1b3,178_1b3,Pr,mc,AKGC417L,178_1b3_Pr_mc_AKGC417L,/nas/home/pcallandrone/DeepLearning/dataset/ICBHI_2017/ICBHI_final_database/178_1b3_Pr_mc_AKGC417L.wav,/nas/home/pcallandrone/DeepLearning/dataset/ICBHI_2017/ICBHI_final_database/178_1b3_Pr_mc_AKGC417L.txt,44100,20.0,0.039159414933739735,0.3990836441516876,0.0,-8.155661635100842e-05,0.03847460844620015,0.39653125405311584,0.0,20.26206427272546,0.04728333333333333,27,0.02839211585272269,0.03158199324776286,0.03833733788715011,0.1237344770018955,0,0.0,0.39653125405311584,False,0.0,normal,4,13.218,1.0,0.1353007975571415,0.06096758426116493,0.8694249303384703,0.00014929853327338128,28.779753233839827,,False,,0.11304347826086956,0.13043478260869565,0.5195652173913043,0.7010869565217391,0.46847826086956523,0.5173913043478261,0.05,0.17282608695652174,0.7516304347826087,0.1451086956521739,0.19510869565217392,0.8347826086956521,0.47391304347826085,0.7891304347826087,0.4077010869565218
178,1b3,178_1b3,Tc,mc,AKGC417L,178_1b3_Tc_mc_AKGC417L,/nas/home/pcallandrone/DeepLearning/dataset/ICBHI_2017/ICBHI_final_database/178_1b3_Tc_mc_AKGC417L.wav,/nas/home/pcallandrone/DeepLearning/dataset/ICBHI_2017/ICBHI_final_database/178_1b3_Tc_mc_AKGC417L.txt,44100,20.0,0.2645072631386164,1.000227451324463,0.005902494331065759,-0.00022761430591344833,0.2534594873342226,1.028557538986206,0.0022166666666666667,12.166400789956134,0.024,27,0.1907467226929602,0.19993677214857447,0.23556878100790354,0.16013801547034037,0,0.01525,1.028557538986206,False,0.0,crackles,4,13.218,0.7277954304735965,0.332216672092044,0.16717610479757905,0.6698814987408476,1.7556744639305816e-05,72.3260680567319,,False,,0.7521739130434782,0.7282608695652174,0.825,0.9010869565217391,0.33152173913043476,0.8347826086956521,0.14565217391304347,0.6510869565217391,0.29130434782608694,0.1451086956521739,0.19510869565217392,0.592391304347826,0.9271739130434783,0.3239130434782609,0.6742608695652175
178,1b6,178_1b6,Al,mc,AKGC417L,178_1b6_Al_mc_AKGC417L,/nas/home/pcallandrone/DeepLearning/dataset/ICBHI_2017/ICBHI_final_database/178_1b6_Al_mc_AKGC417L.wav,/nas/home/pcallandrone/DeepLearning/dataset/ICBHI_2017/ICBHI_final_database/178_1b6_Al_mc_AKGC417L.txt,44100,20.0,0.07424623516978529,0.4217124581336975,0.0,0.00012581289047375321,0.07416587374008521,0.4201388359069824,0.0,15.063774194748243,0.030716666666666666,27,0.06723085748409785,0.07051178114037515,0.07440722388762196,0.03776912543897448,0,0.0,0.4201388359069824,False,0.0,normal,7,14.077,1.0,0.11331638339284929,0.02277891586375921,0.8871604285978614,0.00026473625505379856,61.21808197949068,,False,,0.24782608695652175,0.325,0.4608695652173913,0.42717391304347824,0.9902173913043478,0.46195652173913043,0.03695652173913044,0.4152173913043478,0.7516304347826087,0.32608695652173914,0.7880434782608695,0.8347826086956521,0.8771739130434782,0.6945652173913044,0.5286032608695651
178,1b6,178_1b6,Ar,mc,AKGC417L,178_1b6_Ar_mc_AKGC417L,/nas/home/pcallandrone/DeepLearning/dataset/ICBHI_2017/ICBHI_final_database/178_1b6_Ar_mc_AKGC417L.wav,/nas/home/pcallandrone/DeepLearning/dataset/ICBHI_2017/ICBHI_final_database/178_1b6_Ar_mc_AKGC417L.txt,44100,20.0,0.1344069280237785,1.000569462776184,0.0002471655328798186,0.0005694996216334403,0.13457042300909358,1.091611385345459,0.0001,18.182368775038125,0.038816666666666666,27,0.11639699973524728,0.12003763805164355,0.13203160917949308,0.10200050941636,0,0.00075,1.091611385345459,False,0.0,crackles,7,14.077,0.0,0.2808538811484331,0.05179576106257157,0.7093484428120554,0.011355081521736556,248.89921281923517,,False,,0.46847826086956523,0.5043478260869565,0.7673913043478261,0.6706521739130434,0.6021739130434782,0.7978260869565217,0.004347826086956522,0.27608695652173915,0.4451086956521739,0.32608695652173914,0.7880434782608695,0.14402173913043478,0.9945652173913043,0.9858695652173913,0.5797445652173914
178,1b6,178_1b6,Ll,mc,AKGC417L,178_1b6_Ll_mc_AKGC417L,/nas/home/pcallandrone/DeepLearning/dataset/ICBHI_2017/ICBHI_final_database/178_1b6_Ll_mc_AKGC417L.wav,/nas/home/pcallandrone/DeepLearning/dataset/ICBHI_2017/ICBHI_final_database/178_1b6_Ll_mc_AKGC417L.txt,44100,20.0,0.07442030641595908,1.0002856254577637,3.4013605442176872e-06,0.00028565723914653063,0.07576052095986342,0.9786802530288696,0.0,22.223957452459363,0.06045,27,0.06181051773120188,0.06420589300379527,0.07312865814238102,0.15377513882716762,0,0.0,0.9786802530288696,False,0.0,wheezes,7,14.077,0.0,0.35680033021123037,0.04198506268184491,0.6740792628450379,0.0029401727881556657,309.65603107111036,,False,,0.2510869565217391,0.2967391304347826,0.8445652173913043,0.6065217391304348,0.35434782608695653,0.8304347826086956,0.006521739130434782,0.11195652173913044,0.7516304347826087,0.32608695652173914,0.7880434782608695,0.14402173913043478,0.9978260869565218,0.5271739130434783,0.48946195652173907
178,1b6,178_1b6,Lr,mc,AKGC417L,178_1b6_Lr_mc_AKGC417L,/nas/home/pcallandrone/DeepLearning/dataset/ICBHI_2017/ICBHI_final_database/178_1b6_Lr_mc_AKGC417L.wav,/nas/home/pcallandrone/DeepLearning/dataset/ICBHI_2017/ICBHI_final_database/178_1b6_Lr_mc_AKGC417L.txt,44100,20.0,0.15996666020222214,0.9136879444122314,0.0,6.545666110469028e-05,0.1618230700720864,0.8891077041625977,0.0,14.79827873843365,0.028633333333333334,27,0.1466043667323903,0.1502334325572679,0.16275270638327985,0.045538941978890475,0,0.0,0.8891077041625977,False,0.0,normal,7,14.077,1.0,0.12436327269992214,0.0272796661023115,0.8753213653921942,0.0006443673220955964,66.00399033210938,,False,,0.5315217391304348,0.591304347826087,0.48695652173913045,0.48586956521739133,0.9771739130434782,0.4934782608695652,0.01956521739130435,0.475,0.7516304347826087,0.32608695652173914,0.7880434782608695,0.8347826086956521,0.9021739130434783,0.6673913043478261,0.6255054347826086
178,1b6,178_1b6,Pl,mc,AKGC417L,178_1b6_Pl_mc_AKGC417L,/nas/home/pcallandrone/DeepLearning/dataset/ICBHI_2017/ICBHI_final_database/178_1b6_Pl_mc_AKGC417L.wav,/nas/home/pcallandrone/DeepLearning/dataset/ICBHI_2017/ICBHI_final_database/178_1b6_Pl_mc_AKGC417L.txt,44100,20.0,0.31356136084302605,1.000941514968872,0.03953628117913832,0.0009415041422471404,0.2987546438565985,1.1939183473587036,0.021033333333333334,12.033199227104372,0.026866666666666667,27,0.23494061821372553,0.24284550836930277,0.2811276819722031,0.12720418669543532,0,0.047,1.1939183473587036,False,0.0,normal,7,14.077,1.0,0.38365763926031493,0.07800499294450373,0.617732822480581,0.000261507129945591,75.18987600754105,,False,,0.8217391304347826,0.8152173913043478,0.8576086956521739,0.7554347826086957,0.45108695652173914,0.866304347826087,0.03804347826086957,0.55,0.1108695652173913,0.32608695652173914,0.7880434782608695,0.8347826086956521,0.9347826086956522,0.30978260869565216,0.7382717391304348
178,1b6,178_1b6,Pr,mc,AKGC417L,178_1b6_Pr_mc_AKGC417L,/nas/home/pcallandrone/DeepLearning/dataset/ICBHI_2017/ICBHI_final_database/178_1b6_Pr_mc_AKGC417L.wav,/nas/home/pcallandrone/DeepLearning/dataset/ICBHI_2017/ICBHI_final_database/178_1b6_Pr_mc_AKGC417L.txt,44100,20.0,0.18523961550149803,0.9152649641036987,0.0,0.00022091143182478845,0.1778634682623853,0.9090651273727417,0.0,14.170164825166866,0.028233333333333333,27,0.15686157376388973,0.16893275531917779,0.17654756295523175,0.05106253361232116,0,0.0,0.9090651273727417,False,0.0,wheezes,7,14.077,0.8122469276124175,0.09486310474702936,0.024344542170124005,0.9096737306205144,0.0002099064363736645,60.929770336608065,,False,,0.5695652173913044,0.6434782608695652,0.4,0.45543478260869563,0.9510869565217391,0.3869565217391304,0.043478260869565216,0.49293478260869567,0.7516304347826087,0.32608695652173914,0.7880434782608695,0.6369565217391304,0.8739130434782608,0.592391304347826,0.5970978260869567
178,1b6,178_1b6,Tc,mc,AKGC417L,178_1b6_Tc_mc_AKGC417L,/nas/home/pcallandrone/DeepLearning/dataset/ICBHI_2017/ICBHI_final_database/178_1b6_Tc_mc_AKGC417L.wav,/nas/home/pcallandrone/DeepLearning/dataset/ICBHI_2017/ICBHI_final_database/178_1b6_Tc_mc_AKGC417L.txt,44100,20.0,0.18117207237398741,1.0000238418579102,0.00012811791383219955,-2.398363358224742e-05,0.18630083469888667,1.0009348392486572,0.00015,14.603820098724377,0.02955,27,0.15411148943612077,0.15741414483787813,0.1765247020013539,0.14468308421048715,0,0.001125,1.0009348392486572,False,0.0,normal,7,14.077,1.0,0.2160466085091354,0.06757583761457442,0.7839591562467012,0.00084097236323051,85.96178936960129,,False,,0.5858695652173913,0.6043478260869565,0.6880434782608695,0.7239130434782609,0.3815217391304348,0.6978260869565217,0.015217391304347827,0.4440217391304348,0.4320652173913043,0.32608695652173914,0.7880434782608695,0.8347826086956521,0.9489130434782609,0.6467391304347826,0.6309347826086955
178,2b2,178_2b2,Al,mc,AKGC417L,178_2b2_Al_mc_AKGC417L,/nas/home/pcallandrone/DeepLearning/dataset/ICBHI_2017/ICBHI_final_database/178_2b2_Al_mc_AKGC417L.wav,/nas/home/pcallandrone/DeepLearning/dataset/ICBHI_2017/ICBHI_final_database/178_2b2_Al_mc_AKGC417L.txt,44100,20.0,0.037629065084146505,0.9998995065689087,2.834467120181406e-05,0.0001004039659164846,0.03528287438003171,0.4519427418708801,0.0,22.15038912811034,0.061816666666666666,27,0.02785908822399049,0.028702701509122606,0.035300601710246134,0.12626307897649836,0,0.0,0.4519427418708801,False,0.0,crackles,8,14.387,0.28303329394592347,0.21491574891224377,0.11849897089131137,0.7860093347256646,3.4071627274093995e-05,41.04520591113552,,False,,0.10543478260869565,0.11847826086956521,0.6858695652173913,0.8380434782608696,0.45543478260869563,0.6956521739130435,0.10652173913043478,0.10869565217391304,0.7516304347826087,0.4434782608695652,0.8864130434782609,0.4434782608695652,0.716304347826087,0.5347826086956522,0.4669565217391305
178,2b2,178_2b2,Ar,mc,AKGC417L,178_2b2_Ar_mc_AKGC417L,/nas/home/pcallandrone/DeepLearning/dataset/ICBHI_2017/ICBHI_final_database/178_2b2_Ar_mc_AKGC417L.wav,/nas/home/pcallandrone/DeepLearning/dataset/ICBHI_2017/ICBHI_final_database/178_2b2_Ar_mc_AKGC417L.txt,44100,20.0,0.1158671426179926,1.0003015995025635,0.004006802721088436,0.0003016285190824419,0.1270831169861103,1.068622350692749,0.0045,18.49472789529885,0.07686666666666667,27,0.050458979995635596,0.05787199074429094,0.07127986693710273,0.5346799065796172,0,0.032125,1.068622350692749,False,0.0,crackles,8,14.387,0.5552234656286925,0.3023955048316102,0.12213354378167691,0.698508286728679,2.0426959343571868e-05,49.72371880430849,,False,,0.44021739130434784,0.2728260869565217,0.7967391304347826,0.842391304347826,0.01847826086956522,0.8076086956521739,0.13478260869565217,0.06956521739130435,0.23043478260869565,0.4434782608695652,0.8864130434782609,0.5434782608695652,0.8043478260869565,0.9608695652173913,0.525875
178,2b2,178_2b2,Lr,mc,AKGC417L,178_2b2_Lr_mc_AKGC417L,/nas/home/pcallandrone/DeepLearning/dataset/ICBHI_2017/ICBHI_final_database/178_2b2_Lr_mc_AKGC417L.wav,/nas/home/pcallandrone/DeepLearning/dataset/ICBHI_2017/ICBHI_final_database/178_2b2_Lr_mc_AKGC417L.txt,44100,20.0,0.0672941902166193,0.5970736145973206,0.0,0.00013705283345188946,0.07119794088579696,0.5959076881408691,0.0,18.454231086643873,0.052983333333333334,27,0.05004551656013482,0.051847193347788034,0.05794803450128519,0.3598664017938375,0,0.0,0.5959076881408691,False,0.0,normal,8,14.387,1.0,0.051188342617051776,0.023568923083005167,0.9499532564483842,3.3848528251806042e-06,18.090399320850445,,False,,0.23369565217391305,0.23369565217391305,0.2217391304347826,0.44130434782608696,0.07065217391304347,0.22391304347826088,0.37717391304347825,0.14021739130434782,0.7516304347826087,0.4434782608695652,0.8864130434782609,0.8347826086956521,0.1826086956521739,0.9630434782608696,0.37115217391304345
178,2b2,178_2b2,Pr,mc,AKGC417L,178_2b2_Pr_mc_AKGC417L,/nas/home/pcallandrone/DeepLearning/dataset/ICBHI_2017/ICBHI_final_database/178_2b2_Pr_mc_AKGC417L.wav,/nas/home/pcallandrone/DeepLearning/dataset/ICBHI_2017/ICBHI_final_database/178_2b2_Pr_mc_AKGC417L.txt,44100,20.0,0.0792987872185469,0.9997413158416748,1.2471655328798186e-05,0.0002585876209195703,0.07727885458495724,0.3730633854866028,0.0,13.674439001728711,0.026966666666666667,27,0.057673327588096804,0.06165406338090736,0.07067973424284672,0.1790058765167175,0,0.0,0.3730633854866028,False,0.0,normal,8,14.387,1.0,0.14120871987697342,0.062212946799443565,0.8593950865595519,3.429252379912048e-05,27.377489020932824,,False,,0.2565217391304348,0.2891304347826087,0.5369565217391304,0.7065217391304348,0.2717391304347826,0.5434782608695652,0.10326086956521739,0.5456521739130434,0.7516304347826087,0.4434782608695652,0.8864130434782609,0.8347826086956521,0.43043478260869567,0.5130434782608696,0.49756521739130444
178,2b2,178_2b2,Tc,mc,AKGC417L,178_2b2_Tc_mc_AKGC417L,/nas/home/pcallandrone/DeepLearning/dataset/ICBHI_2017/ICBHI_final_database/178_2b2_Tc_mc_AKGC417L.wav,/nas/home/pcallandrone/DeepLearning/dataset/ICBHI_2017/ICBHI_final_database/178_2b2_Tc_mc_AKGC417L.txt,44100,20.0,0.08728604809049784,1.0000425577163696,0.00044331065759637187,4.2551590013317764e-05,0.0906662434349611,1.006670355796814,0.0004,20.908833145789423,0.05988333333333333,27,0.0654857649755464,0.0689439271625171,0.08094582061741305,0.27746785450992406,0,0.003,1.006670355796814,False,0.0,normal,8,14.387,1.0,0.4137008954904712,0.17207870569272465,0.5865615931943172,7.847071306317931e-06,66.3794431642739,,False,,0.3141304347826087,0.3130434782608696,0.8804347826086957,0.9054347826086957,0.125,0.8902173913043478,0.23695652173913043,0.11521739130434783,0.3934782608695652,0.4434782608695652,0.8864130434782609,0.8347826086956521,0.9043478260869565,0.7010869565217391,0.5853315217391305
179,1b1,179_1b1,Al,sc,Meditron,179_1b1_Al_sc_Meditron,/nas/home/pcallandrone/DeepLearning/dataset/ICBHI_2017/ICBHI_final_database/179_1b1_Al_sc_Meditron.wav,/nas/home/pcallandrone/DeepLearning/dataset/ICBHI_2017/ICBHI_final_database/179_1b1_Al_sc_Meditron.txt,44100,20.0,0.13762335483897162,0.878995954990387,0.0,-0.0001507646666141227,0.1413277712197672,0.8769266605377197,0.0,15.854715268719314,0.030016666666666667,27,0.1110426607767625,0.11284993416099454,0.12835664380830253,0.20607177577535848,0,0.0,0.8769266605377197,False,0.0,both,7,14.478000000000002,0.4494405304600083,0.029775486953511798,0.003440326557252882,0.9705367702051976,6.41892454804635e-08,15.115625635978914,,False,,0.4934782608695652,0.47934782608695653,0.13478260869565217,0.10543478260869565,0.21304347826086956,0.1391304347826087,0.8815217391304347,0.4326086956521739,0.7516304347826087,0.4706521739130435,0.7880434782608695,0.5065217391304347,0.1358695652173913,0.7989130434782609,0.43479891304347823
179,1b1,179_1b1,Tc,sc,Meditron,179_1b1_Tc_sc_Meditron,/nas/home/pcallandrone/DeepLearning/dataset/ICBHI_2017/ICBHI_final_database/179_1b1_Tc_sc_Meditron.wav,/nas/home/pcallandrone/DeepLearning/dataset/ICBHI_2017/ICBHI_final_database/179_1b1_Tc_sc_Meditron.txt,44100,20.0,0.05783596293717155,0.3165103495121002,0.0,-0.00013992351887281984,0.06178422552129559,0.31329941749572754,0.0,14.101639592877099,0.025316666666666668,27,0.04282330799562639,0.045847313622262645,0.050890634053793,0.27212076679977776,0,0.0,0.31329941749572754,False,0.0,both,7,13.971000000000002,0.5766230047956481,0.009775661964931969,0.003384149684189806,0.990227828441871,4.016931372727117e-06,11.718997773232436,,False,,0.20108695652173914,0.19021739130434784,0.03804347826086957,0.10217391304347827,0.13478260869565217,0.04565217391304348,0.34891304347826085,0.591304347826087,0.7516304347826087,0.30217391304347824,0.7880434782608695,0.5521739130434783,0.06739130434782609,0.5804347826086956,0.2707880434782609
180,1b4,180_1b4,Al,mc,AKGC417L,180_1b4_Al_mc_AKGC417L,/nas/home/pcallandrone/DeepLearning/dataset/ICBHI_2017/ICBHI_final_database/180_1b4_Al_mc_AKGC417L.wav,/nas/home/pcallandrone/DeepLearning/dataset/ICBHI_2017/ICBHI_final_database/180_1b4_Al_mc_AKGC417L.txt,44100,20.0,0.25613734269957,1.0001920461654663,0.0044603174603174605,-0.00019215421343687922,0.252527005898806,1.0043805837631226,0.0035,11.991809576729086,0.024066666666666667,27,0.20703274332721922,0.21430085329022355,0.25200651865799845,0.11234689716683591,0,0.011375,1.0043805837631226,False,0.0,both,4,14.100999999999999,0.0,0.28617847298699123,0.1313342546181325,0.7149506875225619,2.2834388256264966e-05,49.48885030649402,,False,,0.7478260869565218,0.7673913043478261,0.782608695652174,0.8586956521739131,0.5293478260869565,0.7934782608695652,0.1282608695652174,0.6461956521739131,0.2543478260869565,0.3358695652173913,0.19510869565217392,0.14402173913043478,0.8010869565217391,0.3032608695652174,0.6577717391304349
180,1b4,180_1b4,Ar,mc,AKGC417L,180_1b4_Ar_mc_AKGC417L,/nas/home/pcallandrone/DeepLearning/dataset/ICBHI_2017/ICBHI_final_database/180_1b4_Ar_mc_AKGC417L.wav,/nas/home/pcallandrone/DeepLearning/dataset/ICBHI_2017/ICBHI_final_database/180_1b4_Ar_mc_AKGC417L.txt,44100,20.0,0.09139095395417532,0.467525452375412,0.0,-2.3753666027914733e-05,0.0925958372147812,0.4642255902290344,0.0,14.002752276840273,0.0287,27,0.08024351814688332,0.08647454698490899,0.09412084904444971,0.07094491173325798,0,0.0,0.4642255902290344,False,0.0,both,4,14.100999999999999,0.0,0.1858559986415672,0.1273724640162564,0.8141424694106145,4.75953197143398e-06,49.75457855893261,,False,,0.3217391304347826,0.38913043478260867,0.6445652173913043,0.8521739130434782,0.8282608695652174,0.6543478260869565,0.3217391304347826,0.47119565217391307,0.7516304347826087,0.3358695652173913,0.19510869565217392,0.14402173913043478,0.8054347826086956,0.5565217391304348,0.5562336956521738
180,1b4,180_1b4,Lr,mc,AKGC417L,180_1b4_Lr_mc_AKGC417L,/nas/home/pcallandrone/DeepLearning/dataset/ICBHI_2017/ICBHI_final_database/180_1b4_Lr_mc_AKGC417L.wav,/nas/home/pcallandrone/DeepLearning/dataset/ICBHI_2017/ICBHI_final_database/180_1b4_Lr_mc_AKGC417L.txt,44100,20.0,0.28554691711967467,1.000432014465332,0.006493197278911565,0.00043196158367209136,0.29164861599496583,1.0063387155532837,0.00575,10.757685221188343,0.02175,27,0.22577721173876725,0.24514182014172617,0.29447222447539123,0.13743783177125224,0,0.015,1.0063387155532837,False,0.0,both,4,14.100999999999999,0.0,0.46131057099231504,0.14316800370734067,0.5388462622467876,5.35711522725711e-06,59.14891841378456,,False,,0.8130434782608695,0.8195652173913044,0.9130434782608695,0.8782608695652174,0.40543478260869564,0.9228260869565217,0.30543478260869567,0.7347826086956522,0.20706521739130435,0.3358695652173913,0.19510869565217392,0.14402173913043478,0.8630434782608696,0.1956521739130435,0.7099565217391303
180,1b4,180_1b4,Pl,mc,AKGC417L,180_1b4_Pl_mc_AKGC417L,/nas/home/pcallandrone/DeepLearning/dataset/ICBHI_2017/ICBHI_final_database/180_1b4_Pl_mc_AKGC417L.wav,/nas/home/pcallandrone/DeepLearning/dataset/ICBHI_2017/ICBHI_final_database/180_1b4_Pl_mc_AKGC417L.txt,44100,20.0,0.1413724060917137,0.6864149570465088,0.0,8.54976024129428e-05,0.1415189764943251,0.6828663945198059,0.0,13.670421226025704,0.028783333333333334,27,0.10901213228811335,0.11511152285307413,0.14385135830939788,0.13009731930295923,0,0.0,0.6828663945198059,False,0.0,both,4,14.100999999999999,0.0,0.373927991500496,0.18004802712087922,0.6271448948609369,7.029109760728177e-06,61.34667673269789,,False,,0.4945652173913043,0.49130434782608695,0.8521739130434782,0.9173913043478261,0.44021739130434784,0.8608695652173913,0.2576086956521739,0.46847826086956523,0.7516304347826087,0.3358695652173913,0.19510869565217392,0.14402173913043478,0.8782608695652174,0.508695652173913,0.6084565217391303
180,1b4,180_1b4,Pr,mc,AKGC417L,180_1b4_Pr_mc_AKGC417L,/nas/home/pcallandrone/DeepLearning/dataset/ICBHI_2017/ICBHI_final_database/180_1b4_Pr_mc_AKGC417L.wav,/nas/home/pcallandrone/DeepLearning/dataset/ICBHI_2017/ICBHI_final_database/180_1b4_Pr_mc_AKGC417L.txt,44100,20.0,0.23367388115374274,1.0000135898590088,0.00030839002267573696,-1.3677567039849237e-05,0.23670232195586718,1.0015578269958496,0.00025,12.529470216927066,0.02395,27,0.2024216095727242,0.20772918653406464,0.23581623888912787,0.09518242029350524,0,0.001125,1.0015578269958496,False,0.0,both,4,14.100999999999999,0.0,0.5621942382991185,0.20435335873278604,0.585440569551617,6.438440735359318e-06,65.0931513412843,,False,,0.7130434782608696,0.7467391304347826,0.9467391304347826,0.9315217391304348,0.6521739130434783,0.8923913043478261,0.2728260869565217,0.6554347826086957,0.41304347826086957,0.3358695652173913,0.19510869565217392,0.14402173913043478,0.8978260869565218,0.3706521739130435,0.718320652173913
181,1b1,181_1b1,Ar,mc,LittC2SE,181_1b1_Ar_mc_LittC2SE,/nas/home/pcallandrone/DeepLearning/dataset/ICBHI_2017/ICBHI_final_database/181_1b1_Ar_mc_LittC2SE.wav,/nas/home/pcallandrone/DeepLearning/dataset/ICBHI_2017/ICBHI_final_database/181_1b1_Ar_mc_LittC2SE.txt,44100,20.0,0.011263163378910255,0.04466041177511215,0.0,-1.7009580915328115e-05,0.011314524214001849,0.04462560638785362,0.0,11.918956609286962,0.03451666666666667,27,0.00897420113982434,0.009165546137292913,0.010249179721578537,0.18295872963709614,0,0.0,0.04462560638785362,False,0.0,normal,3,13.164,1.0,0.012313026185948206,0.002790442790031216,0.9877575446630356,4.794146820841521e-07,14.79394732980993,,False,,0.03695652173913044,0.0391304347826087,0.05326086956521739,0.08478260869565217,0.2576086956521739,0.06195652173913044,0.725,0.3407608695652174,0.7516304347826087,0.14130434782608695,0.043478260869565216,0.8347826086956521,0.13043478260869565,0.29239130434782606,0.23556521739130437
181,1b1,181_1b1,Tc,mc,LittC2SE,181_1b1_Tc_mc_LittC2SE,/nas/home/pcallandrone/DeepLearning/dataset/ICBHI_2017/ICBHI_final_database/181_1b1_Tc_mc_LittC2SE.wav,/nas/home/pcallandrone/DeepLearning/dataset/ICBHI_2017/ICBHI_final_database/181_1b1_Tc_mc_LittC2SE.txt,44100,20.0,0.0037281206446027055,0.04796835407614708,0.0,-7.50616038658336e-07,0.003764976715751747,0.047078099101781845,0.0,21.94113225128458,0.0614,27,0.003239161450425796,0.0032482369744625925,0.0034503147776790465,0.13709625959533106,0,0.0,0.047078099101781845,False,0.0,normal,3,14.95,1.0,0.1951657330853747,0.11638866133987057,0.8053103740287043,6.706826614659908e-06,70.43013702929919,,False,,0.004347826086956522,0.007608695652173913,0.6619565217391304,0.8293478260869566,0.40869565217391307,0.6728260869565217,0.2673913043478261,0.1108695652173913,0.7516304347826087,0.775,0.043478260869565216,0.8347826086956521,0.9206521739130434,0.5706521739130435,0.47063586956521747
181,1b2,181_1b2,Ar,mc,LittC2SE,181_1b2_Ar_mc_LittC2SE,/nas/home/pcallandrone/DeepLearning/dataset/ICBHI_2017/ICBHI_final_database/181_1b2_Ar_mc_LittC2SE.wav,/nas/home/pcallandrone/DeepLearning/dataset/ICBHI_2017/ICBHI_final_database/181_1b2_Ar_mc_LittC2SE.txt,44100,20.0,0.014369760030077738,0.11259258538484573,0.0,-7.743507921986748e-06,0.015303254368891505,0.11243186891078949,0.0,17.322112597802143,0.0433,27,0.009941707866901068,0.010242324387456668,0.012038490983065133,0.32621781436076447,0,0.0,0.11243186891078949,False,0.0,crackles,3,12.978,0.2680690399137,0.01768453290304142,0.003076303934496765,0.9823972026473968,5.777930397013654e-07,15.000838289696118,,False,,0.04782608695652174,0.04782608695652174,0.08043478260869565,0.09565217391304348,0.09130434782608696,0.09239130434782608,0.6967391304347826,0.21304347826086956,0.7516304347826087,0.08804347826086957,0.043478260869565216,0.43478260869565216,0.13260869565217392,0.95,0.1985054347826087
181,1b3,181_1b3,Tc,mc,LittC2SE,181_1b3_Tc_mc_LittC2SE,/nas/home/pcallandrone/DeepLearning/dataset/ICBHI_2017/ICBHI_final_database/181_1b3_Tc_mc_LittC2SE.wav,/nas/home/pcallandrone/DeepLearning/dataset/ICBHI_2017/ICBHI_final_database/181_1b3_Tc_mc_LittC2SE.txt,44100,20.0,0.003814587384058189,0.023783471435308456,0.0,-2.2919664388609817e-06,0.003973547766492561,0.023715438321232796,0.0,15.51705413803651,0.028016666666666665,27,0.0030778262943222186,0.003185181800448085,0.003454407541821369,0.19783754379397214,0,0.0,0.023715438321232796,False,0.0,normal,4,14.907,1.0,0.17490605615665783,0.11077321889560962,0.8252013717117394,7.047830753644241e-06,64.40274941594332,,False,,0.006521739130434782,0.005434782608695652,0.6119565217391304,0.8173913043478261,0.22826086956521738,0.6239130434782608,0.2543478260869565,0.5032608695652174,0.7516304347826087,0.6554347826086957,0.19510869565217392,0.8347826086956521,0.8945652173913043,0.7597826086956522,0.4580652173913044
182,1b1,182_1b1,Tc,sc,Meditron,182_1b1_Tc_sc_Meditron,/nas/home/pcallandrone/DeepLearning/dataset/ICBHI_2017/ICBHI_final_database/182_1b1_Tc_sc_Meditron.wav,/nas/home/pcallandrone/DeepLearning/dataset/ICBHI_2017/ICBHI_final_database/182_1b1_Tc_sc_Meditron.txt,44100,20.0,0.03976238846945221,0.27874669432640076,0.0,-0.00012120419705752283,0.03994971838200832,0.2786358892917633,0.0,16.870466621818228,0.03885,27,0.033574978995174184,0.03686504493294042,0.039491190414171366,0.07642975199058263,0,0.0,0.2786358892917633,False,0.0,crackles,6,14.921000000000001,0.4327457945177938,0.06143427503661887,0.001945058848322817,0.9389895040589881,3.366789561370587e-07,21.16764168600161,,False,,0.12065217391304348,0.14565217391304347,0.2543478260869565,0.05217391304347826,0.7934782608695652,0.25869565217391305,0.7619565217391304,0.27391304347826084,0.7516304347826087,0.6907608695652174,0.6375,0.5,0.2543478260869565,0.9010869565217391,0.40682065217391306
183,1b1,183_1b1,Pl,sc,Meditron,183_1b1_Pl_sc_Meditron,/nas/home/pcallandrone/DeepLearning/dataset/ICBHI_2017/ICBHI_final_database/183_1b1_Pl_sc_Meditron.wav,/nas/home/pcallandrone/DeepLearning/dataset/ICBHI_2017/ICBHI_final_database/183_1b1_Pl_sc_Meditron.txt,44100,20.0,0.030125551011394285,0.1297849714756012,0.0,2.4345756173715927e-05,0.029772121132931043,0.12886978685855865,0.0,12.72682662887473,0.017966666666666666,27,0.022890042105267933,0.02323153384220597,0.027954230859056784,0.16867305559975634,0,0.0,0.12886978685855865,False,0.0,crackles,3,14.964,0.44292969794172676,0.03192517161457566,0.008355568657987193,0.9681408828362765,3.1384354679187946e-07,15.054225320744626,,False,,0.0891304347826087,0.0967391304347826,0.14565217391304347,0.1826086956521739,0.3,0.15434782608695652,0.7717391304347826,0.8728260869565218,0.7516304347826087,0.871195652173913,0.043478260869565216,0.5054347826086957,0.13478260869565217,0.3967391304347826,0.34281521739130444
183,1b1,183_1b1,Tc,sc,Meditron,183_1b1_Tc_sc_Meditron,/nas/home/pcallandrone/DeepLearning/dataset/ICBHI_2017/ICBHI_final_database/183_1b1_Tc_sc_Meditron.wav,/nas/home/pcallandrone/DeepLearning/dataset/ICBHI_2017/ICBHI_final_database/183_1b1_Tc_sc_Meditron.txt,44100,20.0,0.038047545871108875,0.23773212730884552,0.0,3.1037018288770923e-07,0.03995735463790103,0.23745577037334442,0.0,15.479719969596903,0.02896666666666667,27,0.03316847136847247,0.035621282430268957,0.038450463623501394,0.09142882094039505,0,0.0,0.23745577037334442,False,0.0,normal,3,14.964,1.0,0.09578503768022645,0.02196982332108722,0.9061980131258713,2.9234969082353e-06,27.675823363177948,,False,,0.12173913043478261,0.13804347826086957,0.40217391304347827,0.4141304347826087,0.6804347826086956,0.40217391304347827,0.41195652173913044,0.4603260869565217,0.7516304347826087,0.871195652173913,0.043478260869565216,0.8347826086956521,0.44021739130434784,0.7532608695652174,0.46592934782608697
184,1b1,184_1b1,Ar,sc,Meditron,184_1b1_Ar_sc_Meditron,/nas/home/pcallandrone/DeepLearning/dataset/ICBHI_2017/ICBHI_final_database/184_1b1_Ar_sc_Meditron.wav,/nas/home/pcallandrone/DeepLearning/dataset/ICBHI_2017/ICBHI_final_database/184_1b1_Ar_sc_Meditron.txt,44100,20.0,0.04102953657595113,0.20801541209220886,0.0,-7.59783006287762e-06,0.0416289838974091,0.20782338082790375,0.0,13.96597187980458,0.03045,27,0.03609564328077321,0.03663388368102011,0.0425024183767419,0.07258643488479635,0,0.0,0.20782338082790375,False,0.0,normal,7,14.95,1.0,0.016681090592920684,0.0022362158055326837,0.9833478348813385,6.114350091218852e-08,17.24339953606907,,False,,0.1282608695652174,0.14347826086956522,0.0782608695652174,0.06304347826086956,0.8141304347826087,0.08804347826086957,0.8858695652173914,0.4217391304347826,0.7516304347826087,0.775,0.7880434782608695,0.8347826086956521,0.17065217391304346,0.5521739130434783,0.41426630434782613
185,1b1,185_1b1,Al,sc,Litt3200,185_1b1_Al_sc_Litt3200,/nas/home/pcallandrone/DeepLearning/dataset/ICBHI_2017/ICBHI_final_database/185_1b1_Al_sc_Litt3200.wav,/nas/home/pcallandrone/DeepLearning/dataset/ICBHI_2017/ICBHI_final_database/185_1b1_Al_sc_Litt3200.txt,4000,18.672,0.05169820082028931,0.9961630702018738,1.3389031705227079e-05,0.003806385211646557,0.05532619245412489,0.9961630702018738,0.0,25.107993072191633,0.1542,27,0.022920719178919618,0.029299521246760978,0.048560032213687127,0.3456180589275423,0,0.0,0.9961630702018738,False,0.0,normal,6,14.68679,1.0,0.5313194412597374,0.3798603008180642,0.4686813872934058,3.998021684455847e-09,74.5435766386202,,True,,0.1673913043478261,0.12282608695652174,0.9347826086956522,0.9760869565217392,0.07717391304347826,0.941304347826087,0.9445652173913044,0.017391304347826087,0.7516304347826087,0.5673913043478261,0.6375,0.8347826086956521,0.9326086956521739,0.20434782608695654,0.5930000000000001
185,1b1,185_1b1,Ar,sc,Litt3200,185_1b1_Ar_sc_Litt3200,/nas/home/pcallandrone/DeepLearning/dataset/ICBHI_2017/ICBHI_final_database/185_1b1_Ar_sc_Litt3200.wav,/nas/home/pcallandrone/DeepLearning/dataset/ICBHI_2017/ICBHI_final_database/185_1b1_Ar_sc_Litt3200.txt,4000,23.024,0.10837955321914768,1.0049283504486084,1.085823488533704e-05,-0.004958881996572018,0.11647540008181075,1.0049283504486084,3.3333333333333335e-05,18.718017744068348,0.06523333333333334,27,0.07053235800103233,0.0940308900877322,0.11994831962845236,0.169527781308902,0,0.00025,1.0049283504486084,False,0.0,normal,10,14.1236,1.0,0.5108575765362046,0.3926766948935397,0.4891624228659331,6.307739501054592e-10,83.33719957942225,,True,,0.4076086956521739,0.41195652173913044,0.9271739130434783,0.9793478260869565,0.29891304347826086,0.933695652173913,0.9956521739130435,0.10108695652173913,0.4722826086956522,0.3576086956521739,0.9652173913043478,0.8347826086956521,0.9467391304347826,0.9478260869565217,0.7062880434782608
185,1b1,185_1b1,Ll,sc,Litt3200,185_1b1_Ll_sc_Litt3200,/nas/home/pcallandrone/DeepLearning/dataset/ICBHI_2017/ICBHI_final_database/185_1b1_Ll_sc_Litt3200.wav,/nas/home/pcallandrone/DeepLearning/dataset/ICBHI_2017/ICBHI_final_database/185_1b1_Ll_sc_Litt3200.txt,4000,19.376,0.061232440390558494,0.9989697337150574,1.2902559867877786e-05,0.0009997270535677671,0.06301864678376735,0.9989697337150574,0.0,24.001665129652473,0.16386666666666666,27,0.035541683807719576,0.04056626763469927,0.057973526084680316,0.2718839031353533,0,0.0,0.9989697337150574,False,0.0,wheezes,9,14.37497,0.8882780277106666,0.34817501054215816,0.19379617979678726,0.6518922021955061,2.3534156982054674e-09,54.19572141206547,,False,,0.20434782608695654,0.16847826086956522,0.8347826086956521,0.9239130434782609,0.13695652173913042,0.8445652173913043,0.9554347826086956,0.011956521739130435,0.7516304347826087,0.43478260869565216,0.9353260869565218,0.6630434782608695,0.8326086956521739,0.30434782608695654,0.5704673913043479
185,1b1,185_1b1,Lr,sc,Litt3200,185_1b1_Lr_sc_Litt3200,/nas/home/pcallandrone/DeepLearning/dataset/ICBHI_2017/ICBHI_final_database/185_1b1_Lr_sc_Litt3200.wav,/nas/home/pcallandrone/DeepLearning/dataset/ICBHI_2017/ICBHI_final_database/185_1b1_Lr_sc_Litt3200.txt,4000,19.632,0.11018811647842396,0.9953091144561768,1.2734311328443357e-05,-0.004690899048000574,0.11768058374893325,0.9953091144561768,0.0,18.54506333420776,0.07233333333333333,27,0.08791001110247769,0.10467937464220739,0.11232634688139709,0.12480515042704261,0,0.0,0.9953091144561768,False,0.0,normal,6,12.1249,1.0,0.24991868592196345,0.12491220008130847,0.7502569951177968,5.991301442398082e-10,46.29088213090325,,False,,0.41304347826086957,0.45108695652173914,0.7369565217391304,0.8478260869565217,0.46304347826086956,0.7478260869565218,0.9967391304347826,0.08152173913043478,0.7516304347826087,0.05326086956521739,0.6375,0.8347826086956521,0.782608695652174,0.9565217391304348,0.6478695652173911
185,1b1,185_1b1,Pl,sc,Litt3200,185_1b1_Pl_sc_Litt3200,/nas/home/pcallandrone/DeepLearning/dataset/ICBHI_2017/ICBHI_final_database/185_1b1_Pl_sc_Litt3200.wav,/nas/home/pcallandrone/DeepLearning/dataset/ICBHI_2017/ICBHI_final_database/185_1b1_Pl_sc_Litt3200.txt,4000,18.736,0.08876494070286597,1.0011098384857178,1.334329632792485e-05,0.0011097914539277554,0.09210321166874137,1.0011098384857178,5e-05,20.724139090746693,0.08701666666666667,27,0.03629113941785189,0.0570983300366579,0.0937901358447511,0.2933487096608674,0,0.000375,1.0011098384857178,False,0.0,normal,9,14.35935,1.0,0.13282561328282377,0.0794538023925751,0.867678915796805,9.678938975685823e-10,39.75018968823714,,False,,0.31956521739130433,0.2684782608695652,0.5163043478260869,0.7576086956521739,0.11413043478260869,0.5217391304347826,0.9836956521739131,0.059782608695652176,0.4625,0.4326086956521739,0.9353260869565218,0.8347826086956521,0.6989130434782609,0.7217391304347827,0.5279456521739131
185,1b1,185_1b1,Pr,sc,Litt3200,185_1b1_Pr_sc_Litt3200,/nas/home/pcallandrone/DeepLearning/dataset/ICBHI_2017/ICBHI_final_database/185_1b1_Pr_sc_Litt3200.wav,/nas/home/pcallandrone/DeepLearning/dataset/ICBHI_2017/ICBHI_final_database/185_1b1_Pr_sc_Litt3200.txt,4000,24.24,0.11134049135811085,0.994846522808075,1.0313531353135314e-05,0.0051229591481387615,0.12145933961898552,0.994846522808075,0.0,18.266503409340945,0.05683333333333333,27,0.04649679703628144,0.0979026853259992,0.12449970137553093,0.19350103329058854,0,0.0,0.994846522808075,False,0.0,normal,9,15.0,1.0,0.18890757129655283,0.1316973495423446,0.8116553117507528,7.043650423687882e-10,38.03881249709902,,False,,0.4260869565217391,0.4260869565217391,0.65,0.8608695652173913,0.23804347826086958,0.6619565217391304,0.9934782608695653,0.1282608695652174,0.7516304347826087,0.9891304347826086,0.9353260869565218,0.8347826086956521,0.6739130434782609,0.9804347826086957,0.6778695652173915
186,2b2,186_2b2,Al,mc,AKGC417L,186_2b2_Al_mc_AKGC417L,/nas/home/pcallandrone/DeepLearning/dataset/ICBHI_2017/ICBHI_final_database/186_2b2_Al_mc_AKGC417L.wav,/nas/home/pcallandrone/DeepLearning/dataset/ICBHI_2017/ICBHI_final_database/186_2b2_Al_mc_AKGC417L.txt,44100,20.0,0.09152071488099088,0.45807746052742004,0.0,-0.00013997624046169221,0.09313917954660583,0.45668449997901917,0.0,13.80967726671955,0.029583333333333333,27,0.07652121116565273,0.07950653509291881,0.09182914529667444,0.10100374474643958,0,0.0,0.45668449997901917,False,0.0,wheezes,4,13.649,0.7112608982343029,0.0758646544693865,0.010652956620776787,0.9245883515438125,3.1997797686551496e-06,20.270132908247547,,False,,0.32608695652173914,0.3652173913043478,0.3217391304347826,0.22608695652173913,0.6097826086956522,0.3282608695652174,0.3923913043478261,0.4423913043478261,0.7516304347826087,0.22010869565217392,0.19510869565217392,0.5847826086956521,0.23043478260869565,0.5315217391304348,0.41917934782608696
186,2b2,186_2b2,Ar,mc,AKGC417L,186_2b2_Ar_mc_AKGC417L,/nas/home/pcallandrone/DeepLearning/dataset/ICBHI_2017/ICBHI_final_database/186_2b2_Ar_mc_AKGC417L.wav,/nas/home/pcallandrone/DeepLearning/dataset/ICBHI_2017/ICBHI_final_database/186_2b2_Ar_mc_AKGC417L.txt,44100,20.0,0.26412291604123056,1.0005943775177002,0.007866213151927438,-0.0005945332231931388,0.2521488592873427,1.001985788345337,0.0059,11.984091076501375,0.02808333333333333,27,0.1884209404126434,0.1975669797467124,0.24423446751123548,0.15911289820172256,0,0.02275,1.001985788345337,False,0.0,crackles,4,13.649,0.0,0.03183154876363071,0.004854013821004311,0.9683252222437437,3.471514021838545e-07,19.75838780105767,,False,,0.7467391304347826,0.7206521739130435,0.14456521739130435,0.13152173913043477,0.3358695652173913,0.15217391304347827,0.7543478260869565,0.5,0.20380434782608695,0.22010869565217392,0.19510869565217392,0.14402173913043478,0.2184782608695652,0.30217391304347824,0.4344728260869566
186,2b2,186_2b2,Lr,mc,AKGC417L,186_2b2_Lr_mc_AKGC417L,/nas/home/pcallandrone/DeepLearning/dataset/ICBHI_2017/ICBHI_final_database/186_2b2_Lr_mc_AKGC417L.wav,/nas/home/pcallandrone/DeepLearning/dataset/ICBHI_2017/ICBHI_final_database/186_2b2_Lr_mc_AKGC417L.txt,44100,20.0,0.14961889597472885,0.6035671234130859,0.0,-0.00020513719937298447,0.15231409740200677,0.6011381149291992,0.0,11.924683271823572,0.020783333333333334,27,0.11370884571990492,0.12269187904393847,0.1503898248500391,0.1379004617273905,0,0.0,0.6011381149291992,False,0.0,crackles,4,13.649,0.0,0.01499446953732794,0.006772680323174998,0.9850797404390699,1.2250451925923074e-06,13.009993491810622,,False,,0.5217391304347826,0.5108695652173914,0.06739130434782609,0.1532608695652174,0.4043478260869565,0.0782608695652174,0.5695652173913044,0.7760869565217391,0.7516304347826087,0.22010869565217392,0.19510869565217392,0.14402173913043478,0.09130434782608696,0.29456521739130437,0.3718097826086957
186,2b2,186_2b2,Pl,mc,AKGC417L,186_2b2_Pl_mc_AKGC417L,/nas/home/pcallandrone/DeepLearning/dataset/ICBHI_2017/ICBHI_final_database/186_2b2_Pl_mc_AKGC417L.wav,/nas/home/pcallandrone/DeepLearning/dataset/ICBHI_2017/ICBHI_final_database/186_2b2_Pl_mc_AKGC417L.txt,44100,20.0,0.20648045840144097,0.9994624853134155,8.843537414965987e-05,-0.0005375425098463893,0.20498487054389186,1.0003819465637207,0.0001,13.768880748583243,0.027616666666666668,27,0.161042585429166,0.18293217721728286,0.20469086896890912,0.09268683632817999,0,0.00075,1.0003819465637207,False,0.0,crackles,4,13.649,0.0,0.10078716015507792,0.04206220292018739,0.9001454929994263,7.231040914352039e-06,24.151326759364775,,False,,0.6413043478260869,0.683695652173913,0.41630434782608694,0.6086956521739131,0.6695652173913044,0.41739130434782606,0.25,0.5173913043478261,0.4451086956521739,0.22010869565217392,0.19510869565217392,0.14402173913043478,0.34347826086956523,0.5260869565217391,0.5278532608695652
186,2b2,186_2b2,Pr,mc,AKGC417L,186_2b2_Pr_mc_AKGC417L,/nas/home/pcallandrone/DeepLearning/dataset/ICBHI_2017/ICBHI_final_database/186_2b2_Pr_mc_AKGC417L.wav,/nas/home/pcallandrone/DeepLearning/dataset/ICBHI_2017/ICBHI_final_database/186_2b2_Pr_mc_AKGC417L.txt,44100,20.0,0.13488638302214043,0.656656801700592,0.0,-0.00038831171696074307,0.13067488465356586,0.6441541314125061,0.0,13.855953416416835,0.028166666666666666,27,0.11412133917548055,0.11535415559206375,0.13137008549348533,0.09892402043713863,0,0.0,0.6441541314125061,False,0.0,crackles,4,13.649,0.0,0.09131965841481739,0.03465509087283978,0.9108268228237996,1.4811453647344295e-05,20.203030158345552,,False,,0.45652173913043476,0.4923913043478261,0.38369565217391305,0.5532608695652174,0.6260869565217392,0.3804347826086957,0.15978260869565217,0.49782608695652175,0.7516304347826087,0.22010869565217392,0.19510869565217392,0.14402173913043478,0.22826086956521738,0.5358695652173913,0.4513858695652175
186,2b2,186_2b2,Tc,mc,AKGC417L,186_2b2_Tc_mc_AKGC417L,/nas/home/pcallandrone/DeepLearning/dataset/ICBHI_2017/ICBHI_final_database/186_2b2_Tc_mc_AKGC417L.wav,/nas/home/pcallandrone/DeepLearning/dataset/ICBHI_2017/ICBHI_final_database/186_2b2_Tc_mc_AKGC417L.txt,44100,20.0,0.1650339933594347,1.000072717666626,0.0079297052154195,-7.288442429853603e-05,0.16809050667976916,1.03465735912323,0.005716666666666667,15.78506729031987,0.048883333333333334,27,0.09129313289416911,0.11283338280561357,0.16405177876066554,0.2229763009519335,0,0.017875,1.03465735912323,False,0.0,normal,4,13.649,1.0,0.597983753688764,0.13921536201657553,0.40242402844651565,5.196494899250472e-06,67.05556913389405,,False,,0.5434782608695652,0.4782608695652174,0.9586956521739131,0.8728260869565218,0.18804347826086956,0.9608695652173913,0.30869565217391304,0.16521739130434782,0.20869565217391303,0.22010869565217392,0.19510869565217392,0.8347826086956521,0.908695652173913,0.7934782608695652,0.6340434782608697
186,2b3,186_2b3,Al,mc,AKGC417L,186_2b3_Al_mc_AKGC417L,/nas/home/pcallandrone/DeepLearning/dataset/ICBHI_2017/ICBHI_final_database/186_2b3_Al_mc_AKGC417L.wav,/nas/home/pcallandrone/DeepLearning/dataset/ICBHI_2017/ICBHI_final_database/186_2b3_Al_mc_AKGC417L.txt,44100,20.0,0.08749153416918226,0.4788179099559784,0.0,-9.296198550146073e-05,0.08739922711399294,0.47730231285095215,0.0,14.74571892421948,0.034466666666666666,27,0.07111074564897069,0.07936793984284034,0.08704224960203927,0.09410970850413974,0,0.0,0.47730231285095215,False,0.0,normal,4,14.113,1.0,0.10194348386221944,0.015507046378615174,0.8983107643090869,3.3276713776522045e-06,22.934436351503795,,False,,0.3,0.3641304347826087,0.41956521739130437,0.30434782608695654,0.658695652173913,0.42282608695652174,0.38369565217391305,0.34347826086956523,0.7516304347826087,0.3467391304347826,0.19510869565217392,0.8347826086956521,0.3032608695652174,0.6608695652173913,0.47675
186,2b3,186_2b3,Ar,mc,AKGC417L,186_2b3_Ar_mc_AKGC417L,/nas/home/pcallandrone/DeepLearning/dataset/ICBHI_2017/ICBHI_final_database/186_2b3_Ar_mc_AKGC417L.wav,/nas/home/pcallandrone/DeepLearning/dataset/ICBHI_2017/ICBHI_final_database/186_2b3_Ar_mc_AKGC417L.txt,44100,20.0,0.24793815791873258,1.0004994869232178,0.004142857142857143,-0.0004995916387997568,0.2528417180022028,1.0019731521606445,0.005066666666666666,11.960147040197722,0.026766666666666668,27,0.182871428975506,0.19970777796296768,0.24593171729861477,0.1570861469779885,0,0.022875,1.0019731521606445,False,0.0,crackles,4,14.113,0.2598313611563806,0.041328003980329035,0.008013195889920543,0.9587766389783285,4.2583690859939314e-07,23.4091522714557,,False,,0.7489130434782608,0.7271739130434782,0.18478260869565216,0.17282608695652174,0.34347826086956523,0.19130434782608696,0.7369565217391304,0.5532608695652174,0.21793478260869564,0.3467391304347826,0.19510869565217392,0.4326086956521739,0.31630434782608696,0.3010869565217391,0.48582608695652174
186,2b3,186_2b3,Lr,mc,AKGC417L,186_2b3_Lr_mc_AKGC417L,/nas/home/pcallandrone/DeepLearning/dataset/ICBHI_2017/ICBHI_final_database/186_2b3_Lr_mc_AKGC417L.wav,/nas/home/pcallandrone/DeepLearning/dataset/ICBHI_2017/ICBHI_final_database/186_2b3_Lr_mc_AKGC417L.txt,44100,20.0,0.16178184986508876,0.5986266732215881,0.0,4.931083458359353e-05,0.1624075330003285,0.5970454216003418,0.0,11.3080240535276,0.019766666666666665,27,0.13490109398785097,0.14315441764617887,0.16500274971725434,0.0864442890618724,0,0.0,0.5970454216003418,False,0.0,crackles,4,14.113,0.0,0.015682226604379988,0.007352980540951989,0.9844797403240314,1.164588088648521e-06,12.416476359473668,,False,,0.532608695652174,0.5695652173913044,0.07282608695652174,0.1608695652173913,0.7195652173913043,0.08260869565217391,0.5836956521739131,0.8125,0.7516304347826087,0.3467391304347826,0.19510869565217392,0.14402173913043478,0.0782608695652174,0.23369565217391305,0.4266467391304348
186,2b3,186_2b3,Pl,mc,AKGC417L,186_2b3_Pl_mc_AKGC417L,/nas/home/pcallandrone/DeepLearning/dataset/ICBHI_2017/ICBHI_final_database/186_2b3_Pl_mc_AKGC417L.wav,/nas/home/pcallandrone/DeepLearning/dataset/ICBHI_2017/ICBHI_final_database/186_2b3_Pl_mc_AKGC417L.txt,44100,20.0,0.2030504780052962,0.8945402503013611,0.0,0.00017687486251816154,0.2034586806279737,0.8886812329292297,0.0,12.805395695509832,0.024666666666666667,27,0.15116339444037044,0.18004689786727457,0.20593810920613018,0.11289552195488946,0,0.0,0.8886812329292297,False,0.0,crackles,4,14.113,0.0,0.12796042980329855,0.054294178781923566,0.8726917258366057,7.12517244251324e-06,27.98825345467049,,False,,0.6369565217391304,0.6771739130434783,0.5021739130434782,0.6760869565217391,0.5260869565217391,0.5054347826086957,0.25217391304347825,0.6233695652173913,0.7516304347826087,0.3467391304347826,0.19510869565217392,0.14402173913043478,0.45217391304347826,0.4032608695652174,0.561461956521739
186,2b3,186_2b3,Pr,mc,AKGC417L,186_2b3_Pr_mc_AKGC417L,/nas/home/pcallandrone/DeepLearning/dataset/ICBHI_2017/ICBHI_final_database/186_2b3_Pr_mc_AKGC417L.wav,/nas/home/pcallandrone/DeepLearning/dataset/ICBHI_2017/ICBHI_final_database/186_2b3_Pr_mc_AKGC417L.txt,44100,20.0,0.1264270269700198,0.6762505769729614,0.0,0.00010693637887015939,0.12641679976999587,0.616838812828064,0.0,13.767338005989107,0.028316666666666667,27,0.10145013318903584,0.11099570191819674,0.1261971655061136,0.10634269099301219,0,0.0,0.616838812828064,False,0.0,crackles,4,14.113,0.0,0.11398813804102077,0.04140103541220613,0.886861288063087,1.5171832789600287e-05,22.342716723235533,,False,,0.4380434782608696,0.4706521739130435,0.4641304347826087,0.6,0.5673913043478261,0.4641304347826087,0.15760869565217392,0.4885869565217391,0.7516304347826087,0.3467391304347826,0.19510869565217392,0.14402173913043478,0.29130434782608694,0.525,0.4717228260869566
186,2b3,186_2b3,Tc,mc,AKGC417L,186_2b3_Tc_mc_AKGC417L,/nas/home/pcallandrone/DeepLearning/dataset/ICBHI_2017/ICBHI_final_database/186_2b3_Tc_mc_AKGC417L.wav,/nas/home/pcallandrone/DeepLearning/dataset/ICBHI_2017/ICBHI_final_database/186_2b3_Tc_mc_AKGC417L.txt,44100,20.0,0.14440118664587318,1.0000369548797607,0.0025963718820861677,-3.708390795509331e-05,0.14372621514910466,1.010299563407898,0.002116666666666667,16.938283517730245,0.04641666666666667,27,0.09635327436449079,0.10158081106749664,0.13304214256810065,0.23423181216901987,0,0.0095,1.010299563407898,False,0.0,normal,4,14.113,1.0,0.2852283020534077,0.041206798146351684,0.7152517698562442,1.5068640433742465e-06,40.847216803255115,,False,,0.5,0.44130434782608696,0.7793478260869565,0.5978260869565217,0.17608695652173914,0.7923913043478261,0.533695652173913,0.1793478260869565,0.2940217391304348,0.3467391304347826,0.19510869565217392,0.8347826086956521,0.7119565217391305,0.9032608695652173,0.5824891304347828
186,2b4,186_2b4,Al,mc,AKGC417L,186_2b4_Al_mc_AKGC417L,/nas/home/pcallandrone/DeepLearning/dataset/ICBHI_2017/ICBHI_final_database/186_2b4_Al_mc_AKGC417L.wav,/nas/home/pcallandrone/DeepLearning/dataset/ICBHI_2017/ICBHI_final_database/186_2b4_Al_mc_AKGC417L.txt,44100,20.0,0.2777662951517772,1.0008004903793335,0.004660997732426304,-0.0008005771087482572,0.2812426774537124,1.004185438156128,0.0041,11.054653907148408,0.023783333333333333,27,0.2348488431644833,0.24432850795377936,0.26659575713565226,0.11803355635760765,0,0.01975,1.004185438156128,False,0.0,crackles,4,13.815,0.29127759681505605,0.11956550835062262,0.016773589519267693,0.8819760899259619,4.341261632361527e-06,24.443462417087805,,False,,0.8010869565217391,0.8173913043478261,0.47934782608695653,0.33043478260869563,0.49782608695652175,0.48043478260869565,0.3391304347826087,0.6597826086956522,0.24239130434782608,0.2548913043478261,0.19510869565217392,0.45054347826086955,0.3521739130434783,0.21630434782608696,0.5763152173913042
186,2b4,186_2b4,Ar,mc,AKGC417L,186_2b4_Ar_mc_AKGC417L,/nas/home/pcallandrone/DeepLearning/dataset/ICBHI_2017/ICBHI_final_database/186_2b4_Ar_mc_AKGC417L.wav,/nas/home/pcallandrone/DeepLearning/dataset/ICBHI_2017/ICBHI_final_database/186_2b4_Ar_mc_AKGC417L.txt,44100,20.0,0.27025138369675844,1.0000079870224,0.005277777777777778,-8.142103979480453e-06,0.27686450016612435,1.0029523372650146,0.0069166666666666664,11.180260419333338,0.023,27,0.20163458844194848,0.2271525806552529,0.2624993959159773,0.13444619878144884,0,0.033,1.0029523372650146,False,0.0,crackles,4,13.815,0.0,0.054747494564683453,0.005972525052093651,0.9454883920621556,3.5305958025219704e-07,23.429197926082605,,False,,0.7934782608695652,0.7902173913043479,0.23804347826086958,0.14456521739130435,0.41956521739130437,0.24130434782608695,0.75,0.6923913043478261,0.1956521739130435,0.2548913043478261,0.19510869565217392,0.14402173913043478,0.3184782608695652,0.22065217391304348,0.4961956521739131
186,2b4,186_2b4,Lr,mc,AKGC417L,186_2b4_Lr_mc_AKGC417L,/nas/home/pcallandrone/DeepLearning/dataset/ICBHI_2017/ICBHI_final_database/186_2b4_Lr_mc_AKGC417L.wav,/nas/home/pcallandrone/DeepLearning/dataset/ICBHI_2017/ICBHI_final_database/186_2b4_Lr_mc_AKGC417L.txt,44100,20.0,0.19560136054073857,0.818466305732727,0.0,-0.0001424841902917251,0.2015150013302778,0.8151960968971252,0.0,12.139094193217463,0.02205,27,0.1502638988522118,0.16343697616131006,0.19644306552337465,0.14061923249752487,0,0.0,0.8151960968971252,False,0.0,crackles,4,13.815,0.0,0.009394312305750914,0.004341216321694057,0.9907074546944247,7.760362452913277e-07,13.618293892071653,,False,,0.6282608695652174,0.6206521739130435,0.034782608695652174,0.12173913043478261,0.3923913043478261,0.043478260869565216,0.6532608695652173,0.7228260869565217,0.7516304347826087,0.2548913043478261,0.19510869565217392,0.14402173913043478,0.10652173913043478,0.31956521739130433,0.40053804347826094
186,2b4,186_2b4,Pl,mc,AKGC417L,186_2b4_Pl_mc_AKGC417L,/nas/home/pcallandrone/DeepLearning/dataset/ICBHI_2017/ICBHI_final_database/186_2b4_Pl_mc_AKGC417L.wav,/nas/home/pcallandrone/DeepLearning/dataset/ICBHI_2017/ICBHI_final_database/186_2b4_Pl_mc_AKGC417L.txt,44100,20.0,0.23255939455923685,1.0005799531936646,0.00027551020408163264,-0.0005801061633974314,0.23320608526368955,1.0027037858963013,0.00031666666666666665,12.66865551666291,0.02375,27,0.19643174569187505,0.20329070443209432,0.23324907568720016,0.0928234151392452,0,0.002375,1.0027037858963013,False,0.0,crackles,4,13.815,0.29127759681505605,0.10720767136719098,0.03966457135842788,0.89398308232437,5.9250879204291565e-06,26.189948235471846,,False,,0.7076086956521739,0.7369565217391304,0.44456521739130433,0.5880434782608696,0.6663043478260869,0.44130434782608696,0.28695652173913044,0.6608695652173913,0.4027173913043478,0.2548913043478261,0.19510869565217392,0.45054347826086955,0.3978260869565217,0.38913043478260867,0.5846141304347825
186,2b4,186_2b4,Pr,mc,AKGC417L,186_2b4_Pr_mc_AKGC417L,/nas/home/pcallandrone/DeepLearning/dataset/ICBHI_2017/ICBHI_final_database/186_2b4_Pr_mc_AKGC417L.wav,/nas/home/pcallandrone/DeepLearning/dataset/ICBHI_2017/ICBHI_final_database/186_2b4_Pr_mc_AKGC417L.txt,44100,20.0,0.14600226241169234,0.6423457860946655,0.0,-0.0006062011234462261,0.14353547026215557,0.6371228694915771,0.0,12.945279150538564,0.025133333333333334,27,0.12042246314331981,0.12554615823943494,0.1446044312534999,0.08318466916646299,0,0.0,0.6371228694915771,False,0.0,crackles,4,13.815,0.0,0.12048835145289005,0.030432397195922282,0.8804061818924953,1.667938581931936e-05,23.21989568733035,,False,,0.4989130434782609,0.5217391304347826,0.48043478260869565,0.5184782608695652,0.7532608695652174,0.4826086956521739,0.15108695652173912,0.6,0.7516304347826087,0.2548913043478261,0.19510869565217392,0.14402173913043478,0.3119565217391304,0.4282608695652174,0.5023315217391305
186,2b4,186_2b4,Tc,mc,AKGC417L,186_2b4_Tc_mc_AKGC417L,/nas/home/pcallandrone/DeepLearning/dataset/ICBHI_2017/ICBHI_final_database/186_2b4_Tc_mc_AKGC417L.wav,/nas/home/pcallandrone/DeepLearning/dataset/ICBHI_2017/ICBHI_final_database/186_2b4_Tc_mc_AKGC417L.txt,44100,20.0,0.17012512873397254,1.000300407409668,0.008360544217687074,-0.0003005322068929672,0.1574524045995436,1.032758116722107,0.005116666666666667,16.336986381831096,0.0451,27,0.10220516977330285,0.10332132300975974,0.15316594476663278,0.20406443163697474,0,0.0145,1.032758116722107,False,0.0,normal,4,13.815,1.0,0.30570020523490105,0.04898042230100552,0.6944925470139092,1.8829021456729449e-06,43.114383453165836,,False,,0.5228260869565218,0.4467391304347826,0.8,0.6554347826086957,0.21521739130434783,0.8119565217391305,0.4923913043478261,0.1956521739130435,0.21630434782608696,0.2548913043478261,0.19510869565217392,0.8347826086956521,0.7423913043478261,0.842391304347826,0.5886304347826089
186,3b3,186_3b3,Al,mc,AKGC417L,186_3b3_Al_mc_AKGC417L,/nas/home/pcallandrone/DeepLearning/dataset/ICBHI_2017/ICBHI_final_database/186_3b3_Al_mc_AKGC417L.wav,/nas/home/pcallandrone/DeepLearning/dataset/ICBHI_2017/ICBHI_final_database/186_3b3_Al_mc_AKGC417L.txt,44100,20.0,0.23596915533846297,1.0001540184020996,0.0007233560090702947,0.00015396038361359388,0.2365258041709935,1.0006366968154907,0.00095,12.527957960228463,0.024316666666666667,27,0.18351253736886547,0.19894901475884888,0.24420620408019433,0.12351485147909054,0,0.0055,1.0006366968154907,False,0.0,crackles,4,13.875,0.7571891891891892,0.041872776774811,0.0044142402363967475,0.9581663649296835,9.114474732228072e-07,23.127241564557867,,False,,0.7108695652173913,0.7239130434782609,0.1858695652173913,0.12391304347826088,0.46956521739130436,0.1923913043478261,0.6282608695652174,0.6423913043478261,0.34456521739130436,0.2733695652173913,0.19510869565217392,0.6168478260869565,0.30869565217391304,0.3695652173913043,0.5002826086956522
186,3b3,186_3b3,Ar,mc,AKGC417L,186_3b3_Ar_mc_AKGC417L,/nas/home/pcallandrone/DeepLearning/dataset/ICBHI_2017/ICBHI_final_database/186_3b3_Ar_mc_AKGC417L.wav,/nas/home/pcallandrone/DeepLearning/dataset/ICBHI_2017/ICBHI_final_database/186_3b3_Ar_mc_AKGC417L.txt,44100,20.0,0.25959721843472805,0.9997971057891846,0.0003514739229024943,-0.00020288032828830183,0.2592660206508842,1.0004968643188477,0.00035,11.729402594339698,0.021633333333333334,27,0.2280172108372204,0.23542558665900515,0.26092892727052786,0.07047198538047622,0,0.002625,1.0004968643188477,False,0.0,crackles,4,13.875,0.7571891891891892,0.032047447844448004,0.002943146604420748,0.9680957206574177,1.5701069475062665e-07,18.159536891567228,,False,,0.7673913043478261,0.8076086956521739,0.14673913043478262,0.09021739130434783,0.8315217391304348,0.15543478260869564,0.8315217391304348,0.7423913043478261,0.39945652173913043,0.2733695652173913,0.19510869565217392,0.6168478260869565,0.18369565217391304,0.2684782608695652,0.5622445652173913
186,3b3,186_3b3,Lr,mc,AKGC417L,186_3b3_Lr_mc_AKGC417L,/nas/home/pcallandrone/DeepLearning/dataset/ICBHI_2017/ICBHI_final_database/186_3b3_Lr_mc_AKGC417L.wav,/nas/home/pcallandrone/DeepLearning/dataset/ICBHI_2017/ICBHI_final_database/186_3b3_Lr_mc_AKGC417L.txt,44100,20.0,0.20611264796969164,0.8312339186668396,0.0,-0.00045426737051457167,0.20298304543136983,0.7807046175003052,0.0,11.700539674018886,0.023983333333333332,27,0.17158700388690426,0.18107645286463117,0.19834271673696746,0.11557686213138145,0,0.0,0.7807046175003052,False,0.0,normal,4,13.875,1.0,0.0040004615547626745,0.0014375942908072476,0.9960447867147463,4.484854760689545e-07,11.996336613353877,,False,,0.6347826086956522,0.6782608695652174,0.014130434782608696,0.035869565217391305,0.508695652173913,0.014130434782608696,0.7326086956521739,0.6527173913043478,0.7516304347826087,0.2733695652173913,0.19510869565217392,0.8347826086956521,0.06956521739130435,0.26413043478260867,0.46677173913043485
186,3b3,186_3b3,Pl,mc,AKGC417L,186_3b3_Pl_mc_AKGC417L,/nas/home/pcallandrone/DeepLearning/dataset/ICBHI_2017/ICBHI_final_database/186_3b3_Pl_mc_AKGC417L.wav,/nas/home/pcallandrone/DeepLearning/dataset/ICBHI_2017/ICBHI_final_database/186_3b3_Pl_mc_AKGC417L.txt,44100,20.0,0.2816806791449286,1.0002217292785645,0.0018049886621315193,0.00022170065494719893,0.2762107718297015,1.0042436122894287,0.0013166666666666667,11.211969327732664,0.021166666666666667,27,0.22274034383515703,0.2425383074933994,0.2864224633321346,0.09384601343931916,0,0.00525,1.0042436122894287,False,0.0,crackles,4,13.875,0.0,0.0716889289513065,0.03964779525156125,0.9285755485412552,4.313824657491304e-06,23.83057121950491,,False,,0.7913043478260869,0.8141304347826087,0.3032608695652174,0.5869565217391305,0.6619565217391304,0.30978260869565216,0.3402173913043478,0.7532608695652174,0.3342391304347826,0.2733695652173913,0.19510869565217392,0.14402173913043478,0.3293478260869565,0.225,0.5551358695652174
186,3b3,186_3b3,Pr,mc,AKGC417L,186_3b3_Pr_mc_AKGC417L,/nas/home/pcallandrone/DeepLearning/dataset/ICBHI_2017/ICBHI_final_database/186_3b3_Pr_mc_AKGC417L.wav,/nas/home/pcallandrone/DeepLearning/dataset/ICBHI_2017/ICBHI_final_database/186_3b3_Pr_mc_AKGC417L.txt,44100,20.0,0.13145673341453942,0.5735917687416077,0.0,4.494214863370871e-06,0.13191363505335607,0.5681341290473938,0.0,12.683223813658039,0.023866666666666668,27,0.11794981436769063,0.12123190892985075,0.13422821783396646,0.0717051286395267,0,0.0,0.5681341290473938,False,0.0,normal,4,13.875,1.0,0.07301701098501226,0.031701469928082884,0.9277416720484568,1.3968440501169746e-05,19.225373545520632,,False,,0.4608695652173913,0.5076086956521739,0.30978260869565216,0.5282608695652173,0.8217391304347826,0.3130434782608696,0.16521739130434782,0.657608695652174,0.7516304347826087,0.2733695652173913,0.19510869565217392,0.8347826086956521,0.20326086956521738,0.391304347826087,0.5195163043478261
186,3b3,186_3b3,Tc,mc,AKGC417L,186_3b3_Tc_mc_AKGC417L,/nas/home/pcallandrone/DeepLearning/dataset/ICBHI_2017/ICBHI_final_database/186_3b3_Tc_mc_AKGC417L.wav,/nas/home/pcallandrone/DeepLearning/dataset/ICBHI_2017/ICBHI_final_database/186_3b3_Tc_mc_AKGC417L.txt,44100,20.0,0.22223512039401574,1.0000227689743042,0.008770975056689343,-2.291858800163027e-05,0.2321480754210009,1.0312541723251343,0.008016666666666667,12.952012617866288,0.028583333333333332,27,0.1728554001120487,0.17637374854636798,0.23910183583569594,0.15491560065505244,0,0.0225,1.0312541723251343,False,0.0,normal,4,13.875,1.0,0.2902595049814158,0.04534527388493069,0.7112271441668125,2.4410090926103516e-06,42.687542382308,,False,,0.7043478260869566,0.6673913043478261,0.7847826086956522,0.6369565217391304,0.35108695652173916,0.7967391304347826,0.44456521739130433,0.47934782608695653,0.17173913043478262,0.2733695652173913,0.19510869565217392,0.8347826086956521,0.7358695652173913,0.43043478260869567,0.6625217391304349
187,1b1,187_1b1,Ll,sc,Meditron,187_1b1_Ll_sc_Meditron,/nas/home/pcallandrone/DeepLearning/dataset/ICBHI_2017/ICBHI_final_database/187_1b1_Ll_sc_Meditron.wav,/nas/home/pcallandrone/DeepLearning/dataset/ICBHI_2017/ICBHI_final_database/187_1b1_Ll_sc_Meditron.txt,44100,20.0,0.1602977291485876,0.9042791128158569,0.0,-1.2728961337415967e-05,0.18217792145601608,0.903907835483551,0.0,13.912568162249297,0.03286666666666667,27,0.07102865968945504,0.07733937416231777,0.2079549545704785,0.40769595953773147,0,0.0,0.903907835483551,False,0.0,normal,14,14.721,1.0,0.0024576508905181102,0.0009277461280461721,0.9975747550803061,9.413217130568138e-08,7.468577930549546,,False,,0.5771739130434783,0.35434782608695653,0.007608695652173913,0.017391304347826087,0.0391304347826087,0.007608695652173913,0.8673913043478261,0.37282608695652175,0.7516304347826087,0.5842391304347826,0.996195652173913,0.8347826086956521,0.017391304347826087,0.5413043478260869,0.3989184782608697
188,1b1,188_1b1,Al,sc,Meditron,188_1b1_Al_sc_Meditron,/nas/home/pcallandrone/DeepLearning/dataset/ICBHI_2017/ICBHI_final_database/188_1b1_Al_sc_Meditron.wav,/nas/home/pcallandrone/DeepLearning/dataset/ICBHI_2017/ICBHI_final_database/188_1b1_Al_sc_Meditron.txt,44100,20.0,0.04974562183310675,0.3288853168487549,0.0,-5.84185472689569e-05,0.050546993951222044,0.3288174867630005,0.0,16.26519143387974,0.03278333333333333,27,0.04438175078237314,0.04546077785328113,0.049432370016558036,0.08385634822372316,0,0.0,0.3288174867630005,False,0.0,normal,11,14.964,1.0,0.31986593691227705,0.025365501393942856,0.6835089171692145,7.12662364074262e-08,35.32228834048926,,False,,0.1532608695652174,0.18804347826086956,0.8141304347826087,0.46847826086956523,0.75,0.8195652173913044,0.8804347826086957,0.375,0.7516304347826087,0.871195652173913,0.9820652173913044,0.8347826086956521,0.6184782608695653,0.8358695652173913,0.6491250000000001
188,1b1,188_1b1,Ar,sc,Meditron,188_1b1_Ar_sc_Meditron,/nas/home/pcallandrone/DeepLearning/dataset/ICBHI_2017/ICBHI_final_database/188_1b1_Ar_sc_Meditron.wav,/nas/home/pcallandrone/DeepLearning/dataset/ICBHI_2017/ICBHI_final_database/188_1b1_Ar_sc_Meditron.txt,44100,20.0,0.06617264547832354,0.3796638548374176,0.0,0.00015791899932082742,0.06697183805020576,0.37960579991340637,0.0,15.068812405656221,0.028316666666666667,27,0.05573484491708596,0.05745284162577958,0.06944591047300848,0.08787862700241834,0,0.0,0.37960579991340637,False,0.0,normal,13,14.964,1.0,0.06243381595851035,0.011009257661873585,0.9377648560180627,1.1697309805246309e-07,18.723044671638284,,False,,0.21521739130434783,0.26956521739130435,0.2576086956521739,0.23369565217391305,0.7065217391304348,0.26304347826086955,0.8543478260869565,0.4885869565217391,0.7516304347826087,0.871195652173913,0.9923913043478261,0.8347826086956521,0.1923913043478261,0.6956521739130435,0.5091032608695653
188,1b1,188_1b1,Pl,sc,Meditron,188_1b1_Pl_sc_Meditron,/nas/home/pcallandrone/DeepLearning/dataset/ICBHI_2017/ICBHI_final_database/188_1b1_Pl_sc_Meditron.wav,/nas/home/pcallandrone/DeepLearning/dataset/ICBHI_2017/ICBHI_final_database/188_1b1_Pl_sc_Meditron.txt,44100,20.0,0.08508367959321801,0.38133424520492554,0.0,0.0002880700340028852,0.08954948898858041,0.38125208020210266,0.0,12.582982191729137,0.016933333333333335,27,0.06661212721723794,0.06974358559933828,0.09077811038808,0.1608440716079865,0,0.0,0.38125208020210266,False,0.0,normal,12,14.95,1.0,0.017629800233859502,0.008041840686011627,0.9823735785319655,9.725777730252633e-09,12.853143708683982,,False,,0.30978260869565216,0.31956521739130433,0.07934782608695652,0.17391304347826086,0.3293478260869565,0.09347826086956522,0.9315217391304348,0.907608695652174,0.7516304347826087,0.775,0.9875,0.8347826086956521,0.08695652173913043,0.3804347826086957,0.4582173913043479
188,1b1,188_1b1,Tc,sc,Meditron,188_1b1_Tc_sc_Meditron,/nas/home/pcallandrone/DeepLearning/dataset/ICBHI_2017/ICBHI_final_database/188_1b1_Tc_sc_Meditron.wav,/nas/home/pcallandrone/DeepLearning/dataset/ICBHI_2017/ICBHI_final_database/188_1b1_Tc_sc_Meditron.txt,44100,20.0,0.04424329595451413,0.38116592168807983,0.0,-5.9552505263127387e-05,0.042755057585740636,0.3810443580150604,0.0,18.99976077686341,0.0501,27,0.03680493181663243,0.037877232203376285,0.04368205518338672,0.07988507675603924,0,0.0,0.3810443580150604,False,0.0,normal,12,14.978,1.0,0.04955740271083602,0.017489288278048857,0.9504530986908115,2.9075008396085688e-05,29.41205095577096,,False,,0.13478260869565217,0.15108695652173912,0.2141304347826087,0.34130434782608693,0.7804347826086957,0.2217391304347826,0.11413043478260869,0.15217391304347827,0.7516304347826087,0.9304347826086956,0.9875,0.8347826086956521,0.4891304347826087,0.9054347826086957,0.43238043478260874
189,1b2,189_1b2,Lr,mc,LittC2SE,189_1b2_Lr_mc_LittC2SE,/nas/home/pcallandrone/DeepLearning/dataset/ICBHI_2017/ICBHI_final_database/189_1b2_Lr_mc_LittC2SE.wav,/nas/home/pcallandrone/DeepLearning/dataset/ICBHI_2017/ICBHI_final_database/189_1b2_Lr_mc_LittC2SE.txt,44100,20.0,0.003950984147873214,0.020045090466737747,0.0,-1.0239207313134102e-06,0.003976048712111344,0.01998164877295494,0.0,14.023592270184828,0.021266666666666666,27,0.0035745024991332176,0.0037157324043965686,0.003951509560513924,0.04731270984022678,0,0.0,0.01998164877295494,False,0.0,crackles,4,14.978,0.35912671918814254,0.09268835475523199,0.011682490858142712,0.9073521422189135,3.3052892846186775e-06,23.19738759566155,,False,,0.007608695652173913,0.011956521739130435,0.38913043478260867,0.24456521739130435,0.9717391304347827,0.39456521739130435,0.3858695652173913,0.7510869565217392,0.7516304347826087,0.9304347826086956,0.19510869565217392,0.47934782608695653,0.3108695652173913,0.5597826086956522,0.4268478260869566
190,1b1,190_1b1,Tc,sc,Meditron,190_1b1_Tc_sc_Meditron,/nas/home/pcallandrone/DeepLearning/dataset/ICBHI_2017/ICBHI_final_database/190_1b1_Tc_sc_Meditron.wav,/nas/home/pcallandrone/DeepLearning/dataset/ICBHI_2017/ICBHI_final_database/190_1b1_Tc_sc_Meditron.txt,44100,20.0,0.05079844378168909,0.3349916934967041,0.0,-6.068984657758847e-05,0.05106136605854877,0.29331174492836,0.0,15.184740465657141,0.0385,27,0.0435271306362022,0.046114793719021975,0.05155940943012045,0.07325921261601999,0,0.0,0.29331174492836,False,0.0,normal,4,14.963999999999999,1.0,0.029066054417525664,0.0017731441550512595,0.9709607545325013,1.0740401481686821e-07,17.72392194666053,,False,,0.15543478260869564,0.1956521739130435,0.13043478260869565,0.04891304347826087,0.8119565217391305,0.13695652173913042,0.8586956521739131,0.28097826086956523,0.7516304347826087,0.845108695652174,0.19510869565217392,0.8347826086956521,0.175,0.7119565217391305,0.4187717391304348
191,2b1,191_2b1,Pl,mc,LittC2SE,191_2b1_Pl_mc_LittC2SE,/nas/home/pcallandrone/DeepLearning/dataset/ICBHI_2017/ICBHI_final_database/191_2b1_Pl_mc_LittC2SE.wav,/nas/home/pcallandrone/DeepLearning/dataset/ICBHI_2017/ICBHI_final_database/191_2b1_Pl_mc_LittC2SE.txt,44100,20.0,0.06148149000349305,0.3037322163581848,0.0,-0.00022918758622836322,0.06418387924557035,0.3035682439804077,0.0,13.496607512399168,0.021933333333333332,27,0.04806809122262049,0.05035638984311256,0.056939340611250146,0.17757834248794113,0,0.0,0.3035682439804077,False,0.0,normal,6,14.950000000000001,1.0,0.007042898393236445,0.002127339254577366,0.9929616056503429,2.7560050419453633e-08,9.389653393997305,,False,,0.20869565217391303,0.22608695652173913,0.021739130434782608,0.059782608695652176,0.2782608695652174,0.02391304347826087,0.9141304347826087,0.7293478260869565,0.7516304347826087,0.7880434782608695,0.6375,0.8347826086956521,0.02826086956521739,0.4902173913043478,0.3802065217391305
191,2b1,191_2b1,Pr,mc,LittC2SE,191_2b1_Pr_mc_LittC2SE,/nas/home/pcallandrone/DeepLearning/dataset/ICBHI_2017/ICBHI_final_database/191_2b1_Pr_mc_LittC2SE.wav,/nas/home/pcallandrone/DeepLearning/dataset/ICBHI_2017/ICBHI_final_database/191_2b1_Pr_mc_LittC2SE.txt,44100,20.0,0.048482649541852066,0.2270212471485138,0.0,-0.00024035797105170786,0.048616407401843934,0.22690878808498383,0.0,13.381369053123342,0.019633333333333332,27,0.037954659281606094,0.04008320067917063,0.04621728528618395,0.133803900701233,0,0.0,0.22690878808498383,False,0.0,normal,6,14.978000000000002,1.0,0.0073070858884907676,0.0016466615113189895,0.9927221657463821,2.0217343987435125e-08,10.326483086097014,,False,,0.14565217391304347,0.1641304347826087,0.02391304347826087,0.043478260869565216,0.42282608695652174,0.02608695652173913,0.9239130434782609,0.8190217391304347,0.7516304347826087,0.9521739130434783,0.6375,0.8347826086956521,0.042391304347826085,0.48043478260869565,0.39138586956521737
191,2b2,191_2b2,Tc,mc,LittC2SE,191_2b2_Tc_mc_LittC2SE,/nas/home/pcallandrone/DeepLearning/dataset/ICBHI_2017/ICBHI_final_database/191_2b2_Tc_mc_LittC2SE.wav,/nas/home/pcallandrone/DeepLearning/dataset/ICBHI_2017/ICBHI_final_database/191_2b2_Tc_mc_LittC2SE.txt,44100,20.0,0.07112526786517841,0.4156656563282013,0.0,-0.00012973042612429708,0.07136457610798777,0.41555508971214294,0.0,15.302918295857742,0.03401666666666667,27,0.055634399590444965,0.06108607094603478,0.07268449162484017,0.09167437985379485,0,0.0,0.41555508971214294,False,0.0,normal,6,14.978,1.0,0.016564246017200454,0.004704396893651907,0.9834618516106585,2.483518303850035e-07,14.481941923295132,,False,,0.23478260869565218,0.28804347826086957,0.07717391304347826,0.12717391304347825,0.6782608695652174,0.08695652173913043,0.7978260869565217,0.34891304347826085,0.7516304347826087,0.9304347826086956,0.6375,0.8347826086956521,0.11956521739130435,0.7282608695652174,0.4435978260869566
192,2b1,192_2b1,Al,mc,LittC2SE,192_2b1_Al_mc_LittC2SE,/nas/home/pcallandrone/DeepLearning/dataset/ICBHI_2017/ICBHI_final_database/192_2b1_Al_mc_LittC2SE.wav,/nas/home/pcallandrone/DeepLearning/dataset/ICBHI_2017/ICBHI_final_database/192_2b1_Al_mc_LittC2SE.txt,44100,20.0,0.04977060543462747,0.2425067126750946,0.0,-1.3919549019192345e-05,0.05219060693121641,0.24222764372825623,0.0,13.33262712822038,0.01965,27,0.03811842394663637,0.044248481237742714,0.04956969982680154,0.14196580037699436,0,0.0,0.24222764372825623,False,0.0,both,6,14.978000000000002,0.06576311924155431,0.0666929597813568,0.01944676412745152,0.9337237135943354,4.925347251433801e-07,20.816066486395005,,False,,0.15869565217391304,0.18043478260869567,0.2728260869565217,0.375,0.38804347826086955,0.27608695652173915,0.7206521739130435,0.816304347826087,0.7516304347826087,0.9521739130434783,0.6375,0.2967391304347826,0.2467391304347826,0.47391304347826085,0.4249782608695653
192,2b1,192_2b1,Ar,mc,LittC2SE,192_2b1_Ar_mc_LittC2SE,/nas/home/pcallandrone/DeepLearning/dataset/ICBHI_2017/ICBHI_final_database/192_2b1_Ar_mc_LittC2SE.wav,/nas/home/pcallandrone/DeepLearning/dataset/ICBHI_2017/ICBHI_final_database/192_2b1_Ar_mc_LittC2SE.txt,44100,20.0,0.06476226746998345,0.5897660255432129,0.0,6.363481224980205e-05,0.06723546564812576,0.5877750515937805,0.0,18.83225461297758,0.040183333333333335,27,0.05502298546368254,0.056068249535697036,0.06417728554433703,0.11302933293617416,0,0.0,0.5877750515937805,False,0.0,wheezes,6,14.978,0.06956870076111632,0.10430989067499878,0.07715418479674188,0.8957849739530377,1.054551669993578e-07,24.447236911945613,,False,,0.21630434782608696,0.2619565217391304,0.4326086956521739,0.7532608695652174,0.525,0.4358695652173913,0.8597826086956522,0.25217391304347825,0.7516304347826087,0.9304347826086956,0.6375,0.29891304347826086,0.3532608695652174,0.9271739130434783,0.520054347826087
192,2b2,192_2b2,Al,mc,LittC2SE,192_2b2_Al_mc_LittC2SE,/nas/home/pcallandrone/DeepLearning/dataset/ICBHI_2017/ICBHI_final_database/192_2b2_Al_mc_LittC2SE.wav,/nas/home/pcallandrone/DeepLearning/dataset/ICBHI_2017/ICBHI_final_database/192_2b2_Al_mc_LittC2SE.txt,44100,20.0,0.04678606866015708,0.22778365015983582,0.0,-7.24488781997934e-05,0.04482317945553453,0.22699736058712006,0.0,14.090362945296818,0.021733333333333334,27,0.033862394279655796,0.03978563337874747,0.04442236473661509,0.10660059232743253,0,0.0,0.22699736058712006,False,0.0,both,6,14.963999999999999,0.0,0.07394995243979709,0.01289890376536109,0.9261143449298727,9.218910066753167e-07,21.963380384048598,,False,,0.14130434782608695,0.1608695652173913,0.3141304347826087,0.26413043478260867,0.5652173913043478,0.32065217391304346,0.6260869565217392,0.7364130434782609,0.7516304347826087,0.845108695652174,0.6375,0.14402173913043478,0.27717391304347827,0.5771739130434783,0.4105434782608696
192,2b2,192_2b2,Ar,mc,LittC2SE,192_2b2_Ar_mc_LittC2SE,/nas/home/pcallandrone/DeepLearning/dataset/ICBHI_2017/ICBHI_final_database/192_2b2_Ar_mc_LittC2SE.wav,/nas/home/pcallandrone/DeepLearning/dataset/ICBHI_2017/ICBHI_final_database/192_2b2_Ar_mc_LittC2SE.txt,44100,20.0,0.09455586157549473,0.7020493149757385,0.0,-0.00010207804734818637,0.09190088012082816,0.7019292116165161,0.0,17.659472908340234,0.0345,27,0.0770193582783748,0.08160375978615372,0.09051261396968069,0.08511587119575587,0,0.0,0.7019292116165161,False,0.0,wheezes,6,14.950000000000001,0.13190635451505028,0.07811304810643704,0.03203625602138569,0.9219979609394231,1.4089871741492068e-07,20.658987088856318,,False,,0.3184782608695652,0.3717391304347826,0.3358695652173913,0.533695652173913,0.7402173913043478,0.34347826086956523,0.8391304347826087,0.3423913043478261,0.7516304347826087,0.7880434782608695,0.6375,0.33695652173913043,0.24021739130434783,0.9771739130434782,0.5289130434782608
192,2b3,192_2b3,Al,mc,LittC2SE,192_2b3_Al_mc_LittC2SE,/nas/home/pcallandrone/DeepLearning/dataset/ICBHI_2017/ICBHI_final_database/192_2b3_Al_mc_LittC2SE.wav,/nas/home/pcallandrone/DeepLearning/dataset/ICBHI_2017/ICBHI_final_database/192_2b3_Al_mc_LittC2SE.txt,44100,20.0,0.05551905405680893,0.2670312523841858,0.0,8.49424468469806e-05,0.053405496074110215,0.26550614833831787,0.0,13.929772563871502,0.0218,27,0.04560245480781213,0.04891915057427286,0.05269654140934522,0.07485290738744682,0,0.0,0.26550614833831787,False,0.0,both,5,14.964,0.0,0.033001334292430635,0.003776954118419263,0.9672011770027832,6.137053182407287e-07,18.608867198359548,,False,,0.16195652173913044,0.21630434782608696,0.15434782608695652,0.10978260869565218,0.7967391304347826,0.15978260869565217,0.6891304347826087,0.7326086956521739,0.7516304347826087,0.871195652173913,0.4320652173913043,0.14402173913043478,0.19021739130434784,0.5456521739130434,0.39345108695652187
192,2b3,192_2b3,Ar,mc,LittC2SE,192_2b3_Ar_mc_LittC2SE,/nas/home/pcallandrone/DeepLearning/dataset/ICBHI_2017/ICBHI_final_database/192_2b3_Ar_mc_LittC2SE.wav,/nas/home/pcallandrone/DeepLearning/dataset/ICBHI_2017/ICBHI_final_database/192_2b3_Ar_mc_LittC2SE.txt,44100,20.0,0.08698387339462785,0.46608251333236694,0.0,7.109830767149106e-05,0.08427908418253566,0.46588584780693054,0.0,14.851194197655461,0.023666666666666666,27,0.07504013155900799,0.0755126877887218,0.08338153294235359,0.0903430124486297,0,0.0,0.46588584780693054,False,0.0,wheezes,5,14.95,0.1634113712374582,0.04103115365033775,0.013373510926735785,0.959008392775074,1.4979498814307443e-07,17.00601410393925,,False,,0.2891304347826087,0.34456521739130436,0.1826086956521739,0.2728260869565217,0.691304347826087,0.1891304347826087,0.8347826086956521,0.6646739130434782,0.7516304347826087,0.775,0.4320652173913043,0.3684782608695652,0.16847826086956522,0.675,0.46212500000000006
193,1b2,193_1b2,Al,mc,AKGC417L,193_1b2_Al_mc_AKGC417L,/nas/home/pcallandrone/DeepLearning/dataset/ICBHI_2017/ICBHI_final_database/193_1b2_Al_mc_AKGC417L.wav,/nas/home/pcallandrone/DeepLearning/dataset/ICBHI_2017/ICBHI_final_database/193_1b2_Al_mc_AKGC417L.txt,44100,20.0,0.3022104364100994,1.0001749992370605,0.011095238095238096,0.00017498031957075,0.30584222134011924,1.0129843950271606,0.0067666666666666665,10.402106313416201,0.024616666666666665,27,0.2393868183549165,0.2530354875945568,0.29791940690135654,0.11166759345194646,0,0.021,1.0129843950271606,False,0.0,wheezes,10,14.636,0.06142388630773432,0.5822727490267636,0.4805866463777264,0.4180572290518962,1.5534724399260172e-06,91.45117139448975,,False,,0.8304347826086956,0.8380434782608696,0.9532608695652174,0.9880434782608696,0.5358695652173913,0.9565217391304348,0.5293478260869565,0.6255434782608695,0.19782608695652174,0.528804347826087,0.9652173913043478,0.2951086956521739,0.9554347826086956,0.17608695652173914,0.8069673913043479
193,1b2,193_1b2,Ar,mc,AKGC417L,193_1b2_Ar_mc_AKGC417L,/nas/home/pcallandrone/DeepLearning/dataset/ICBHI_2017/ICBHI_final_database/193_1b2_Ar_mc_AKGC417L.wav,/nas/home/pcallandrone/DeepLearning/dataset/ICBHI_2017/ICBHI_final_database/193_1b2_Ar_mc_AKGC417L.txt,44100,20.0,0.21149730406996897,1.0002658367156982,0.005712018140589569,0.0002658395387697965,0.22030374629891072,1.1160669326782227,0.004316666666666667,14.093367164045258,0.036283333333333334,27,0.1589377147886099,0.16245537618985073,0.18519843481305598,0.22899646121894573,0,0.032375,1.1160669326782227,False,0.0,wheezes,10,14.636,0.06142388630773432,0.6839387536411546,0.6247036114580907,0.3163118645612701,2.2241787484360727e-07,121.85854705910214,,False,,0.6782608695652174,0.6184782608695653,0.9782608695652174,0.9945652173913043,0.1826086956521739,0.9793478260869565,0.8076086956521739,0.3184782608695652,0.2358695652173913,0.528804347826087,0.9652173913043478,0.2951086956521739,0.975,0.5793478260869566,0.732983695652174
193,1b2,193_1b2,Ll,mc,AKGC417L,193_1b2_Ll_mc_AKGC417L,/nas/home/pcallandrone/DeepLearning/dataset/ICBHI_2017/ICBHI_final_database/193_1b2_Ll_mc_AKGC417L.wav,/nas/home/pcallandrone/DeepLearning/dataset/ICBHI_2017/ICBHI_final_database/193_1b2_Ll_mc_AKGC417L.txt,44100,20.0,0.038551902278814165,0.14166951179504395,0.0,1.556802999402862e-06,0.03784069704691266,0.12081750482320786,0.0,10.083414666876408,0.016916666666666667,27,0.03504479799250923,0.036665170258184686,0.03814498640895628,0.03322510551587641,0,0.0,0.12081750482320786,False,0.0,normal,10,14.636,1.0,0.6451310376126762,0.2106480595863516,0.5870811001664706,0.00014415749969474517,66.53634629811027,,False,,0.1108695652173913,0.14456521739130435,0.967391304347826,0.9358695652173913,0.9945652173913043,0.8880434782608696,0.051086956521739134,0.9092391304347827,0.7516304347826087,0.528804347826087,0.9652173913043478,0.8347826086956521,0.9065217391304348,0.15869565217391304,0.6637010869565217
193,1b2,193_1b2,Pl,mc,AKGC417L,193_1b2_Pl_mc_AKGC417L,/nas/home/pcallandrone/DeepLearning/dataset/ICBHI_2017/ICBHI_final_database/193_1b2_Pl_mc_AKGC417L.wav,/nas/home/pcallandrone/DeepLearning/dataset/ICBHI_2017/ICBHI_final_database/193_1b2_Pl_mc_AKGC417L.txt,44100,20.0,0.22565719810716445,0.9981713891029358,0.0,0.00041158770909532905,0.22689974163817103,0.996965765953064,0.0,12.856924881964423,0.023416666666666665,27,0.2056807898340586,0.2114469725198008,0.22878019185560003,0.04716563590947279,0,0.0,0.996965765953064,False,0.0,wheezes,10,14.636,0.0,0.19695559224810097,0.12758278241418775,0.8037542001297143,3.303919161773105e-07,38.631293743633236,,False,,0.691304347826087,0.7554347826086957,0.6630434782608695,0.8532608695652174,0.9739130434782609,0.6739130434782609,0.7652173913043478,0.6739130434782609,0.7516304347826087,0.528804347826087,0.9652173913043478,0.14402173913043478,0.6826086956521739,0.4152173913043478,0.7605326086956521
193,1b2,193_1b2,Pr,mc,AKGC417L,193_1b2_Pr_mc_AKGC417L,/nas/home/pcallandrone/DeepLearning/dataset/ICBHI_2017/ICBHI_final_database/193_1b2_Pr_mc_AKGC417L.wav,/nas/home/pcallandrone/DeepLearning/dataset/ICBHI_2017/ICBHI_final_database/193_1b2_Pr_mc_AKGC417L.txt,44100,20.0,0.08595595966363939,0.5307397246360779,0.0,8.854058251017705e-05,0.085554105380523,0.5297040939331055,0.0,15.835849492866238,0.033466666666666665,27,0.07130523887378648,0.07700525648414461,0.08559466770980448,0.0813332482288821,0,0.0,0.5297040939331055,False,0.0,wheezes,10,14.636,0.0,0.3999268647822494,0.11784179161084782,0.6927520800184883,9.544215955197824e-07,46.93698794689602,,False,,0.29456521739130437,0.3521739130434783,0.8717391304347826,0.8336956521739131,0.7663043478260869,0.8130434782608695,0.6152173913043478,0.35978260869565215,0.7516304347826087,0.528804347826087,0.9652173913043478,0.14402173913043478,0.7847826086956522,0.7967391304347826,0.6396413043478261
193,1b2,193_1b2,Tc,mc,AKGC417L,193_1b2_Tc_mc_AKGC417L,/nas/home/pcallandrone/DeepLearning/dataset/ICBHI_2017/ICBHI_final_database/193_1b2_Tc_mc_AKGC417L.wav,/nas/home/pcallandrone/DeepLearning/dataset/ICBHI_2017/ICBHI_final_database/193_1b2_Tc_mc_AKGC417L.txt,44100,20.0,0.07495477603149184,0.48211508989334106,0.0,7.588744483655319e-05,0.07580055983333749,0.47058162093162537,0.0,15.859250951791132,0.03185,27,0.06565143425610072,0.06908349300963794,0.07336547349469273,0.07416438488380186,0,0.0,0.47058162093162537,False,0.0,wheezes,10,14.636,0.2922246515441377,0.16272713200554736,0.11179099209229851,0.8375883979714009,5.937363461995434e-05,67.28098762460628,,False,,0.2532608695652174,0.3141304347826087,0.5934782608695652,0.8206521739130435,0.8043478260869565,0.6,0.075,0.38804347826086955,0.7516304347826087,0.528804347826087,0.9652173913043478,0.45217391304347826,0.9108695652173913,0.8010869565217391,0.5647934782608696
193,1b4,193_1b4,Lr,mc,AKGC417L,193_1b4_Lr_mc_AKGC417L,/nas/home/pcallandrone/DeepLearning/dataset/ICBHI_2017/ICBHI_final_database/193_1b4_Lr_mc_AKGC417L.wav,/nas/home/pcallandrone/DeepLearning/dataset/ICBHI_2017/ICBHI_final_database/193_1b4_Lr_mc_AKGC417L.txt,44100,20.0,0.11243221363227053,0.9998883605003357,0.00013605442176870748,0.00011153389641549438,0.11722896673796308,1.0025845766067505,0.00015,18.64172163643145,0.04463333333333333,27,0.0944606706605687,0.09810955868623074,0.10658705703181368,0.18378316800118558,0,0.001125,1.0025845766067505,False,0.0,wheezes,8,14.975000000000001,0.0,0.39655023578334153,0.2843806730976881,0.6043594048426288,5.584247556220883e-06,70.17085417778937,,False,,0.4108695652173913,0.42717391304347824,0.8673913043478261,0.9597826086956521,0.2565217391304348,0.8760869565217392,0.2967391304347826,0.20217391304347826,0.4320652173913043,0.9130434782608695,0.8864130434782609,0.14402173913043478,0.9173913043478261,0.9521739130434783,0.6253804347826089
193,7b3,193_7b3,Al,mc,AKGC417L,193_7b3_Al_mc_AKGC417L,/nas/home/pcallandrone/DeepLearning/dataset/ICBHI_2017/ICBHI_final_database/193_7b3_Al_mc_AKGC417L.wav,/nas/home/pcallandrone/DeepLearning/dataset/ICBHI_2017/ICBHI_final_database/193_7b3_Al_mc_AKGC417L.txt,44100,20.0,0.10634226970468018,0.6871874332427979,0.0,-0.0002373504248680547,0.10585611488521254,0.6788531541824341,0.0,16.141197785469302,0.038816666666666666,27,0.09556769841787531,0.09886370531467752,0.10599760819499002,0.04951242498541426,0,0.0,0.6788531541824341,False,0.0,normal,7,14.636999999999999,1.0,0.08468599778570651,0.012423092683192919,0.916051503394018,7.284769990946944e-07,28.4770435361414,,False,,0.3739130434782609,0.43043478260869567,0.36086956521739133,0.2576086956521739,0.9619565217391305,0.3630434782608696,0.6663043478260869,0.27608695652173915,0.7516304347826087,0.5369565217391304,0.7880434782608695,0.8347826086956521,0.46956521739130436,0.8217391304347826,0.5670706521739131
193,7b3,193_7b3,Ar,mc,AKGC417L,193_7b3_Ar_mc_AKGC417L,/nas/home/pcallandrone/DeepLearning/dataset/ICBHI_2017/ICBHI_final_database/193_7b3_Ar_mc_AKGC417L.wav,/nas/home/pcallandrone/DeepLearning/dataset/ICBHI_2017/ICBHI_final_database/193_7b3_Ar_mc_AKGC417L.txt,44100,20.0,0.08899674147478175,0.695858895778656,0.0,-1.4703567103424575e-05,0.08981051992647189,0.6819837093353271,0.0,17.608935792726946,0.07476666666666666,27,0.07932853808505287,0.08000847277034884,0.0897312606467486,0.0684713967083003,0,0.0,0.6819837093353271,False,0.0,crackles,7,14.636999999999999,0.25210084033613445,0.2064946723951344,0.03216057773556495,0.7942818490272041,1.7590249566352277e-05,44.42485481707874,,False,,0.3108695652173913,0.36630434782608695,0.6782608695652174,0.5358695652173913,0.85,0.6858695652173913,0.14456521739130435,0.0782608695652174,0.7516304347826087,0.5369565217391304,0.7880434782608695,0.425,0.7641304347826087,0.9695652173913043,0.5645489130434783
193,7b3,193_7b3,Ll,mc,AKGC417L,193_7b3_Ll_mc_AKGC417L,/nas/home/pcallandrone/DeepLearning/dataset/ICBHI_2017/ICBHI_final_database/193_7b3_Ll_mc_AKGC417L.wav,/nas/home/pcallandrone/DeepLearning/dataset/ICBHI_2017/ICBHI_final_database/193_7b3_Ll_mc_AKGC417L.txt,44100,20.0,0.09240214072045876,0.5900145173072815,0.0,-7.897557225078344e-05,0.09269362140315204,0.4951123893260956,0.0,14.553078874546488,0.0362,27,0.06397227645501831,0.07570855864939102,0.09314113516828756,0.11648681381516408,0,0.0,0.4951123893260956,False,0.0,crackles,7,14.636999999999999,0.8308396529343445,0.11775848640155206,0.012952600504307198,0.9325288824403108,1.628593583327196e-06,23.690716605781997,,False,,0.32282608695652176,0.3467391304347826,0.475,0.26521739130434785,0.5032608695652174,0.2858695652173913,0.5173913043478261,0.32065217391304346,0.7516304347826087,0.5369565217391304,0.7880434782608695,0.6445652173913043,0.3239130434782609,0.6391304347826087,0.4761141304347826
193,7b3,193_7b3,Lr,mc,AKGC417L,193_7b3_Lr_mc_AKGC417L,/nas/home/pcallandrone/DeepLearning/dataset/ICBHI_2017/ICBHI_final_database/193_7b3_Lr_mc_AKGC417L.wav,/nas/home/pcallandrone/DeepLearning/dataset/ICBHI_2017/ICBHI_final_database/193_7b3_Lr_mc_AKGC417L.txt,44100,20.0,0.08234495386507207,1.0000596046447754,0.00042517006802721087,-5.971126302029006e-05,0.08372514699952109,1.0038098096847534,0.0004166666666666667,21.57591032500615,0.13998333333333332,27,0.0497135297699198,0.06527174217789958,0.0846178477697514,0.16541991985469756,0,0.001375,1.0038098096847534,False,0.0,crackles,7,14.636999999999999,0.0,0.4098453938119453,0.1228823509736293,0.5922680754935425,5.326120618836386e-05,56.57911020824173,,False,,0.2847826086956522,0.30217391304347824,0.8782608695652174,0.8434782608695652,0.3141304347826087,0.8858695652173914,0.08152173913043478,0.02391304347826087,0.38858695652173914,0.5369565217391304,0.7880434782608695,0.14402173913043478,0.85,0.6293478260869565,0.522288043478261
193,7b3,193_7b3,Pl,mc,AKGC417L,193_7b3_Pl_mc_AKGC417L,/nas/home/pcallandrone/DeepLearning/dataset/ICBHI_2017/ICBHI_final_database/193_7b3_Pl_mc_AKGC417L.wav,/nas/home/pcallandrone/DeepLearning/dataset/ICBHI_2017/ICBHI_final_database/193_7b3_Pl_mc_AKGC417L.txt,44100,20.0,0.05761786281207345,0.44842728972435,0.0,5.362400770536624e-05,0.057438307726491666,0.44816476106643677,0.0,17.844721368446418,0.042166666666666665,27,0.050930376444772385,0.05216802843412339,0.056356974442195465,0.06726281742809707,0,0.0,0.44816476106643677,False,0.0,crackles,7,14.636999999999999,0.0,0.2937338282270079,0.0945224075522117,0.7073413980165829,9.68312654586443e-06,45.1570439744321,,False,,0.1793478260869565,0.2358695652173913,0.7891304347826087,0.7923913043478261,0.8630434782608696,0.8,0.20978260869565218,0.22608695652173913,0.7516304347826087,0.5369565217391304,0.7880434782608695,0.14402173913043478,0.7717391304347826,0.9891304347826086,0.5617119565217392
193,7b3,193_7b3,Pr,mc,AKGC417L,193_7b3_Pr_mc_AKGC417L,/nas/home/pcallandrone/DeepLearning/dataset/ICBHI_2017/ICBHI_final_database/193_7b3_Pr_mc_AKGC417L.wav,/nas/home/pcallandrone/DeepLearning/dataset/ICBHI_2017/ICBHI_final_database/193_7b3_Pr_mc_AKGC417L.txt,44100,20.0,0.38320089152089254,1.00174081325531,0.0810453514739229,0.0017408170970156789,0.3916048457751972,1.0799533128738403,0.045283333333333335,8.81113847489473,0.026766666666666668,27,0.33067164160632534,0.3376721016302721,0.39422291073800114,0.08402192258192448,0,0.063875,1.0799533128738403,False,0.0,normal,7,14.636999999999999,1.0,0.23812914325048606,0.09840708810595475,0.7618833470741976,4.61109495170993e-06,42.596741645633166,,False,,0.9228260869565217,0.9282608695652174,0.7239130434782609,0.7967391304347826,0.7478260869565218,0.7369565217391304,0.3282608695652174,0.5532608695652174,0.04673913043478261,0.5369565217391304,0.7880434782608695,0.8347826086956521,0.7336956521739131,0.09891304347826087,0.7973695652173913
193,7b3,193_7b3,Tc,mc,AKGC417L,193_7b3_Tc_mc_AKGC417L,/nas/home/pcallandrone/DeepLearning/dataset/ICBHI_2017/ICBHI_final_database/193_7b3_Tc_mc_AKGC417L.wav,/nas/home/pcallandrone/DeepLearning/dataset/ICBHI_2017/ICBHI_final_database/193_7b3_Tc_mc_AKGC417L.txt,44100,20.0,0.1289579999868193,0.8240953683853149,0.0,-0.00022508666734211147,0.12883781524731397,0.8232266902923584,0.0,16.109521808780332,0.0458,27,0.11402608413519473,0.1168243681826151,0.13046016120697854,0.06884404503606421,0,0.0,0.8232266902923584,False,0.0,crackles,7,14.636999999999999,0.4155906264945003,0.07467004440429748,0.04289745638703164,0.9254117637151487,2.6761290284706205e-07,28.161878335735437,,False,,0.4467391304347826,0.4989130434782609,0.3173913043478261,0.6184782608695653,0.8445652173913043,0.3239130434782609,0.7913043478260869,0.18369565217391304,0.7516304347826087,0.5369565217391304,0.7880434782608695,0.4956521739130435,0.45652173913043476,0.816304347826087,0.5729728260869564
194,1b1,194_1b1,Lr,sc,Meditron,194_1b1_Lr_sc_Meditron,/nas/home/pcallandrone/DeepLearning/dataset/ICBHI_2017/ICBHI_final_database/194_1b1_Lr_sc_Meditron.wav,/nas/home/pcallandrone/DeepLearning/dataset/ICBHI_2017/ICBHI_final_database/194_1b1_Lr_sc_Meditron.txt,44100,20.0,0.02913767377209008,0.15453515946865082,0.0,-8.568922203266993e-05,0.03191761862353329,0.15444962680339813,0.0,13.695127615125857,0.0232,27,0.01660665624901791,0.021714799272203305,0.027947266200214406,0.26265043631062424,0,0.0,0.15444962680339813,False,0.0,normal,7,14.978,1.0,0.002951833227925745,0.000767421912968609,0.9970570619651496,2.653672868781143e-07,10.58072495476761,,False,,0.0967391304347826,0.09021739130434783,0.010869565217391304,0.013043478260869565,0.14456521739130435,0.010869565217391304,0.7923913043478261,0.6831521739130435,0.7516304347826087,0.9304347826086956,0.7880434782608695,0.8347826086956521,0.04673913043478261,0.5152173913043478,0.32631521739130437
194,1b1,194_1b1,Pr,sc,Meditron,194_1b1_Pr_sc_Meditron,/nas/home/pcallandrone/DeepLearning/dataset/ICBHI_2017/ICBHI_final_database/194_1b1_Pr_sc_Meditron.wav,/nas/home/pcallandrone/DeepLearning/dataset/ICBHI_2017/ICBHI_final_database/194_1b1_Pr_sc_Meditron.txt,44100,20.0,0.026015759417705214,0.18856178224086761,0.0,-5.470614996738732e-05,0.027638526462035316,0.1883971095085144,0.0,16.671186973716562,0.02845,27,0.021002198113797544,0.022234785289246172,0.025259598385183647,0.17643070144735712,0,0.0,0.1883971095085144,False,0.0,normal,7,14.907,1.0,0.025522848790306134,0.0013045924387675154,0.974491601888063,3.482631145817931e-07,15.351162663557332,,False,,0.08586956521739131,0.09130434782608696,0.11956521739130435,0.03152173913043478,0.28369565217391307,0.12717391304347825,0.7521739130434782,0.483695652173913,0.7516304347826087,0.6554347826086957,0.7880434782608695,0.8347826086956521,0.1391304347826087,0.8815217391304347,0.34419021739130434
195,1b1,195_1b1,Al,sc,Litt3200,195_1b1_Al_sc_Litt3200,/nas/home/pcallandrone/DeepLearning/dataset/ICBHI_2017/ICBHI_final_database/195_1b1_Al_sc_Litt3200.wav,/nas/home/pcallandrone/DeepLearning/dataset/ICBHI_2017/ICBHI_final_database/195_1b1_Al_sc_Litt3200.txt,4000,26.928,0.06729471875244265,0.9986479878425598,9.284016636957814e-06,0.0013214716454967856,0.07638437897285419,0.9986479878425598,0.0,22.328157573703887,0.1187,27,0.04556013009177761,0.05011176891385275,0.07004190507093788,0.26693668870425236,0,0.0,0.9986479878425598,False,0.0,wheezes,8,13.1541,0.5791730335028622,0.18219155059169623,0.1664658006910528,0.8178685922414751,1.746650279599353e-09,55.37195076735251,,False,,0.2554347826086957,0.22391304347826088,0.633695652173913,0.9,0.1391304347826087,0.6456521739130435,0.9684782608695652,0.03260869565217391,0.7516304347826087,0.14021739130434782,0.8864130434782609,0.5543478260869565,0.8456521739130435,0.5097826086956522,0.5149782608695653
195,1b1,195_1b1,Ar,sc,Litt3200,195_1b1_Ar_sc_Litt3200,/nas/home/pcallandrone/DeepLearning/dataset/ICBHI_2017/ICBHI_final_database/195_1b1_Ar_sc_Litt3200.wav,/nas/home/pcallandrone/DeepLearning/dataset/ICBHI_2017/ICBHI_final_database/195_1b1_Ar_sc_Litt3200.txt,4000,30.0,0.07637540520818749,1.0009816884994507,8.333333333333334e-06,0.0009816561359912157,0.08294646892649374,0.8337656855583191,0.0,20.044922284088578,0.09658333333333333,27,0.052787570191182645,0.06850231503444076,0.0794578015218962,0.17062963985693227,0,0.0,0.8337656855583191,False,0.0,wheezes,8,13.4371,0.7050702904644603,0.18472273009021312,0.14980821493165647,0.815468044132525,1.1882342473599915e-09,55.268936849656306,,False,,0.2826086956521739,0.3119565217391304,0.6402173913043478,0.8880434782608696,0.29456521739130437,0.6510869565217391,0.9782608695652174,0.04782608695652174,0.7516304347826087,0.16956521739130434,0.8864130434782609,0.5815217391304348,0.8445652173913043,0.8108695652173913,0.5613913043478261
195,1b1,195_1b1,Ll,sc,Litt3200,195_1b1_Ll_sc_Litt3200,/nas/home/pcallandrone/DeepLearning/dataset/ICBHI_2017/ICBHI_final_database/195_1b1_Ll_sc_Litt3200.wav,/nas/home/pcallandrone/DeepLearning/dataset/ICBHI_2017/ICBHI_final_database/195_1b1_Ll_sc_Litt3200.txt,4000,24.624,0.062058884203914345,0.9989001154899597,1.0152696556205328e-05,-0.0010998736834153533,0.05879825366396491,0.7377306818962097,0.0,21.97066835394651,0.11881666666666667,27,0.02656159899429786,0.030211821994079527,0.05005561304283048,0.40304978493739313,0,0.0,0.7377306818962097,False,0.0,both,6,13.1254,0.16733204321392114,0.1106962492384884,0.06994307373502294,0.8894581512999574,4.341442450905644e-09,34.30340650709912,,False,,0.18478260869565216,0.12608695652173912,0.4543478260869565,0.7347826086956522,0.04456521739130435,0.45760869565217394,0.9434782608695652,0.03152173913043478,0.7516304347826087,0.13260869565217392,0.6375,0.37282608695652175,0.5967391304347827,0.5619565217391305,0.3929130434782609
195,1b1,195_1b1,Lr,sc,Litt3200,195_1b1_Lr_sc_Litt3200,/nas/home/pcallandrone/DeepLearning/dataset/ICBHI_2017/ICBHI_final_database/195_1b1_Lr_sc_Litt3200.wav,/nas/home/pcallandrone/DeepLearning/dataset/ICBHI_2017/ICBHI_final_database/195_1b1_Lr_sc_Litt3200.txt,4000,20.336,0.08345412168358368,0.9984033703804016,1.2293469708890637e-05,-0.0015966484788805246,0.09235213092031833,0.9984033703804016,0.0,20.677182344123437,0.08053333333333333,27,0.060971590426458534,0.07551496164098113,0.08855470522228948,0.16335386445628067,0,0.0,0.9984033703804016,False,0.0,both,7,15.0,0.0,0.06733479804907663,0.02348686095817116,0.9326713122046854,8.958592199988946e-10,25.95626160531752,,False,,0.32065217391304346,0.3456521739130435,0.2782608695652174,0.44021739130434784,0.32065217391304346,0.2826086956521739,0.9880434782608696,0.06739130434782609,0.7516304347826087,0.9891304347826086,0.7880434782608695,0.14402173913043478,0.3934782608695652,0.7304347826086957,0.4612663043478262
195,1b1,195_1b1,Pl,sc,Litt3200,195_1b1_Pl_sc_Litt3200,/nas/home/pcallandrone/DeepLearning/dataset/ICBHI_2017/ICBHI_final_database/195_1b1_Pl_sc_Litt3200.wav,/nas/home/pcallandrone/DeepLearning/dataset/ICBHI_2017/ICBHI_final_database/195_1b1_Pl_sc_Litt3200.txt,4000,21.872,0.06795582929275865,0.998481035232544,1.1430138990490125e-05,-0.0015189597615972161,0.07859476900250094,0.998481035232544,0.0,22.078923561092815,0.1307,27,0.043607036481667014,0.0543502932758703,0.07570568203284635,0.2906299907342653,0,0.0,0.998481035232544,False,0.0,wheezes,7,13.7865,0.1376709099481378,0.255723428808826,0.0249740742471375,0.7453045950092677,1.6592772151503781e-09,43.85929820037667,,False,,0.2597826086956522,0.2510869565217391,0.7402173913043478,0.4652173913043478,0.11739130434782609,0.7521739130434782,0.9695652173913043,0.02608695652173913,0.7516304347826087,0.24891304347826088,0.7880434782608695,0.34130434782608693,0.7532608695652174,0.5434782608695652,0.49301630434782606
195,1b1,195_1b1,Pr,sc,Litt3200,195_1b1_Pr_sc_Litt3200,/nas/home/pcallandrone/DeepLearning/dataset/ICBHI_2017/ICBHI_final_database/195_1b1_Pr_sc_Litt3200.wav,/nas/home/pcallandrone/DeepLearning/dataset/ICBHI_2017/ICBHI_final_database/195_1b1_Pr_sc_Litt3200.txt,4000,30.0,0.05763520216363885,0.9981697201728821,8.333333333333334e-06,0.0017997781978920102,0.06967825246695322,0.9981697201728821,0.0,23.122142812333486,0.15446666666666667,27,0.04319025892751587,0.04696448275019392,0.06968177955560206,0.21613311008935499,0,0.0,0.9981697201728821,False,0.0,wheezes,9,15.0,0.8519466666666666,0.14440684682453875,0.04623123481052556,0.8561299883246789,2.1822996052953022e-09,36.28892191801875,,False,,0.22826086956521738,0.20326086956521738,0.5532608695652174,0.6423913043478261,0.2,0.5597826086956522,0.9576086956521739,0.016304347826086956,0.7516304347826087,0.9891304347826086,0.9353260869565218,0.6521739130434783,0.6358695652173914,0.41956521739130437,0.5331413043478261
196,1b1,196_1b1,Pr,sc,Meditron,196_1b1_Pr_sc_Meditron,/nas/home/pcallandrone/DeepLearning/dataset/ICBHI_2017/ICBHI_final_database/196_1b1_Pr_sc_Meditron.wav,/nas/home/pcallandrone/DeepLearning/dataset/ICBHI_2017/ICBHI_final_database/196_1b1_Pr_sc_Meditron.txt,44100,20.00002267573696,0.010577240209890041,0.08438067138195038,0.0,-3.008611201948952e-05,0.010829745679419992,0.08421915024518967,0.0,17.815851863375915,0.031016666666666668,27,0.009521752276845912,0.010111406659751881,0.010949994334303575,0.05614351961088522,0,0.0,0.08421915024518967,False,0.0,normal,5,14.978000000000002,1.0,0.2724962521074445,0.05839233743001798,0.7276091524482535,4.961214141371155e-06,43.032028603736705,,False,,0.03369565217391304,0.042391304347826085,0.7565217391304347,0.6956521739130435,0.9358695652173913,0.7739130434782608,0.3173913043478261,0.40652173913043477,0.7516304347826087,0.9521739130434783,0.4320652173913043,0.8347826086956521,0.741304347826087,0.9847826086956522,0.5903260869565218
197,1b1,197_1b1,Al,sc,Meditron,197_1b1_Al_sc_Meditron,/nas/home/pcallandrone/DeepLearning/dataset/ICBHI_2017/ICBHI_final_database/197_1b1_Al_sc_Meditron.wav,/nas/home/pcallandrone/DeepLearning/dataset/ICBHI_2017/ICBHI_final_database/197_1b1_Al_sc_Meditron.txt,44100,20.0,0.036495162301467,0.1482294350862503,0.0,5.681243237631861e-06,0.03655644887044888,0.14810338616371155,0.0,12.152019712569738,0.017066666666666667,27,0.029132044252477726,0.03158272879263084,0.036545143917345355,0.11327987906721694,0,0.0,0.14810338616371155,False,0.0,normal,3,14.978,1.0,0.012475569490193206,0.001991417853742681,0.9875896334184433,5.333295918335007e-08,14.297096103029752,,False,,0.10978260869565218,0.13152173913043477,0.05434782608695652,0.05434782608695652,0.5239130434782608,0.0641304347826087,0.8902173913043478,0.9054347826086957,0.7516304347826087,0.9304347826086956,0.043478260869565216,0.8347826086956521,0.11521739130434783,0.32065217391304346,0.3811684782608696
197,1b1,197_1b1,Tc,sc,Meditron,197_1b1_Tc_sc_Meditron,/nas/home/pcallandrone/DeepLearning/dataset/ICBHI_2017/ICBHI_final_database/197_1b1_Tc_sc_Meditron.wav,/nas/home/pcallandrone/DeepLearning/dataset/ICBHI_2017/ICBHI_final_database/197_1b1_Tc_sc_Meditron.txt,44100,20.0,0.02513850583689414,0.121052086353302,0.0,-1.936792796186637e-05,0.025663107671924392,0.12095659971237183,0.0,13.466406436617262,0.02005,27,0.02280461198351597,0.023379528796974965,0.025574592503948584,0.05882607792937807,0,0.0,0.12095659971237183,False,0.0,crackles,4,14.578,0.6902867334339415,0.019495012782366233,0.0027697141171847163,0.9805984472422401,1.5614412952310472e-07,19.08353704989472,,False,,0.08260869565217391,0.09782608695652174,0.09239130434782608,0.08043478260869565,0.9108695652173913,0.1,0.8336956521739131,0.8027173913043478,0.7516304347826087,0.5032608695652174,0.19510869565217392,0.5782608695652174,0.1956521739130435,0.48586956521739133,0.37170108695652176
198,1b5,198_1b5,Al,mc,AKGC417L,198_1b5_Al_mc_AKGC417L,/nas/home/pcallandrone/DeepLearning/dataset/ICBHI_2017/ICBHI_final_database/198_1b5_Al_mc_AKGC417L.wav,/nas/home/pcallandrone/DeepLearning/dataset/ICBHI_2017/ICBHI_final_database/198_1b5_Al_mc_AKGC417L.txt,44100,20.0,0.14409054815373515,0.6525723338127136,0.0,-5.8717367210192606e-05,0.1430542376951948,0.5642735958099365,0.0,11.919780019199713,0.021733333333333334,27,0.12087047749301996,0.12235081987617681,0.13569272856499748,0.12312830101021643,0,0.0,0.5642735958099365,False,0.0,wheezes,5,14.958,0.0,0.0693412730061337,0.0161418982226402,0.9311618435894794,2.8673464002282163e-07,19.813948107773818,,False,,0.4967391304347826,0.5097826086956522,0.28695652173913044,0.31521739130434784,0.475,0.29347826086956524,0.783695652173913,0.7364130434782609,0.7516304347826087,0.8206521739130435,0.4320652173913043,0.14402173913043478,0.21956521739130436,0.29347826086956524,0.5041902173913045
198,1b5,198_1b5,Ar,mc,AKGC417L,198_1b5_Ar_mc_AKGC417L,/nas/home/pcallandrone/DeepLearning/dataset/ICBHI_2017/ICBHI_final_database/198_1b5_Ar_mc_AKGC417L.wav,/nas/home/pcallandrone/DeepLearning/dataset/ICBHI_2017/ICBHI_final_database/198_1b5_Ar_mc_AKGC417L.txt,44100,20.0,0.12097049821440509,0.6153610944747925,0.0,-7.745793845970184e-05,0.12295851511980128,0.5320459604263306,0.0,12.723810798560756,0.0248,27,0.10986980665315765,0.11257179751308247,0.12327374703043746,0.0649874867881593,0,0.0,0.5320459604263306,False,0.0,wheezes,5,14.958,0.0,0.22384935913409904,0.09910613172127372,0.7762003714420852,5.572724200375036e-07,38.081249865095224,,False,,0.42934782608695654,0.4771739130434783,0.7010869565217391,0.7989130434782609,0.8739130434782608,0.7141304347826087,0.6989130434782609,0.6168478260869565,0.7516304347826087,0.8206521739130435,0.4320652173913043,0.14402173913043478,0.6771739130434783,0.39456521739130435,0.667538043478261
198,1b5,198_1b5,Ll,mc,AKGC417L,198_1b5_Ll_mc_AKGC417L,/nas/home/pcallandrone/DeepLearning/dataset/ICBHI_2017/ICBHI_final_database/198_1b5_Ll_mc_AKGC417L.wav,/nas/home/pcallandrone/DeepLearning/dataset/ICBHI_2017/ICBHI_final_database/198_1b5_Ll_mc_AKGC417L.txt,44100,20.0,0.22326642527941049,1.0000108480453491,0.0032868480725623582,1.0859586836886592e-05,0.2249307873687123,1.004714846611023,0.004116666666666667,12.999878323186287,0.027333333333333334,27,0.14458471208173762,0.162880190475837,0.21677736220965063,0.22193295238536997,0,0.017125,1.004714846611023,False,0.0,wheezes,5,14.958,0.15048803315951342,0.1391714354654235,0.017287407968250776,0.8609015539578613,1.1118481769632301e-06,26.630168080696514,,False,,0.6902173913043478,0.6195652173913043,0.532608695652174,0.33695652173913043,0.19130434782608696,0.5380434782608695,0.5945652173913043,0.5315217391304348,0.24130434782608695,0.8206521739130435,0.4320652173913043,0.3521739130434783,0.4097826086956522,0.43369565217391304,0.5660706521739131
198,1b5,198_1b5,Lr,mc,AKGC417L,198_1b5_Lr_mc_AKGC417L,/nas/home/pcallandrone/DeepLearning/dataset/ICBHI_2017/ICBHI_final_database/198_1b5_Lr_mc_AKGC417L.wav,/nas/home/pcallandrone/DeepLearning/dataset/ICBHI_2017/ICBHI_final_database/198_1b5_Lr_mc_AKGC417L.txt,44100,20.0,0.17684716740872777,0.9997680187225342,0.0001235827664399093,-0.00023196250549517572,0.17722703768851225,1.000213623046875,8.333333333333333e-05,15.031255735063587,0.030766666666666668,27,0.14377794647992564,0.15240341253793116,0.17930619716813467,0.11192359428110464,0,0.000625,1.000213623046875,False,0.0,wheezes,5,14.958,0.0,0.2301786697098631,0.052563039209517395,0.7700255783742939,8.252580600864222e-07,37.110017951927816,,False,,0.5673913043478261,0.5945652173913043,0.7097826086956521,0.6739130434782609,0.533695652173913,0.7206521739130435,0.6423913043478261,0.41304347826086957,0.45163043478260867,0.8206521739130435,0.4320652173913043,0.14402173913043478,0.6510869565217391,0.6934782608695652,0.6466304347826088
198,1b5,198_1b5,Pl,mc,AKGC417L,198_1b5_Pl_mc_AKGC417L,/nas/home/pcallandrone/DeepLearning/dataset/ICBHI_2017/ICBHI_final_database/198_1b5_Pl_mc_AKGC417L.wav,/nas/home/pcallandrone/DeepLearning/dataset/ICBHI_2017/ICBHI_final_database/198_1b5_Pl_mc_AKGC417L.txt,44100,20.0,0.4758857119275063,1.0015944242477417,0.06383673469387754,0.0015944746555760503,0.47409355687211413,1.007656216621399,0.039516666666666665,6.548966707175044,0.0156,27,0.3725640814056068,0.40164568762560454,0.486834493841481,0.09875858222491958,0,0.071,1.007656216621399,False,0.0,wheezes,5,14.958,0.0,0.08707666140616743,0.015638947316652597,0.9134321534545218,2.7376452190572796e-07,24.088532811180762,,False,,0.9695652173913043,0.9586956521739131,0.3706521739130435,0.30543478260869567,0.6271739130434782,0.375,0.7891304347826087,0.9478260869565217,0.05217391304347826,0.8206521739130435,0.4320652173913043,0.14402173913043478,0.34130434782608693,0.029347826086956522,0.6685054347826087
198,1b5,198_1b5,Pr,mc,AKGC417L,198_1b5_Pr_mc_AKGC417L,/nas/home/pcallandrone/DeepLearning/dataset/ICBHI_2017/ICBHI_final_database/198_1b5_Pr_mc_AKGC417L.wav,/nas/home/pcallandrone/DeepLearning/dataset/ICBHI_2017/ICBHI_final_database/198_1b5_Pr_mc_AKGC417L.txt,44100,20.0,0.2533925365651854,1.0002753734588623,0.0008435374149659864,0.00027533259708434343,0.25315109528688806,1.0026825666427612,0.00075,11.955673062587692,0.023366666666666668,27,0.22723714078434992,0.2307178875469232,0.24768820948427683,0.061728071942597315,0,0.00475,1.0026825666427612,False,0.0,wheezes,5,14.958,0.0,0.2207923675104473,0.14262754001615102,0.7794024199424788,4.008152427959643e-06,50.49225234131162,,False,,0.75,0.7978260869565217,0.6967391304347826,0.8771739130434782,0.8934782608695652,0.7108695652173913,0.35,0.6771739130434783,0.3592391304347826,0.8206521739130435,0.4320652173913043,0.14402173913043478,0.8119565217391305,0.3,0.7432391304347825
198,1b5,198_1b5,Tc,mc,AKGC417L,198_1b5_Tc_mc_AKGC417L,/nas/home/pcallandrone/DeepLearning/dataset/ICBHI_2017/ICBHI_final_database/198_1b5_Tc_mc_AKGC417L.wav,/nas/home/pcallandrone/DeepLearning/dataset/ICBHI_2017/ICBHI_final_database/198_1b5_Tc_mc_AKGC417L.txt,44100,20.0,0.41420346614977854,1.0002223253250122,0.033560090702947847,-0.0002224792551714927,0.40214591175106673,1.0176116228103638,0.02545,8.063968012000537,0.016483333333333332,27,0.28499212969247206,0.30147094730542656,0.3962690731747089,0.1863055538338568,0,0.1055,1.0176116228103638,False,0.0,wheezes,5,14.958,0.0,0.1241085693528335,0.042912442964217194,0.876053111903103,5.6318513989116975e-06,33.86704407461774,,False,,0.9271739130434783,0.8967391304347826,0.48586956521739133,0.6195652173913043,0.2510869565217391,0.4902173913043478,0.29347826086956524,0.9168478260869565,0.09239130434782608,0.8206521739130435,0.4320652173913043,0.14402173913043478,0.5902173913043478,0.07608695652173914,0.6394239130434782
198,6p1,198_6p1,Al,mc,AKGC417L,198_6p1_Al_mc_AKGC417L,/nas/home/pcallandrone/DeepLearning/dataset/ICBHI_2017/ICBHI_final_database/198_6p1_Al_mc_AKGC417L.wav,/nas/home/pcallandrone/DeepLearning/dataset/ICBHI_2017/ICBHI_final_database/198_6p1_Al_mc_AKGC417L.txt,44100,20.0,0.22401251155290441,0.9944804310798645,0.0,-0.00013498238695319742,0.24419735762172046,1.000182032585144,1.6666666666666667e-05,12.246761761931682,0.02345,27,0.16822078198923784,0.18162612373498888,0.23178535247378615,0.19635003632432851,0,0.000125,1.000182032585144,False,0.0,normal,5,14.940999999999999,1.0,0.6541393735082338,0.28636583683948086,0.34839931929249385,1.5228929156607313e-06,81.25417815976077,,True,,0.7293478260869565,0.6793478260869565,0.9728260869565217,0.9608695652173913,0.22934782608695653,0.975,0.5315217391304348,0.6717391304347826,0.4907608695652174,0.7505434782608695,0.4320652173913043,0.8347826086956521,0.9434782608695652,0.33369565217391306,0.7941467391304349
198,6p1,198_6p1,Ar,mc,AKGC417L,198_6p1_Ar_mc_AKGC417L,/nas/home/pcallandrone/DeepLearning/dataset/ICBHI_2017/ICBHI_final_database/198_6p1_Ar_mc_AKGC417L.wav,/nas/home/pcallandrone/DeepLearning/dataset/ICBHI_2017/ICBHI_final_database/198_6p1_Ar_mc_AKGC417L.txt,44100,20.0,0.2552294699859739,0.9944023489952087,0.0,6.039214349584654e-05,0.2484319073236972,1.0286904573440552,0.0001,12.34154674585741,0.02351666666666667,27,0.18205988028652229,0.20561570062377987,0.25251547594969687,0.10136269013683406,0,0.0005,1.0286904573440552,False,0.0,crackles,5,14.941,0.0,0.6612628382132536,0.14030345271015107,0.33941540365782014,5.142390671036373e-07,70.3482901417378,,True,,0.741304347826087,0.741304347826087,0.975,0.8739130434782608,0.6065217391304348,0.9771739130434782,0.7141304347826087,0.6673913043478261,0.4451086956521739,0.7619565217391304,0.4320652173913043,0.14402173913043478,0.9195652173913044,0.3423913043478261,0.793804347826087
198,6p1,198_6p1,Ll,mc,AKGC417L,198_6p1_Ll_mc_AKGC417L,/nas/home/pcallandrone/DeepLearning/dataset/ICBHI_2017/ICBHI_final_database/198_6p1_Ll_mc_AKGC417L.wav,/nas/home/pcallandrone/DeepLearning/dataset/ICBHI_2017/ICBHI_final_database/198_6p1_Ll_mc_AKGC417L.txt,44100,20.0,0.3544215192429045,0.9949437975883484,0.0,-0.0005968131590634584,0.3568548588664208,1.003604769706726,6.666666666666667e-05,8.981422042805924,0.012916666666666667,27,0.32324687685664194,0.3325182827016538,0.35273688040515505,0.05363388351774557,0,0.000375,1.003604769706726,False,0.0,crackles,6,14.907,0.7754075266653251,0.4285243335286401,0.09600819267091885,0.5751578527249038,4.182883099912745e-07,56.28727579174387,,False,,0.8913043478260869,0.9239130434782609,0.8902173913043478,0.7956521739130434,0.9456521739130435,0.9010869565217391,0.7402173913043478,0.9918478260869565,0.45706521739130435,0.6554347826086957,0.6375,0.6271739130434782,0.8489130434782609,0.10869565217391304,0.9038423913043478
198,6p1,198_6p1,Lr,mc,AKGC417L,198_6p1_Lr_mc_AKGC417L,/nas/home/pcallandrone/DeepLearning/dataset/ICBHI_2017/ICBHI_final_database/198_6p1_Lr_mc_AKGC417L.wav,/nas/home/pcallandrone/DeepLearning/dataset/ICBHI_2017/ICBHI_final_database/198_6p1_Lr_mc_AKGC417L.txt,44100,20.0,0.25717481967007527,0.9945216178894043,0.0,-0.00016678091196808964,0.26436555460665734,1.0402822494506836,0.0005,11.898926392784578,0.020083333333333335,27,0.21892819984273795,0.23156813863062842,0.2578296285669128,0.08601486100451654,0,0.002,1.0402822494506836,False,0.0,crackles,6,14.958,0.0,0.7602902031303482,0.3003079939505731,0.2399657211702343,3.6525023443142236e-06,89.46244901972415,,False,,0.7771739130434783,0.7989130434782609,0.9880434782608696,0.9630434782608696,0.7293478260869565,0.9880434782608696,0.3652173913043478,0.8010869565217391,0.3739130434782609,0.8206521739130435,0.6375,0.14402173913043478,0.9543478260869566,0.2891304347826087,0.8211902173913044
198,6p1,198_6p1,Pl,mc,AKGC417L,198_6p1_Pl_mc_AKGC417L,/nas/home/pcallandrone/DeepLearning/dataset/ICBHI_2017/ICBHI_final_database/198_6p1_Pl_mc_AKGC417L.wav,/nas/home/pcallandrone/DeepLearning/dataset/ICBHI_2017/ICBHI_final_database/198_6p1_Pl_mc_AKGC417L.txt,44100,20.0,0.31434100604291487,0.9944028258323669,0.0,8.937578240875155e-05,0.32283806431720496,1.0005443096160889,1.6666666666666667e-05,9.825031830573913,0.013266666666666666,27,0.290420762529447,0.2937993262383377,0.3186986957440046,0.05235034906635681,0,0.000125,1.0005443096160889,False,0.0,crackles,6,14.975,0.07646076794657763,0.572361304717574,0.086780160463962,0.42939288495926403,7.331057347970515e-08,58.5762864169975,,True,,0.8478260869565217,0.8880434782608696,0.9478260869565217,0.7717391304347826,0.95,0.9510869565217391,0.8782608695652174,0.9869565217391304,0.4907608695652174,0.9043478260869565,0.6375,0.3108695652173913,0.8586956521739131,0.15217391304347827,0.9063804347826087
198,6p1,198_6p1,Pr,mc,AKGC417L,198_6p1_Pr_mc_AKGC417L,/nas/home/pcallandrone/DeepLearning/dataset/ICBHI_2017/ICBHI_final_database/198_6p1_Pr_mc_AKGC417L.wav,/nas/home/pcallandrone/DeepLearning/dataset/ICBHI_2017/ICBHI_final_database/198_6p1_Pr_mc_AKGC417L.txt,44100,20.0,0.2504965529924217,0.9946165680885315,0.0,0.00027032100479118526,0.24218751496328567,1.003783941268921,6.666666666666667e-05,12.34976984551488,0.0209,27,0.19997416087746747,0.20784140285472805,0.24095186846871733,0.08077443977358106,0,0.0005,1.003783941268921,False,0.0,crackles,6,14.957999999999998,0.19213798636181312,0.6737938128893055,0.11706129255419763,0.327028216336405,3.233266179256668e-07,65.87719266619875,,True,,0.7239130434782609,0.7489130434782608,0.9760869565217392,0.8315217391304348,0.7695652173913043,0.9782608695652174,0.7706521739130435,0.7711956521739131,0.45706521739130435,0.8010869565217391,0.6375,0.3934782608695652,0.9,0.34456521739130436,0.8436467391304348
198,6p1,198_6p1,Tc,mc,AKGC417L,198_6p1_Tc_mc_AKGC417L,/nas/home/pcallandrone/DeepLearning/dataset/ICBHI_2017/ICBHI_final_database/198_6p1_Tc_mc_AKGC417L.wav,/nas/home/pcallandrone/DeepLearning/dataset/ICBHI_2017/ICBHI_final_database/198_6p1_Tc_mc_AKGC417L.txt,44100,20.0,0.12055837846281792,0.9942420721054077,0.0,9.557148587191477e-06,0.12126959922230873,0.9960035681724548,0.0,18.290179032581232,0.06536666666666667,27,0.10355869580560037,0.11012573388183514,0.12294299672592478,0.07817977234083212,0,0.0,0.9960035681724548,False,0.0,crackles,6,14.991999999999999,0.3967449306296691,0.5577057191319947,0.18184709666497392,0.44375552937404933,1.4338599322044597e-07,70.88559179527333,,True,,0.425,0.4652173913043478,0.9456521739130435,0.9184782608695652,0.7869565217391304,0.9489130434782609,0.8369565217391305,0.1,0.7516304347826087,0.9695652173913043,0.6375,0.4923913043478261,0.9239130434782609,0.9782608695652174,0.7683913043478261
199,2b1,199_2b1,Ll,mc,LittC2SE,199_2b1_Ll_mc_LittC2SE,/nas/home/pcallandrone/DeepLearning/dataset/ICBHI_2017/ICBHI_final_database/199_2b1_Ll_mc_LittC2SE.wav,/nas/home/pcallandrone/DeepLearning/dataset/ICBHI_2017/ICBHI_final_database/199_2b1_Ll_mc_LittC2SE.txt,44100,20.0,0.07848375823067788,0.4343949258327484,0.0,-2.4276957901747664e-06,0.08226433272204589,0.4343279004096985,0.0,14.452122973369168,0.020566666666666667,27,0.06364953261284707,0.07103774827048792,0.07981192277978283,0.12482804702110925,0,0.0,0.4343279004096985,False,0.0,crackles,7,14.950000000000001,0.3817391304347826,0.036514784446966465,0.0019497162573420268,0.9635238799011995,6.222846699128618e-08,15.30958145357207,,False,,0.27608695652173915,0.32717391304347826,0.16847826086956522,0.05326086956521739,0.4608695652173913,0.175,0.8847826086956522,0.782608695652174,0.7516304347826087,0.7880434782608695,0.7880434782608695,0.4902173913043478,0.13804347826086957,0.6326086956521739,0.4424510869565217
199,2b3,199_2b3,Ll,mc,LittC2SE,199_2b3_Ll_mc_LittC2SE,/nas/home/pcallandrone/DeepLearning/dataset/ICBHI_2017/ICBHI_final_database/199_2b3_Ll_mc_LittC2SE.wav,/nas/home/pcallandrone/DeepLearning/dataset/ICBHI_2017/ICBHI_final_database/199_2b3_Ll_mc_LittC2SE.txt,44100,20.0,0.04223989814268221,0.20313826203346252,0.0,6.690958980470896e-05,0.042185379762389424,0.20305222272872925,0.0,13.648915675722597,0.020866666666666665,27,0.03483504392739744,0.03621590181339449,0.04063552387907992,0.12922820718360153,0,0.0,0.20305222272872925,False,0.0,crackles,7,14.893,0.0,0.023679498580344443,0.0016563692082980455,0.9763245293174895,3.381202486587436e-07,13.73087346740069,,False,,0.13152173913043477,0.1391304347826087,0.11195652173913044,0.04456521739130435,0.4434782608695652,0.12282608695652174,0.7608695652173914,0.7733695652173913,0.7516304347826087,0.6467391304347826,0.7880434782608695,0.14402173913043478,0.10869565217391304,0.5054347826086957,0.32509782608695653
200,2p2,200_2p2,Al,mc,AKGC417L,200_2p2_Al_mc_AKGC417L,/nas/home/pcallandrone/DeepLearning/dataset/ICBHI_2017/ICBHI_final_database/200_2p2_Al_mc_AKGC417L.wav,/nas/home/pcallandrone/DeepLearning/dataset/ICBHI_2017/ICBHI_final_database/200_2p2_Al_mc_AKGC417L.txt,44100,20.0,0.14136096549070545,1.0001882314682007,0.0003696145124716553,0.0001881986390799284,0.14589447490902996,1.0022438764572144,0.00028333333333333335,16.73869131786825,0.04275,27,0.11858472617639225,0.12664453155745975,0.14391560805219844,0.1146787364805665,0,0.001375,1.0022438764572144,False,0.0,normal,4,13.539,1.0,0.1908150718083819,0.027051539037119977,0.8123207291599566,0.00016194053193256108,37.22773979400604,,False,,0.5043478260869565,0.5260869565217391,0.6543478260869565,0.4826086956521739,0.5152173913043478,0.6597826086956522,0.04782608695652174,0.21630434782608696,0.4092391304347826,0.1826086956521739,0.19510869565217392,0.8347826086956521,0.6521739130434783,0.8902173913043478,0.5504456521739131
200,2p2,200_2p2,Ar,mc,AKGC417L,200_2p2_Ar_mc_AKGC417L,/nas/home/pcallandrone/DeepLearning/dataset/ICBHI_2017/ICBHI_final_database/200_2p2_Ar_mc_AKGC417L.wav,/nas/home/pcallandrone/DeepLearning/dataset/ICBHI_2017/ICBHI_final_database/200_2p2_Ar_mc_AKGC417L.txt,44100,20.0,0.7075533765094232,1.0052529573440552,0.3160249433106576,0.005252991337329149,0.7129751939809498,1.0294252634048462,0.16278333333333334,3.190408041901151,0.004816666666666667,27,0.6725862041639469,0.6853593575972207,0.7167749119072104,0.030382031923826665,0,0.201875,1.0294252634048462,False,0.0,normal,4,13.539,1.0,0.16575436066001958,0.046566089370664344,0.8347489809752051,1.577655838985854e-06,38.011920967128475,,False,,0.9989130434782608,0.9989130434782608,0.5989130434782609,0.6456521739130435,0.9956521739130435,0.6054347826086957,0.525,1.0,0.002173913043478261,0.1826086956521739,0.19510869565217392,0.8347826086956521,0.6706521739130434,0.003260869565217391,0.7917010869565219
200,2p2,200_2p2,Lr,mc,AKGC417L,200_2p2_Lr_mc_AKGC417L,/nas/home/pcallandrone/DeepLearning/dataset/ICBHI_2017/ICBHI_final_database/200_2p2_Lr_mc_AKGC417L.wav,/nas/home/pcallandrone/DeepLearning/dataset/ICBHI_2017/ICBHI_final_database/200_2p2_Lr_mc_AKGC417L.txt,44100,20.0,0.33753528498614827,1.000232219696045,0.01991609977324263,-0.000232373655308038,0.3405161502995797,1.0394456386566162,0.0182,9.693281327787892,0.0195,27,0.3022970946814585,0.3180542186992565,0.3388483342527738,0.0580650332033436,0,0.03175,1.0394456386566162,False,0.0,normal,4,13.539,1.0,0.13744022571802783,0.020343169307019498,0.8643474121135792,1.4784867327381124e-05,27.037231468218028,,False,,0.8695652173913043,0.908695652173913,0.5239130434782608,0.39021739130434785,0.9184782608695652,0.5260869565217391,0.1608695652173913,0.8228260869565217,0.12065217391304348,0.1826086956521739,0.19510869565217392,0.8347826086956521,0.41956521739130437,0.14782608695652175,0.6769836956521739
200,2p2,200_2p2,Pl,mc,AKGC417L,200_2p2_Pl_mc_AKGC417L,/nas/home/pcallandrone/DeepLearning/dataset/ICBHI_2017/ICBHI_final_database/200_2p2_Pl_mc_AKGC417L.wav,/nas/home/pcallandrone/DeepLearning/dataset/ICBHI_2017/ICBHI_final_database/200_2p2_Pl_mc_AKGC417L.txt,44100,20.0,0.14234938242983977,1.0000184774398804,0.0004920634920634921,-1.8609407561598346e-05,0.14525928728369472,1.0136888027191162,0.00028333333333333335,16.875214800269156,0.038066666666666665,27,0.1135546713934912,0.1283060450976729,0.146830250714367,0.09738891770234206,0,0.001,1.0136888027191162,False,0.0,normal,4,13.539,1.0,0.1379486661613615,0.0506393689523347,0.8622618005803605,2.0974785288875587e-06,30.38261720946625,,False,,0.5021739130434782,0.5347826086956522,0.5260869565217391,0.6673913043478261,0.6369565217391304,0.533695652173913,0.47608695652173916,0.28804347826086957,0.4092391304347826,0.1826086956521739,0.19510869565217392,0.8347826086956521,0.5152173913043478,0.9021739130434783,0.5789891304347827
200,2p2,200_2p2,Pr,mc,AKGC417L,200_2p2_Pr_mc_AKGC417L,/nas/home/pcallandrone/DeepLearning/dataset/ICBHI_2017/ICBHI_final_database/200_2p2_Pr_mc_AKGC417L.wav,/nas/home/pcallandrone/DeepLearning/dataset/ICBHI_2017/ICBHI_final_database/200_2p2_Pr_mc_AKGC417L.txt,44100,20.0,0.25630090630309027,1.0001230239868164,0.0013945578231292517,-0.0001231379428645596,0.2576798739884396,1.0022717714309692,0.0018,11.798099984120384,0.022266666666666667,27,0.2294318349429091,0.23279297206772043,0.2592575085007232,0.0720655499168689,0,0.00725,1.0022717714309692,False,0.0,crackles,4,13.539,0.7349139522859887,0.04344805821497771,0.013345941656869139,0.956793749900787,3.1492871633004995e-06,19.4718885644878,,False,,0.7608695652173914,0.8,0.19021739130434784,0.2717391304347826,0.8173913043478261,0.1956521739130435,0.3967391304347826,0.7157608695652173,0.3065217391304348,0.1826086956521739,0.19510869565217392,0.5967391304347827,0.21195652173913043,0.27391304347826084,0.5412608695652176
200,2p2,200_2p2,Tc,mc,AKGC417L,200_2p2_Tc_mc_AKGC417L,/nas/home/pcallandrone/DeepLearning/dataset/ICBHI_2017/ICBHI_final_database/200_2p2_Tc_mc_AKGC417L.wav,/nas/home/pcallandrone/DeepLearning/dataset/ICBHI_2017/ICBHI_final_database/200_2p2_Tc_mc_AKGC417L.txt,44100,20.0,0.15328760911532185,1.0002126693725586,0.004668934240362812,-0.0002127834304701537,0.17032456672784688,1.0300546884536743,0.004733333333333333,15.631659802097737,0.058633333333333336,27,0.05202373884870873,0.05883193914819316,0.15617184187996802,0.4879327656926259,0,0.01775,1.0300546884536743,False,0.0,crackles,4,13.539,0.0,0.2727761494196533,0.05818891676693306,0.7299306574909176,5.180492869745132e-05,44.213125540423896,,False,,0.5478260869565217,0.27717391304347827,0.7576086956521739,0.6934782608695652,0.02717391304347826,0.7717391304347826,0.08260869565217391,0.11956521739130435,0.225,0.1826086956521739,0.19510869565217392,0.14402173913043478,0.7608695652173914,0.7771739130434783,0.4447119565217391
200,2p3,200_2p3,Al,mc,AKGC417L,200_2p3_Al_mc_AKGC417L,/nas/home/pcallandrone/DeepLearning/dataset/ICBHI_2017/ICBHI_final_database/200_2p3_Al_mc_AKGC417L.wav,/nas/home/pcallandrone/DeepLearning/dataset/ICBHI_2017/ICBHI_final_database/200_2p3_Al_mc_AKGC417L.txt,44100,20.0,0.18952102411269134,1.0003410577774048,0.0039546485260770975,-0.0003411393554415554,0.19569934241316,1.0035912990570068,0.004016666666666667,14.199350416776182,0.035383333333333336,27,0.12719321864531913,0.1395268310928249,0.17773394570372034,0.25986048220833896,0,0.02375,1.0035912990570068,False,0.0,normal,3,12.855,1.0,0.17341929595100597,0.03034338370402972,0.8290208346065996,6.05444072129466e-05,35.07102328729631,,False,,0.6097826086956522,0.5597826086956522,0.6086956521739131,0.5173913043478261,0.14891304347826087,0.616304347826087,0.07391304347826087,0.32717391304347826,0.24347826086956523,0.07554347826086956,0.043478260869565216,0.8347826086956521,0.6119565217391304,0.5989130434782609,0.510125
200,2p3,200_2p3,Ar,mc,AKGC417L,200_2p3_Ar_mc_AKGC417L,/nas/home/pcallandrone/DeepLearning/dataset/ICBHI_2017/ICBHI_final_database/200_2p3_Ar_mc_AKGC417L.wav,/nas/home/pcallandrone/DeepLearning/dataset/ICBHI_2017/ICBHI_final_database/200_2p3_Ar_mc_AKGC417L.txt,44100,20.0,0.25951271678117066,1.0006242990493774,0.018653061224489797,0.0006243448588065803,0.25848968465637207,1.0048589706420898,0.016816666666666667,11.793237940578452,0.029283333333333335,27,0.2057827841171315,0.22985746491575185,0.2583159317757754,0.09599304456027273,0,0.02675,1.0048589706420898,False,0.0,normal,3,12.855,1.0,0.06934882871495336,0.015474498795465618,0.9307043460262406,3.043642588199717e-07,30.166437652017578,,False,,0.7652173913043478,0.7956521739130434,0.28804347826086957,0.3032608695652174,0.6467391304347826,0.29456521739130437,0.7771739130434783,0.4483695652173913,0.12282608695652174,0.07554347826086956,0.043478260869565216,0.8347826086956521,0.5076086956521739,0.2717391304347826,0.5727717391304348
200,2p3,200_2p3,Lr,mc,AKGC417L,200_2p3_Lr_mc_AKGC417L,/nas/home/pcallandrone/DeepLearning/dataset/ICBHI_2017/ICBHI_final_database/200_2p3_Lr_mc_AKGC417L.wav,/nas/home/pcallandrone/DeepLearning/dataset/ICBHI_2017/ICBHI_final_database/200_2p3_Lr_mc_AKGC417L.txt,44100,20.0,0.35029673626425956,1.0001862049102783,0.02220294784580499,-0.00018632785941008478,0.34757985492091087,1.0031341314315796,0.018216666666666666,9.206088194178433,0.019783333333333333,27,0.3083042596065398,0.3264231624662528,0.34657882743847734,0.06302148324200031,0,0.035375,1.0031341314315796,False,0.0,normal,3,12.855,1.0,0.06684805764507669,0.01213858028949447,0.9356302419816089,8.886521407202058e-06,22.977349937468418,,False,,0.8782608695652174,0.9173913043478261,0.27391304347826084,0.2510869565217391,0.8847826086956522,0.26956521739130435,0.21956521739130436,0.8103260869565218,0.11956521739130435,0.07554347826086956,0.043478260869565216,0.8347826086956521,0.30543478260869567,0.12065217391304348,0.5944673913043479
200,2p3,200_2p3,Pl,mc,AKGC417L,200_2p3_Pl_mc_AKGC417L,/nas/home/pcallandrone/DeepLearning/dataset/ICBHI_2017/ICBHI_final_database/200_2p3_Pl_mc_AKGC417L.wav,/nas/home/pcallandrone/DeepLearning/dataset/ICBHI_2017/ICBHI_final_database/200_2p3_Pl_mc_AKGC417L.txt,44100,20.0,0.39115837615043203,1.0001559257507324,0.024103174603174602,-0.00015599766629748046,0.3957941627103872,1.0447312593460083,0.02205,8.430704089549888,0.017633333333333334,27,0.3322702726948652,0.37136437930257415,0.40129007583230186,0.06767966984897303,0,0.04575,1.0447312593460083,False,0.0,crackles,3,12.855,0.561026837806301,0.21665527459465092,0.09235730340774091,0.7834033839422982,3.353376090178538e-06,41.009318951504774,,False,,0.9239130434782609,0.9478260869565217,0.6891304347826087,0.7880434782608695,0.8586956521739131,0.7,0.3804347826086957,0.8858695652173914,0.10489130434782609,0.07554347826086956,0.043478260869565216,0.5467391304347826,0.7141304347826087,0.08695652173913043,0.7465434782608694
200,2p3,200_2p3,Pr,mc,AKGC417L,200_2p3_Pr_mc_AKGC417L,/nas/home/pcallandrone/DeepLearning/dataset/ICBHI_2017/ICBHI_final_database/200_2p3_Pr_mc_AKGC417L.wav,/nas/home/pcallandrone/DeepLearning/dataset/ICBHI_2017/ICBHI_final_database/200_2p3_Pr_mc_AKGC417L.txt,44100,20.0,0.24740572054636356,1.0002036094665527,0.00015419501133786848,-0.00020374078303575516,0.2567118165825191,1.0009100437164307,0.00018333333333333334,11.81898374255885,0.0228,27,0.22528046289438244,0.2407130711998391,0.26029600261242974,0.0578679489915694,0,0.001375,1.0009100437164307,False,0.0,normal,3,12.855,1.0,0.036300829148926184,0.011697121590648781,0.9642944181489942,3.704196789409685e-06,17.78486682330121,,False,,0.758695652173913,0.8119565217391305,0.1673913043478261,0.24565217391304348,0.9206521739130434,0.17391304347826086,0.36086956521739133,0.7,0.4217391304347826,0.07554347826086956,0.043478260869565216,0.8347826086956521,0.17608695652173914,0.27717391304347827,0.552233695652174
200,2p3,200_2p3,Tc,mc,AKGC417L,200_2p3_Tc_mc_AKGC417L,/nas/home/pcallandrone/DeepLearning/dataset/ICBHI_2017/ICBHI_final_database/200_2p3_Tc_mc_AKGC417L.wav,/nas/home/pcallandrone/DeepLearning/dataset/ICBHI_2017/ICBHI_final_database/200_2p3_Tc_mc_AKGC417L.txt,44100,20.0,0.34930671071254416,1.0001258850097656,0.026453514739229026,0.00012592770508490503,0.3655011243107601,1.009333848953247,0.02945,8.822922412582109,0.04393333333333333,27,0.17961356760355307,0.25625024613227615,0.37690531676515726,0.19398552796341703,0,0.063625,1.009333848953247,False,0.0,crackles,3,12.855,0.47397899649941655,0.03938635132877474,0.008643018146539137,0.9606325498934803,4.763867491839982e-06,20.421915000926457,,False,,0.9010869565217391,0.842391304347826,0.17608695652173914,0.1934782608695652,0.23478260869565218,0.1826086956521739,0.32065217391304346,0.20434782608695654,0.07282608695652174,0.07554347826086956,0.043478260869565216,0.5130434782608696,0.23369565217391305,0.10108695652173913,0.440983695652174
200,2p4,200_2p4,Al,mc,AKGC417L,200_2p4_Al_mc_AKGC417L,/nas/home/pcallandrone/DeepLearning/dataset/ICBHI_2017/ICBHI_final_database/200_2p4_Al_mc_AKGC417L.wav,/nas/home/pcallandrone/DeepLearning/dataset/ICBHI_2017/ICBHI_final_database/200_2p4_Al_mc_AKGC417L.txt,44100,20.0,0.12498011063552612,0.7749678492546082,0.0,-4.569907105178572e-05,0.12768318341475524,0.7654982805252075,0.0,15.556210342884784,0.03386666666666667,27,0.10395870717959362,0.11115598320151927,0.12510614164627637,0.09963786911106197,0,0.0,0.7654982805252075,False,0.0,normal,4,14.825,1.0,0.07479608872168315,0.017612402273253638,0.9261455308787082,0.00012879764214318527,26.990112785332776,,False,,0.4423913043478261,0.4717391304347826,0.3184782608695652,0.3423913043478261,0.6206521739130435,0.31956521739130433,0.05543478260869565,0.3532608695652174,0.7516304347826087,0.6059782608695652,0.19510869565217392,0.8347826086956521,0.41630434782608694,0.7673913043478261,0.491929347826087
200,2p4,200_2p4,Ar,mc,AKGC417L,200_2p4_Ar_mc_AKGC417L,/nas/home/pcallandrone/DeepLearning/dataset/ICBHI_2017/ICBHI_final_database/200_2p4_Ar_mc_AKGC417L.wav,/nas/home/pcallandrone/DeepLearning/dataset/ICBHI_2017/ICBHI_final_database/200_2p4_Ar_mc_AKGC417L.txt,44100,20.0,0.5581331946590458,1.0018819570541382,0.15597052154195012,0.0018818976823240519,0.5572839425597953,1.0169283151626587,0.07895,5.224276205110172,0.01395,27,0.47373812249124536,0.510979852986857,0.5447412595810105,0.0696758227057389,0,0.112125,1.0169283151626587,False,0.0,normal,4,14.825,1.0,0.08084394090924595,0.019626119025328362,0.9195564959467366,1.3492750146959238e-05,25.801607486630612,,False,,0.991304347826087,0.991304347826087,0.35,0.3793478260869565,0.8380434782608696,0.35434782608695653,0.17173913043478262,0.9804347826086957,0.01956521739130435,0.6059782608695652,0.19510869565217392,0.8347826086956521,0.38804347826086955,0.008695652173913044,0.6908913043478261
200,2p4,200_2p4,Lr,mc,AKGC417L,200_2p4_Lr_mc_AKGC417L,/nas/home/pcallandrone/DeepLearning/dataset/ICBHI_2017/ICBHI_final_database/200_2p4_Lr_mc_AKGC417L.wav,/nas/home/pcallandrone/DeepLearning/dataset/ICBHI_2017/ICBHI_final_database/200_2p4_Lr_mc_AKGC417L.txt,44100,20.0,0.3148813935588455,1.0006487369537354,0.02383219954648526,-0.0006488686194643378,0.3149856573510316,1.015491247177124,0.018666666666666668,10.16770810714089,0.024616666666666665,27,0.24126861635278563,0.2889579534981126,0.31893059775380617,0.07099887021859341,0,0.026375,1.015491247177124,False,0.0,normal,4,14.825,1.0,0.4032493343502537,0.02964088568300601,0.5967862176345449,5.44245648826816e-06,40.397385153031905,,False,,0.8402173913043478,0.883695652173913,0.875,0.5097826086956522,0.8271739130434783,0.8826086956521739,0.3032608695652174,0.6255434782608695,0.11739130434782609,0.6059782608695652,0.19510869565217392,0.8347826086956521,0.7043478260869566,0.16195652173913044,0.7888206521739131
200,2p4,200_2p4,Pl,mc,AKGC417L,200_2p4_Pl_mc_AKGC417L,/nas/home/pcallandrone/DeepLearning/dataset/ICBHI_2017/ICBHI_final_database/200_2p4_Pl_mc_AKGC417L.wav,/nas/home/pcallandrone/DeepLearning/dataset/ICBHI_2017/ICBHI_final_database/200_2p4_Pl_mc_AKGC417L.txt,44100,20.0,0.3712484732784641,1.000112771987915,0.013630385487528344,0.00011280933540547267,0.3724290049256541,1.009546160697937,0.012166666666666666,8.661653694536337,0.018233333333333334,27,0.3034080721540564,0.32346818514951176,0.35398409388956376,0.10276799193719467,0,0.0425,1.009546160697937,False,0.0,crackles,4,14.825,0.7702529510961214,0.08475836674990085,0.027589228371706374,0.9153433563983364,2.9046339402125345e-06,24.771980563627903,,False,,0.9065217391304348,0.9141304347826087,0.36195652173913045,0.4902173913043478,0.5956521739130435,0.3652173913043478,0.41739130434782606,0.8652173913043478,0.15108695652173912,0.6059782608695652,0.19510869565217392,0.6260869565217392,0.36195652173913045,0.09347826086956522,0.6527717391304347
200,2p4,200_2p4,Pr,mc,AKGC417L,200_2p4_Pr_mc_AKGC417L,/nas/home/pcallandrone/DeepLearning/dataset/ICBHI_2017/ICBHI_final_database/200_2p4_Pr_mc_AKGC417L.wav,/nas/home/pcallandrone/DeepLearning/dataset/ICBHI_2017/ICBHI_final_database/200_2p4_Pr_mc_AKGC417L.txt,44100,20.0,0.2334747931676251,1.000215768814087,0.0028662131519274375,-0.00021590643154922873,0.24506010536066725,1.0009044408798218,0.0037166666666666667,12.222400001769426,0.0237,27,0.18983336845062848,0.2094291008501094,0.225780657219452,0.15731335385510337,0,0.027875,1.0009044408798218,False,0.0,crackles,4,14.825,0.7894097807757167,0.030382185834631207,0.008934063408345471,0.9698697396656658,3.4858464656108146e-06,14.767829283572375,,False,,0.7336956521739131,0.7521739130434782,0.13804347826086957,0.20108695652173914,0.3423913043478261,0.14565217391304347,0.3706521739130435,0.6619565217391304,0.2505434782608696,0.6059782608695652,0.19510869565217392,0.633695652173913,0.1282608695652174,0.33152173913043476,0.48942934782608694
200,2p4,200_2p4,Tc,mc,AKGC417L,200_2p4_Tc_mc_AKGC417L,/nas/home/pcallandrone/DeepLearning/dataset/ICBHI_2017/ICBHI_final_database/200_2p4_Tc_mc_AKGC417L.wav,/nas/home/pcallandrone/DeepLearning/dataset/ICBHI_2017/ICBHI_final_database/200_2p4_Tc_mc_AKGC417L.txt,44100,20.0,0.20719853797978266,1.000138521194458,0.00481859410430839,0.00013854338612873107,0.21090236331907322,1.0315968990325928,0.005066666666666666,13.78857162832352,0.06568333333333333,27,0.025058068145009754,0.06786356687973324,0.21424130192315644,0.40711922048261295,0,0.014125,1.0315968990325928,False,0.0,normal,4,14.825,1.0,0.17896998706011788,0.04668571598532074,0.8217672504144347,4.215336173179797e-06,35.88784981164816,,False,,0.6554347826086957,0.3108695652173913,0.625,0.6478260869565218,0.04021739130434782,0.6358695652173914,0.3423913043478261,0.09891304347826087,0.21793478260869564,0.6059782608695652,0.19510869565217392,0.8347826086956521,0.6293478260869565,0.5304347826086957,0.5252880434782609
200,3p4,200_3p4,Al,mc,AKGC417L,200_3p4_Al_mc_AKGC417L,/nas/home/pcallandrone/DeepLearning/dataset/ICBHI_2017/ICBHI_final_database/200_3p4_Al_mc_AKGC417L.wav,/nas/home/pcallandrone/DeepLearning/dataset/ICBHI_2017/ICBHI_final_database/200_3p4_Al_mc_AKGC417L.txt,44100,20.0,0.23948504210408045,1.0003875494003296,0.004030612244897959,-0.0003876917762681842,0.24061137630992846,1.0056004524230957,0.00375,12.422186051746786,0.0279,27,0.20895589536899778,0.21604456088704438,0.2420699670978435,0.07475531470023539,0,0.01475,1.0056004524230957,False,0.0,normal,4,14.691,1.0,0.11457699702986297,0.012957153476847404,0.8856146480612611,7.634496470088675e-05,31.736506986177602,,False,,0.7228260869565217,0.7695652173913043,0.4652173913043478,0.2673913043478261,0.7978260869565217,0.46847826086956523,0.06630434782608696,0.508695652173913,0.24782608695652175,0.5706521739130435,0.19510869565217392,0.8347826086956521,0.5445652173913044,0.35,0.6139510869565219
200,3p4,200_3p4,Ar,mc,AKGC417L,200_3p4_Ar_mc_AKGC417L,/nas/home/pcallandrone/DeepLearning/dataset/ICBHI_2017/ICBHI_final_database/200_3p4_Ar_mc_AKGC417L.wav,/nas/home/pcallandrone/DeepLearning/dataset/ICBHI_2017/ICBHI_final_database/200_3p4_Ar_mc_AKGC417L.txt,44100,20.0,0.24855484263804542,1.0006781816482544,0.004560090702947846,-0.0006783576100133359,0.25456408673419023,1.0025063753128052,0.00395,11.90580017027045,0.025433333333333332,27,0.21204582707211667,0.23020988142061816,0.24588385352971437,0.09800477951466985,0,0.01325,1.0025063753128052,False,0.0,normal,4,14.691,1.0,0.03476456818801535,0.004365991391063254,0.9654577829905902,5.602641330984951e-06,19.288192871453546,,False,,0.7532608695652174,0.7967391304347826,0.16521739130434782,0.12282608695652174,0.6315217391304347,0.17065217391304346,0.29456521739130437,0.5875,0.24456521739130435,0.5706521739130435,0.19510869565217392,0.8347826086956521,0.20434782608695654,0.2902173913043478,0.5342717391304348
200,3p4,200_3p4,Pl,mc,AKGC417L,200_3p4_Pl_mc_AKGC417L,/nas/home/pcallandrone/DeepLearning/dataset/ICBHI_2017/ICBHI_final_database/200_3p4_Pl_mc_AKGC417L.wav,/nas/home/pcallandrone/DeepLearning/dataset/ICBHI_2017/ICBHI_final_database/200_3p4_Pl_mc_AKGC417L.txt,44100,20.0,0.37273550401056665,1.0004173517227173,0.010709750566893423,-0.0004174460773356259,0.38285871202777555,1.0025805234909058,0.012716666666666666,8.361614589496703,0.015816666666666666,27,0.35060733991379667,0.35972162238246913,0.39073732071093464,0.048471475822689354,0,0.023,1.0025805234909058,False,0.0,normal,4,14.691,1.0,0.07083549000791488,0.016118048125682776,0.9293070752975972,2.2991728754885228e-06,22.19541729277237,,False,,0.9130434782608695,0.9423913043478261,0.2956521739130435,0.3141304347826087,0.9641304347826087,0.30217391304347824,0.45760869565217394,0.9358695652173913,0.14782608695652175,0.5706521739130435,0.19510869565217392,0.8347826086956521,0.28804347826086957,0.08478260869565217,0.6844076086956522
200,3p4,200_3p4,Pr,mc,AKGC417L,200_3p4_Pr_mc_AKGC417L,/nas/home/pcallandrone/DeepLearning/dataset/ICBHI_2017/ICBHI_final_database/200_3p4_Pr_mc_AKGC417L.wav,/nas/home/pcallandrone/DeepLearning/dataset/ICBHI_2017/ICBHI_final_database/200_3p4_Pr_mc_AKGC417L.txt,44100,20.0,0.34643188060887264,1.0005838871002197,0.020302721088435373,0.0005839449586346745,0.3595194031355921,1.008556842803955,0.021166666666666667,8.959560922315221,0.020633333333333333,27,0.27599324925941005,0.2995107504711347,0.356616711598677,0.11505410998240181,0,0.054625,1.008556842803955,False,0.0,normal,4,14.691,1.0,0.06744445093416919,0.031221576307903433,0.9326140079460704,1.9076091151727997e-06,24.780254885909777,,False,,0.8945652173913043,0.8945652173913043,0.28043478260869564,0.525,0.5119565217391304,0.2847826086956522,0.4891304347826087,0.7804347826086957,0.10760869565217392,0.5706521739130435,0.19510869565217392,0.8347826086956521,0.3630434782608696,0.10652173913043478,0.6375380434782608
200,3p4,200_3p4,Tc,mc,AKGC417L,200_3p4_Tc_mc_AKGC417L,/nas/home/pcallandrone/DeepLearning/dataset/ICBHI_2017/ICBHI_final_database/200_3p4_Tc_mc_AKGC417L.wav,/nas/home/pcallandrone/DeepLearning/dataset/ICBHI_2017/ICBHI_final_database/200_3p4_Tc_mc_AKGC417L.txt,44100,20.0,0.11226972012317636,1.0001896619796753,0.0001417233560090703,-0.00018978092703036964,0.1201925230478571,1.001880168914795,0.00016666666666666666,18.418766562036677,0.05155,27,0.09420104925182958,0.09986392540877605,0.1234383631282479,0.1305166045527665,0,0.00125,1.001880168914795,False,0.0,crackles,4,14.691,0.5783813218977605,0.092890344057573,0.03458301362242204,0.9071261442429647,1.2133792524842274e-05,28.398370628342985,,False,,0.41847826086956524,0.43478260869565216,0.391304347826087,0.5521739130434783,0.4391304347826087,0.39565217391304347,0.18695652173913044,0.14673913043478262,0.4266304347826087,0.5706521739130435,0.19510869565217392,0.5532608695652174,0.46630434782608693,0.9684782608695652,0.46766304347826093
201,1b1,201_1b1,Al,sc,Meditron,201_1b1_Al_sc_Meditron,/nas/home/pcallandrone/DeepLearning/dataset/ICBHI_2017/ICBHI_final_database/201_1b1_Al_sc_Meditron.wav,/nas/home/pcallandrone/DeepLearning/dataset/ICBHI_2017/ICBHI_final_database/201_1b1_Al_sc_Meditron.txt,44100,20.00002267573696,0.01591272786837464,0.13896389305591583,0.0,-1.3161261449567974e-05,0.01584508774401884,0.11814675480127335,0.0,17.45054291816666,0.038816666666666666,27,0.013142864366804318,0.013449810293736387,0.01584755321384982,0.10316787001379614,0,0.0,0.11814675480127335,False,0.0,both,5,14.95,0.13090301003344473,0.5271622551402066,0.11646179950591688,0.47295833269909027,1.4513960676998796e-06,62.175056565266196,,True,,0.04891304347826087,0.059782608695652176,0.933695652173913,0.8304347826086956,0.5891304347826087,0.9402173913043478,0.5380434782608695,0.27608695652173915,0.7516304347826087,0.775,0.4320652173913043,0.3358695652173913,0.8869565217391304,0.9554347826086956,0.5715760869565217
201,1b1,201_1b1,Ar,sc,Meditron,201_1b1_Ar_sc_Meditron,/nas/home/pcallandrone/DeepLearning/dataset/ICBHI_2017/ICBHI_final_database/201_1b1_Ar_sc_Meditron.wav,/nas/home/pcallandrone/DeepLearning/dataset/ICBHI_2017/ICBHI_final_database/201_1b1_Ar_sc_Meditron.txt,44100,20.00002267573696,0.01632359415580996,0.17265598475933075,0.0,-1.8038947018794715e-05,0.016110690033432733,0.17251351475715637,0.0,20.594179576172177,0.07173333333333333,27,0.009971637580709338,0.011423147512111818,0.017178883086443514,0.22308483070675508,0,0.0,0.17251351475715637,False,0.0,wheezes,6,14.978,0.0581519562024303,0.6008417974995344,0.08685871252828793,0.40174967007699475,1.198589051084139e-06,66.58482506492585,,True,,0.051086956521739134,0.05434782608695652,0.9597826086956521,0.7728260869565218,0.18695652173913044,0.9619565217391305,0.5782608695652174,0.08369565217391305,0.7516304347826087,0.9304347826086956,0.6375,0.29347826086956524,0.907608695652174,0.7434782608695653,0.5349239130434784
201,1b2,201_1b2,Al,sc,Meditron,201_1b2_Al_sc_Meditron,/nas/home/pcallandrone/DeepLearning/dataset/ICBHI_2017/ICBHI_final_database/201_1b2_Al_sc_Meditron.wav,/nas/home/pcallandrone/DeepLearning/dataset/ICBHI_2017/ICBHI_final_database/201_1b2_Al_sc_Meditron.txt,44100,20.00002267573696,0.01459744874114684,0.1347242295742035,0.0,-1.964080729521811e-05,0.015068844449743112,0.13454261422157288,0.0,19.015598184816426,0.0447,27,0.011878530180330136,0.012741497191958374,0.015168720938572345,0.12982841112122662,0,0.0,0.13454261422157288,False,0.0,both,5,14.978,0.0,0.5525613579218894,0.17796695197676712,0.44834205717872055,1.8693153027169313e-06,70.33604370933041,,True,,0.04673913043478261,0.05652173913043478,0.941304347826087,0.9141304347826087,0.4423913043478261,0.9467391304347826,0.4934782608695652,0.19945652173913042,0.7516304347826087,0.9304347826086956,0.4320652173913043,0.14402173913043478,0.9184782608695652,0.9043478260869565,0.5528858695652176
201,1b2,201_1b2,Ar,sc,Meditron,201_1b2_Ar_sc_Meditron,/nas/home/pcallandrone/DeepLearning/dataset/ICBHI_2017/ICBHI_final_database/201_1b2_Ar_sc_Meditron.wav,/nas/home/pcallandrone/DeepLearning/dataset/ICBHI_2017/ICBHI_final_database/201_1b2_Ar_sc_Meditron.txt,44100,20.00002267573696,0.017724857238955928,0.23594489693641663,0.0,-1.702027839201037e-05,0.01773780557947436,0.18413853645324707,0.0,20.32489588405707,0.07528333333333333,27,0.008906343677094058,0.011256236186176515,0.014364902812999925,0.2984805973759089,0,0.0,0.18413853645324707,False,0.0,both,5,14.95,0.1242140468227424,0.5750852447263151,0.07034258022912963,0.42505761311137774,5.371538779556374e-07,61.62519592813265,,True,,0.05652173913043478,0.05326086956521739,0.95,0.7358695652173913,0.10978260869565218,0.9532608695652174,0.7054347826086956,0.07391304347826087,0.7516304347826087,0.775,0.4320652173913043,0.33260869565217394,0.8826086956521739,0.7815217391304348,0.5171956521739131
201,1b3,201_1b3,Al,sc,Meditron,201_1b3_Al_sc_Meditron,/nas/home/pcallandrone/DeepLearning/dataset/ICBHI_2017/ICBHI_final_database/201_1b3_Al_sc_Meditron.wav,/nas/home/pcallandrone/DeepLearning/dataset/ICBHI_2017/ICBHI_final_database/201_1b3_Al_sc_Meditron.txt,44100,20.00002267573696,0.016699816270090925,0.1972218155860901,0.0,-1.3290874449012335e-05,0.017218766036817688,0.19714607298374176,0.0,21.175722062119377,0.0675,27,0.011755028780299897,0.013213970483362605,0.01782851989781717,0.1624947064541651,0,0.0,0.19714607298374176,False,0.0,both,5,14.963999999999999,0.0,0.5458344063220809,0.12649528673065386,0.45441462642566705,1.5546995160098282e-06,62.97352363254269,,True,,0.05434782608695652,0.058695652173913045,0.9402173913043478,0.85,0.325,0.9456521739130435,0.5282608695652173,0.09456521739130434,0.7516304347826087,0.845108695652174,0.4320652173913043,0.14402173913043478,0.8891304347826087,0.6717391304347826,0.5228858695652175
201,1b3,201_1b3,Ar,sc,Meditron,201_1b3_Ar_sc_Meditron,/nas/home/pcallandrone/DeepLearning/dataset/ICBHI_2017/ICBHI_final_database/201_1b3_Ar_sc_Meditron.wav,/nas/home/pcallandrone/DeepLearning/dataset/ICBHI_2017/ICBHI_final_database/201_1b3_Ar_sc_Meditron.txt,44100,20.00002267573696,0.017585418968815235,0.21800154447555542,0.0,-1.603070631972514e-05,0.017668768431046353,0.2178933322429657,0.0,21.820753185498173,0.08635,27,0.009853996172393702,0.010966270773403147,0.015669470438445476,0.3389377281064208,0,0.0,0.2178933322429657,False,0.0,wheezes,6,14.964,0.0,0.6565209402622589,0.08884297285391729,0.3458459831739065,7.193560398055123e-07,64.37802737902982,,True,,0.05543478260869565,0.05,0.9739130434782609,0.7793478260869565,0.08369565217391305,0.9760869565217392,0.6684782608695652,0.06195652173913044,0.7516304347826087,0.871195652173913,0.6375,0.14402173913043478,0.8923913043478261,0.5945652173913043,0.5139293478260869
202,1b1,202_1b1,Ar,sc,Meditron,202_1b1_Ar_sc_Meditron,/nas/home/pcallandrone/DeepLearning/dataset/ICBHI_2017/ICBHI_final_database/202_1b1_Ar_sc_Meditron.wav,/nas/home/pcallandrone/DeepLearning/dataset/ICBHI_2017/ICBHI_final_database/202_1b1_Ar_sc_Meditron.txt,44100,19.8,0.05566962426159163,0.33300143480300903,0.0,-5.465144568006508e-05,0.048733517578237955,0.270234614610672,0.0,14.878264334574903,0.024783333333333334,27,0.03215038211237216,0.03641561960225056,0.04854849305903833,0.1717097420238576,0,0.0,0.270234614610672,False,0.0,normal,9,14.965,1.0,0.018155622980187684,0.0023848292092931407,0.9823392032862119,6.03673062754398e-07,10.53056825550435,,False,,0.14782608695652175,0.1423913043478261,0.08260869565217391,0.07065217391304347,0.2891304347826087,0.09456521739130434,0.691304347826087,0.6190217391304348,0.7516304347826087,0.8923913043478261,0.9353260869565218,0.8347826086956521,0.04456521739130435,0.6782608695652174,0.3737663043478261
203,1p2,203_1p2,Al,mc,AKGC417L,203_1p2_Al_mc_AKGC417L,/nas/home/pcallandrone/DeepLearning/dataset/ICBHI_2017/ICBHI_final_database/203_1p2_Al_mc_AKGC417L.wav,/nas/home/pcallandrone/DeepLearning/dataset/ICBHI_2017/ICBHI_final_database/203_1p2_Al_mc_AKGC417L.txt,44100,20.0,0.4938794076711616,1.000625729560852,0.08630725623582766,-0.0006258144858293235,0.4925889870387005,1.0542974472045898,0.07831666666666667,6.609569138106529,0.0162,27,0.47332057488635426,0.48074271742098046,0.4951656098112948,0.02039091102576803,0,0.105875,1.0542974472045898,False,0.0,both,8,14.589,0.0,0.10661901564051131,0.02744013922517547,0.8934124316637034,3.492614402140233e-06,27.14283942338264,,False,,0.975,0.9880434782608696,0.4423913043478261,0.4880434782608696,1.0,0.44456521739130433,0.3695652173913043,0.9266304347826086,0.020652173913043477,0.5092391304347826,0.8864130434782609,0.14402173913043478,0.42391304347826086,0.030434782608695653,0.7053858695652173
203,1p2,203_1p2,Ar,mc,AKGC417L,203_1p2_Ar_mc_AKGC417L,/nas/home/pcallandrone/DeepLearning/dataset/ICBHI_2017/ICBHI_final_database/203_1p2_Ar_mc_AKGC417L.wav,/nas/home/pcallandrone/DeepLearning/dataset/ICBHI_2017/ICBHI_final_database/203_1p2_Ar_mc_AKGC417L.txt,44100,20.0,0.43937876926708297,1.0006340742111206,0.039155328798185944,0.00063403754029423,0.4384273927211129,1.0073679685592651,0.0343,7.2258091297594955,0.015716666666666667,27,0.4197359906117751,0.4243111313752481,0.43516789560180164,0.02868355954283928,0,0.05625,1.0073679685592651,False,0.0,crackles,8,14.589,0.0,0.10409692940284096,0.015168940105967628,0.8960764455651651,6.282418031761626e-07,29.97568413739967,,False,,0.9510869565217391,0.9706521739130435,0.43043478260869567,0.29782608695652174,0.9978260869565218,0.43478260869565216,0.6847826086956522,0.9434782608695652,0.06032608695652174,0.5092391304347826,0.8864130434782609,0.14402173913043478,0.5032608695652174,0.04782608695652174,0.7079402173913045
203,1p2,203_1p2,Lr,mc,AKGC417L,203_1p2_Lr_mc_AKGC417L,/nas/home/pcallandrone/DeepLearning/dataset/ICBHI_2017/ICBHI_final_database/203_1p2_Lr_mc_AKGC417L.wav,/nas/home/pcallandrone/DeepLearning/dataset/ICBHI_2017/ICBHI_final_database/203_1p2_Lr_mc_AKGC417L.txt,44100,20.0,0.23706490106724118,1.0002200603485107,0.0017585034013605442,-0.0002201814786531031,0.24489455237164637,1.013283133506775,0.0014833333333333332,12.33503378182615,0.026316666666666665,27,0.19073735889376722,0.20657572199529814,0.22296423884831473,0.20325149542674562,0,0.00725,1.013283133506775,False,0.0,both,8,14.589,0.0,0.4358598061636684,0.02977979045153632,0.5645569539726119,4.098768304866901e-05,52.154784415159355,,False,,0.7326086956521739,0.7434782608695653,0.8956521739130435,0.5119565217391304,0.21630434782608696,0.9065217391304348,0.09456521739130434,0.5641304347826087,0.3233695652173913,0.5092391304347826,0.8864130434782609,0.14402173913043478,0.8184782608695652,0.34130434782608693,0.6482989130434783
203,1p2,203_1p2,Pl,mc,AKGC417L,203_1p2_Pl_mc_AKGC417L,/nas/home/pcallandrone/DeepLearning/dataset/ICBHI_2017/ICBHI_final_database/203_1p2_Pl_mc_AKGC417L.wav,/nas/home/pcallandrone/DeepLearning/dataset/ICBHI_2017/ICBHI_final_database/203_1p2_Pl_mc_AKGC417L.txt,44100,20.0,0.16796867145804933,1.0000693798065186,0.0020192743764172335,-6.944485357962549e-05,0.176664645222061,1.001386284828186,0.0027,15.069039861709548,0.03435,27,0.13866501833001124,0.14573990815955873,0.1549481906519941,0.20297990790564022,0,0.018125,1.001386284828186,False,0.0,crackles,8,14.589,0.1362670505175133,0.24246567700256702,0.10095174178398289,0.7588283181434734,1.2641532788733658e-06,39.66907632156476,,False,,0.566304347826087,0.5782608695652174,0.7326086956521739,0.8054347826086956,0.2184782608695652,0.741304347826087,0.5630434782608695,0.34619565217391307,0.27391304347826084,0.5092391304347826,0.8864130434782609,0.3402173913043478,0.6934782608695652,0.6967391304347826,0.6223750000000001
203,1p2,203_1p2,Pr,mc,AKGC417L,203_1p2_Pr_mc_AKGC417L,/nas/home/pcallandrone/DeepLearning/dataset/ICBHI_2017/ICBHI_final_database/203_1p2_Pr_mc_AKGC417L.wav,/nas/home/pcallandrone/DeepLearning/dataset/ICBHI_2017/ICBHI_final_database/203_1p2_Pr_mc_AKGC417L.txt,44100,20.0,0.12099794401278517,0.6361210942268372,0.0,-0.00011390264990041032,0.12253389518534819,0.6307516694068909,0.0,14.23204337842818,0.02723333333333333,27,0.1058814573256558,0.11059967420644824,0.12018913441595146,0.08561511401563243,0,0.0,0.6307516694068909,False,0.0,crackles,8,14.589,0.8421413393652752,0.15342631335246132,0.034052643135013876,0.8480401265542021,3.37753271524347e-06,27.023694578938848,,False,,0.4282608695652174,0.4673913043478261,0.5728260869565217,0.5489130434782609,0.7369565217391304,0.5739130434782609,0.3793478260869565,0.5358695652173913,0.7516304347826087,0.5092391304347826,0.8864130434782609,0.6467391304347826,0.41739130434782606,0.6043478260869565,0.6033641304347827
203,1p2,203_1p2,Tc,mc,AKGC417L,203_1p2_Tc_mc_AKGC417L,/nas/home/pcallandrone/DeepLearning/dataset/ICBHI_2017/ICBHI_final_database/203_1p2_Tc_mc_AKGC417L.wav,/nas/home/pcallandrone/DeepLearning/dataset/ICBHI_2017/ICBHI_final_database/203_1p2_Tc_mc_AKGC417L.txt,44100,20.0,0.18485372114949855,1.0000452995300293,0.0002913832199546485,-4.5467662857845426e-05,0.18456202222888995,1.035016417503357,0.00036666666666666667,14.976097967172796,0.034,27,0.16467458264373813,0.17212919734370058,0.1817909045649687,0.06775223406017931,0,0.002375,1.035016417503357,False,0.0,wheezes,8,14.589,0.7200630612105011,0.0928292209077531,0.030138642696791357,0.9077007967134506,1.988803969562137e-06,30.019269112116312,,False,,0.5826086956521739,0.6521739130434783,0.39021739130434785,0.5141304347826087,0.8565217391304348,0.3923913043478261,0.48586956521739133,0.35,0.3972826086956522,0.5092391304347826,0.8864130434782609,0.5869565217391305,0.5054347826086957,0.6880434782608695,0.6107336956521741
203,1p3,203_1p3,Al,mc,AKGC417L,203_1p3_Al_mc_AKGC417L,/nas/home/pcallandrone/DeepLearning/dataset/ICBHI_2017/ICBHI_final_database/203_1p3_Al_mc_AKGC417L.wav,/nas/home/pcallandrone/DeepLearning/dataset/ICBHI_2017/ICBHI_final_database/203_1p3_Al_mc_AKGC417L.txt,44100,20.0,0.2515076804667892,1.000244140625,0.0023106575963718822,0.0002441634424030781,0.2574122053086909,1.0120450258255005,0.0027166666666666667,11.891413983766622,0.024783333333333334,27,0.23803317948553673,0.2407611660701941,0.25517977165586286,0.05975186623410268,0,0.007375,1.0120450258255005,False,0.0,crackles,8,14.911000000000001,0.13412916638723105,0.16071572755099905,0.04610381797715149,0.8394834299869055,1.3968239708497475e-06,33.879484593722246,,False,,0.7597826086956522,0.8130434782608695,0.5869565217391305,0.6402173913043478,0.9043478260869565,0.591304347826087,0.5456521739130434,0.6190217391304348,0.2728260869565217,0.6826086956521739,0.8864130434782609,0.3391304347826087,0.591304347826087,0.28804347826086957,0.7240108695652173
203,1p3,203_1p3,Ar,mc,AKGC417L,203_1p3_Ar_mc_AKGC417L,/nas/home/pcallandrone/DeepLearning/dataset/ICBHI_2017/ICBHI_final_database/203_1p3_Ar_mc_AKGC417L.wav,/nas/home/pcallandrone/DeepLearning/dataset/ICBHI_2017/ICBHI_final_database/203_1p3_Ar_mc_AKGC417L.txt,44100,20.0,0.3419740025693573,1.0002011060714722,0.011914965986394558,0.00020108532044105232,0.3492963364772988,1.0033644437789917,0.013216666666666666,9.16529352190623,0.020016666666666665,27,0.291928779822468,0.3007720284437695,0.348493713265108,0.10974336831553584,0,0.03625,1.0033644437789917,False,0.0,both,8,14.911000000000001,0.0,0.08877507879803721,0.017976735815462046,0.9114645666156684,2.2979202249365503e-07,25.94036435709537,,False,,0.8815217391304347,0.8956521739130435,0.3739130434782609,0.3467391304347826,0.5489130434782609,0.3782608695652174,0.8021739130434783,0.8043478260869565,0.14347826086956522,0.6826086956521739,0.8864130434782609,0.14402173913043478,0.391304347826087,0.11847826086956521,0.6454184782608696
203,1p3,203_1p3,Pl,mc,AKGC417L,203_1p3_Pl_mc_AKGC417L,/nas/home/pcallandrone/DeepLearning/dataset/ICBHI_2017/ICBHI_final_database/203_1p3_Pl_mc_AKGC417L.wav,/nas/home/pcallandrone/DeepLearning/dataset/ICBHI_2017/ICBHI_final_database/203_1p3_Pl_mc_AKGC417L.txt,44100,20.0,0.22682158115013698,1.000091314315796,0.00046031746031746033,9.12576651899144e-05,0.22863016414273785,1.0086387395858765,0.0004,12.892042322027331,0.0267,27,0.18083678345972615,0.1990100795119287,0.21499112856101635,0.10372137503995323,0,0.00175,1.0086387395858765,False,0.0,crackles,8,14.911000000000001,0.12460599557373764,0.2766172602368727,0.1677728002604015,0.7236765965301091,8.395712912373785e-07,58.139714613648366,,False,,0.6945652173913044,0.725,0.7652173913043478,0.9021739130434783,0.5847826086956521,0.7782608695652173,0.6369565217391304,0.5559782608695653,0.3934782608695652,0.6826086956521739,0.8864130434782609,0.33369565217391306,0.8565217391304348,0.4217391304347826,0.7478369565217392
203,1p3,203_1p3,Pr,mc,AKGC417L,203_1p3_Pr_mc_AKGC417L,/nas/home/pcallandrone/DeepLearning/dataset/ICBHI_2017/ICBHI_final_database/203_1p3_Pr_mc_AKGC417L.wav,/nas/home/pcallandrone/DeepLearning/dataset/ICBHI_2017/ICBHI_final_database/203_1p3_Pr_mc_AKGC417L.txt,44100,20.0,0.19937424570573348,0.9878595471382141,0.0,0.000577481696382165,0.2026850373042402,0.8008623123168945,0.0,11.934723346044917,0.02225,27,0.16948674921486864,0.1770149039278758,0.20031364541564656,0.09768868617258532,0,0.0,0.8008623123168945,False,0.0,both,8,14.911000000000001,0.3333780430554625,0.07267606081761219,0.02918521092280896,0.9285425113499327,1.0565590955906015e-06,20.36458317837978,,False,,0.6326086956521739,0.6695652173913044,0.30869565217391304,0.5054347826086957,0.633695652173913,0.3108695652173913,0.6043478260869565,0.7179347826086957,0.7516304347826087,0.6826086956521739,0.8864130434782609,0.47282608695652173,0.2326086956521739,0.29782608695652174,0.6032989130434784
203,1p3,203_1p3,Tc,mc,AKGC417L,203_1p3_Tc_mc_AKGC417L,/nas/home/pcallandrone/DeepLearning/dataset/ICBHI_2017/ICBHI_final_database/203_1p3_Tc_mc_AKGC417L.wav,/nas/home/pcallandrone/DeepLearning/dataset/ICBHI_2017/ICBHI_final_database/203_1p3_Tc_mc_AKGC417L.txt,44100,20.0,0.26563627245724036,1.0002795457839966,0.0021485260770975055,0.00027958484133705497,0.2734411294014088,1.0907589197158813,0.0019833333333333335,12.017298676254907,0.02595,27,0.24839846497201704,0.25198528227108263,0.27625483337653745,0.04717748841834812,0,0.0085,1.0907589197158813,False,0.0,wheezes,8,14.911000000000001,0.8571524377975991,0.11328340439057981,0.03872408567635693,0.8867811425035639,5.143348547128094e-06,36.51290521493701,,False,,0.7880434782608695,0.8336956521739131,0.4597826086956522,0.5793478260869566,0.9728260869565217,0.4652173913043478,0.3108695652173913,0.5739130434782609,0.3005434782608696,0.6826086956521739,0.8864130434782609,0.6532608695652173,0.6369565217391304,0.3065217391304348,0.7133260869565217
203,1p4,203_1p4,Al,mc,AKGC417L,203_1p4_Al_mc_AKGC417L,/nas/home/pcallandrone/DeepLearning/dataset/ICBHI_2017/ICBHI_final_database/203_1p4_Al_mc_AKGC417L.wav,/nas/home/pcallandrone/DeepLearning/dataset/ICBHI_2017/ICBHI_final_database/203_1p4_Al_mc_AKGC417L.txt,44100,20.0,0.2177464461221434,1.0000180006027222,0.0005623582766439909,1.8017964976024814e-05,0.21840340896066604,1.0024033784866333,0.00045,13.235662174737595,0.028616666666666665,27,0.18934977204860168,0.19627762383931793,0.2118497849603581,0.06391168054071657,0,0.00125,1.0024033784866333,False,0.0,crackles,7,14.315,0.501012923506811,0.16994546507262323,0.04705252704654684,0.8301854018768079,9.86046362627943e-07,32.8960620645637,,False,,0.6717391304347826,0.7184782608695652,0.6043478260869565,0.6489130434782608,0.8815217391304347,0.6130434782608696,0.6119565217391304,0.4771739130434783,0.3798913043478261,0.4260869565217391,0.7880434782608695,0.5239130434782608,0.5641304347826087,0.4608695652173913,0.695733695652174
203,1p4,203_1p4,Ar,mc,AKGC417L,203_1p4_Ar_mc_AKGC417L,/nas/home/pcallandrone/DeepLearning/dataset/ICBHI_2017/ICBHI_final_database/203_1p4_Ar_mc_AKGC417L.wav,/nas/home/pcallandrone/DeepLearning/dataset/ICBHI_2017/ICBHI_final_database/203_1p4_Ar_mc_AKGC417L.txt,44100,20.0,0.30926914634069363,1.0001095533370972,0.0043662131519274375,-0.00010966315312543884,0.3093032235645214,1.0033472776412964,0.005,10.221336605114084,0.020416666666666666,27,0.2572514009290649,0.27524403028521777,0.2960299264429166,0.08724568503916108,0,0.011375,1.0033472776412964,False,0.0,crackles,7,14.315,0.10639189661194548,0.09957448254695508,0.018211078351064246,0.9004824663921451,2.54257606179248e-07,28.049259060036057,,False,,0.8326086956521739,0.8673913043478261,0.4141304347826087,0.3532608695652174,0.7119565217391305,0.41630434782608694,0.7967391304347826,0.7858695652173913,0.21956521739130436,0.4260869565217391,0.7880434782608695,0.31956521739130433,0.4532608695652174,0.16847826086956522,0.6565978260869566
203,1p4,203_1p4,Pl,mc,AKGC417L,203_1p4_Pl_mc_AKGC417L,/nas/home/pcallandrone/DeepLearning/dataset/ICBHI_2017/ICBHI_final_database/203_1p4_Pl_mc_AKGC417L.wav,/nas/home/pcallandrone/DeepLearning/dataset/ICBHI_2017/ICBHI_final_database/203_1p4_Pl_mc_AKGC417L.txt,44100,20.0,0.21283311389158233,1.0002655982971191,0.0007766439909297052,0.0002655490243341774,0.21229890432479095,1.0077859163284302,0.0006333333333333333,13.528410637485369,0.0272,27,0.17576395690853408,0.18289710644891288,0.2134610271097875,0.09635744661373614,0,0.00425,1.0077859163284302,False,0.0,both,7,14.315,0.0,0.23600110539797176,0.13159626941090874,0.7642296339569585,7.589517727687229e-07,48.139741957647864,,False,,0.657608695652174,0.6826086956521739,0.7195652173913043,0.8597826086956522,0.6445652173913043,0.7315217391304348,0.658695652173913,0.5380434782608695,0.3706521739130435,0.4260869565217391,0.7880434782608695,0.14402173913043478,0.7956521739130434,0.4945652173913043,0.6909239130434782
203,1p4,203_1p4,Pr,mc,AKGC417L,203_1p4_Pr_mc_AKGC417L,/nas/home/pcallandrone/DeepLearning/dataset/ICBHI_2017/ICBHI_final_database/203_1p4_Pr_mc_AKGC417L.wav,/nas/home/pcallandrone/DeepLearning/dataset/ICBHI_2017/ICBHI_final_database/203_1p4_Pr_mc_AKGC417L.txt,44100,20.0,0.19093292167439868,0.897218644618988,0.0,0.0003240837249904871,0.19351133404748092,0.8951523303985596,0.0,13.303810789491642,0.02445,27,0.15845944133458068,0.1693776078475761,0.19325488430818633,0.08533208005886378,0,0.0,0.8951523303985596,False,0.0,crackles,7,14.315,0.6681802305274187,0.07053942815713232,0.026411132231058912,0.9306359111189041,1.265799091831646e-06,19.567999124465544,,False,,0.6065217391304348,0.6445652173913043,0.29239130434782606,0.4782608695652174,0.7391304347826086,0.2956521739130435,0.5619565217391305,0.6369565217391304,0.7516304347826087,0.4260869565217391,0.7880434782608695,0.5717391304347826,0.21521739130434783,0.46847826086956523,0.5830054347826088
203,1p4,203_1p4,Tc,mc,AKGC417L,203_1p4_Tc_mc_AKGC417L,/nas/home/pcallandrone/DeepLearning/dataset/ICBHI_2017/ICBHI_final_database/203_1p4_Tc_mc_AKGC417L.wav,/nas/home/pcallandrone/DeepLearning/dataset/ICBHI_2017/ICBHI_final_database/203_1p4_Tc_mc_AKGC417L.txt,44100,20.0,0.24521066338612513,1.0002942085266113,0.0023140589569160997,0.00029416411416605115,0.24984895745354035,1.0070197582244873,0.002616666666666667,12.107208998731418,0.0269,27,0.19249941090318343,0.20561280905390356,0.23672362253279242,0.11711991241917746,0,0.01375,1.0070197582244873,False,0.0,crackles,7,14.315,0.6145302130632204,0.09703480024392243,0.02879882026887609,0.9029764038151252,3.4980802555131767e-07,31.946958771160592,,False,,0.7423913043478261,0.7402173913043478,0.40652173913043477,0.5021739130434782,0.4989130434782609,0.4108695652173913,0.7510869565217392,0.5478260869565217,0.2766304347826087,0.4260869565217391,0.7880434782608695,0.5630434782608695,0.5510869565217391,0.31521739130434784,0.6233858695652175
203,2p3,203_2p3,Al,mc,AKGC417L,203_2p3_Al_mc_AKGC417L,/nas/home/pcallandrone/DeepLearning/dataset/ICBHI_2017/ICBHI_final_database/203_2p3_Al_mc_AKGC417L.wav,/nas/home/pcallandrone/DeepLearning/dataset/ICBHI_2017/ICBHI_final_database/203_2p3_Al_mc_AKGC417L.txt,44100,20.0,0.24227242269283591,1.00007963180542,0.0011077097505668935,7.967231067596003e-05,0.23818338692023183,1.0021471977233887,0.0012,12.480400993489067,0.028833333333333332,27,0.20215283891404498,0.22783965727778507,0.23874998118584792,0.056395779825997173,0,0.00625,1.0021471977233887,False,0.0,normal,5,14.375,1.0,0.1291061632164748,0.023683734753472192,0.8745922542210067,1.332977875728046e-06,28.651644336983615,,False,,0.716304347826087,0.7923913043478261,0.5065217391304347,0.4434782608695652,0.9304347826086956,0.5,0.5576086956521739,0.4657608695652174,0.3391304347826087,0.4380434782608696,0.4320652173913043,0.8347826086956521,0.4706521739130435,0.36195652173913045,0.6836195652173914
203,2p3,203_2p3,Ar,mc,AKGC417L,203_2p3_Ar_mc_AKGC417L,/nas/home/pcallandrone/DeepLearning/dataset/ICBHI_2017/ICBHI_final_database/203_2p3_Ar_mc_AKGC417L.wav,/nas/home/pcallandrone/DeepLearning/dataset/ICBHI_2017/ICBHI_final_database/203_2p3_Ar_mc_AKGC417L.txt,44100,20.0,0.23805605578493302,1.0002388954162598,0.0016394557823129251,0.00023885542759671807,0.23711573451460036,1.0025360584259033,0.0014833333333333332,12.522792558486024,0.025766666666666667,27,0.1986306336376411,0.21428817878559478,0.23452931245504946,0.09266123570621806,0,0.0045,1.0025360584259033,False,0.0,crackles,5,14.375,0.14991304347826084,0.13158610701265686,0.018999351940672815,0.870221359096068,3.303313198879741e-07,31.308239288267806,,False,,0.7141304347826087,0.7663043478260869,0.5130434782608696,0.3641304347826087,0.6706521739130434,0.5141304347826087,0.7663043478260869,0.5771739130434783,0.3233695652173913,0.4380434782608696,0.4320652173913043,0.35108695652173916,0.5347826086956522,0.3684782608695652,0.6318804347826087
203,2p3,203_2p3,Pl,mc,AKGC417L,203_2p3_Pl_mc_AKGC417L,/nas/home/pcallandrone/DeepLearning/dataset/ICBHI_2017/ICBHI_final_database/203_2p3_Pl_mc_AKGC417L.wav,/nas/home/pcallandrone/DeepLearning/dataset/ICBHI_2017/ICBHI_final_database/203_2p3_Pl_mc_AKGC417L.txt,44100,20.0,0.2192134118203914,1.0000945329666138,0.0016405895691609977,9.450654033571482e-05,0.2187967805671122,1.0062713623046875,0.0012333333333333332,13.25348371200106,0.0267,27,0.17225722976098612,0.17911747093958671,0.21070477533584236,0.12453429996884856,0,0.00275,1.0062713623046875,False,0.0,crackles,5,14.375,0.7441391304347826,0.19406752190870216,0.09318385285571891,0.8135236939639494,1.475982650148203e-06,41.11252907688455,,False,,0.675,0.6739130434782609,0.658695652173913,0.7902173913043479,0.4652173913043478,0.6565217391304348,0.5369565217391304,0.5559782608695653,0.3358695652173913,0.4380434782608696,0.4320652173913043,0.6043478260869565,0.717391304347826,0.4641304347826087,0.6683260869565218
203,2p3,203_2p3,Pr,mc,AKGC417L,203_2p3_Pr_mc_AKGC417L,/nas/home/pcallandrone/DeepLearning/dataset/ICBHI_2017/ICBHI_final_database/203_2p3_Pr_mc_AKGC417L.wav,/nas/home/pcallandrone/DeepLearning/dataset/ICBHI_2017/ICBHI_final_database/203_2p3_Pr_mc_AKGC417L.txt,44100,20.0,0.23613656313764234,1.000022053718567,0.0008333333333333334,-2.2160847947816364e-05,0.23959102157454254,1.0040969848632812,0.00085,12.44610246995318,0.024966666666666668,27,0.1925853515348048,0.19835213365705276,0.24085761709101117,0.13283802039308967,0,0.004375,1.0040969848632812,False,0.0,crackles,5,14.375,0.7407304347826087,0.1515731006256553,0.06121639004525254,0.8501994343249042,4.461189614473957e-06,32.437193841048575,,False,,0.7206521739130435,0.7228260869565217,0.5652173913043478,0.7021739130434783,0.42717391304347824,0.5684782608695652,0.33152173913043476,0.6070652173913044,0.35108695652173916,0.4380434782608696,0.4320652173913043,0.6010869565217392,0.5565217391304348,0.3532608695652174,0.6325543478260871
203,2p3,203_2p3,Tc,mc,AKGC417L,203_2p3_Tc_mc_AKGC417L,/nas/home/pcallandrone/DeepLearning/dataset/ICBHI_2017/ICBHI_final_database/203_2p3_Tc_mc_AKGC417L.wav,/nas/home/pcallandrone/DeepLearning/dataset/ICBHI_2017/ICBHI_final_database/203_2p3_Tc_mc_AKGC417L.txt,44100,20.0,0.23602079985401087,1.0004409551620483,0.0033843537414965986,0.0004409140383359045,0.23406604015266533,1.0114437341690063,0.0037333333333333333,12.712066403460518,0.029033333333333335,27,0.1857444222041944,0.19033145330509327,0.21779188717019082,0.1545564625170422,0,0.021375,1.0114437341690063,False,0.0,normal,5,14.375,1.0,0.09333120112297076,0.05896907039218246,0.906708825888184,1.106819028337004e-06,38.83971810674783,,False,,0.7086956521739131,0.6989130434782609,0.3934782608695652,0.6967391304347826,0.3521739130434783,0.3978260869565217,0.5967391304347827,0.45760869565217394,0.24891304347826088,0.4380434782608696,0.4320652173913043,0.8347826086956521,0.6869565217391305,0.3934782608695652,0.6109293478260871
204,2b5,204_2b5,Al,mc,AKGC417L,204_2b5_Al_mc_AKGC417L,/nas/home/pcallandrone/DeepLearning/dataset/ICBHI_2017/ICBHI_final_database/204_2b5_Al_mc_AKGC417L.wav,/nas/home/pcallandrone/DeepLearning/dataset/ICBHI_2017/ICBHI_final_database/204_2b5_Al_mc_AKGC417L.txt,44100,20.0,0.007816489820382294,0.09215006977319717,0.0,5.984903054923052e-06,0.008617177929574307,0.09200392663478851,0.0,20.568825949919905,0.09725,27,0.004414287657997114,0.004832903517302665,0.0073748463833973816,0.28848840025379047,0,0.0,0.09200392663478851,False,0.0,wheezes,5,14.958,0.2885412488300575,0.7145393154586359,0.24326534413932147,0.2856498695642635,1.3425577723386657e-05,72.63846650726917,,True,,0.025,0.016304347826086956,0.9826086956521739,0.9478260869565217,0.12065217391304348,0.9836956521739131,0.17391304347826086,0.04673913043478261,0.7516304347826087,0.8206521739130435,0.4320652173913043,0.4467391304347826,0.9282608695652174,0.7456521739130435,0.5062391304347826
204,2b5,204_2b5,Ar,mc,AKGC417L,204_2b5_Ar_mc_AKGC417L,/nas/home/pcallandrone/DeepLearning/dataset/ICBHI_2017/ICBHI_final_database/204_2b5_Ar_mc_AKGC417L.wav,/nas/home/pcallandrone/DeepLearning/dataset/ICBHI_2017/ICBHI_final_database/204_2b5_Ar_mc_AKGC417L.txt,44100,20.0,0.004294571005109241,0.06238621473312378,0.0,7.092388841556385e-06,0.004746299603269221,0.061963558197021484,0.0,22.315623812719615,0.11105,27,0.0016334369138453627,0.00202964145575388,0.003080394803690826,0.6575362117219059,0,0.0,0.061963558197021484,False,0.0,wheezes,5,14.958,0.5360342291750233,0.21711449976904817,0.11279016322511366,0.7838819199961746,0.0009008427101100933,61.004115990042116,,False,,0.009782608695652175,0.002173913043478261,0.6902173913043478,0.8239130434782609,0.009782608695652175,0.6989130434782609,0.014130434782608696,0.03804347826086957,0.7516304347826087,0.8206521739130435,0.4320652173913043,0.5402173913043479,0.8760869565217392,0.5141304347826087,0.4038804347826087
204,2b5,204_2b5,Ll,mc,AKGC417L,204_2b5_Ll_mc_AKGC417L,/nas/home/pcallandrone/DeepLearning/dataset/ICBHI_2017/ICBHI_final_database/204_2b5_Ll_mc_AKGC417L.wav,/nas/home/pcallandrone/DeepLearning/dataset/ICBHI_2017/ICBHI_final_database/204_2b5_Ll_mc_AKGC417L.txt,44100,20.0,0.00824287993535233,0.08167757838964462,0.0,1.2128288062740467e-06,0.008782836350245916,0.08158816397190094,0.0,19.35984728883704,0.047966666666666664,27,0.006086205684958028,0.00675060845169736,0.00862511803519402,0.1919900295871647,0,0.0,0.08158816397190094,False,0.0,normal,5,14.97,1.0,0.29414438423482814,0.14369320207334887,0.7385358684524927,6.430593653927673e-06,42.819498173049915,,False,,0.02608695652173913,0.02826086956521739,0.7902173913043479,0.8804347826086957,0.24239130434782608,0.7608695652173914,0.27391304347826084,0.17065217391304346,0.7516304347826087,0.8951086956521739,0.4320652173913043,0.8347826086956521,0.7380434782608696,0.8771739130434782,0.514288043478261
204,7p5,204_7p5,Al,mc,AKGC417L,204_7p5_Al_mc_AKGC417L,/nas/home/pcallandrone/DeepLearning/dataset/ICBHI_2017/ICBHI_final_database/204_7p5_Al_mc_AKGC417L.wav,/nas/home/pcallandrone/DeepLearning/dataset/ICBHI_2017/ICBHI_final_database/204_7p5_Al_mc_AKGC417L.txt,44100,20.0,0.054777065393899975,0.35948142409324646,0.0,1.0947904229396954e-05,0.05404634137457529,0.31999310851097107,0.0,15.447486488751466,0.0416,27,0.048702131967546344,0.0509462375344278,0.05365647265012112,0.04687015444791736,0,0.0,0.31999310851097107,False,0.0,normal,5,14.923,1.0,0.18576293754611178,0.06576810955614286,0.8141548875576065,0.00023191561578203842,70.46610702331559,,False,,0.1641304347826087,0.22934782608695653,0.6434782608695652,0.7206521739130435,0.975,0.6532608695652173,0.04021739130434782,0.23369565217391305,0.7516304347826087,0.6989130434782609,0.4320652173913043,0.8347826086956521,0.9217391304347826,0.7478260869565218,0.5744239130434784
204,7p5,204_7p5,Ar,mc,AKGC417L,204_7p5_Ar_mc_AKGC417L,/nas/home/pcallandrone/DeepLearning/dataset/ICBHI_2017/ICBHI_final_database/204_7p5_Ar_mc_AKGC417L.wav,/nas/home/pcallandrone/DeepLearning/dataset/ICBHI_2017/ICBHI_final_database/204_7p5_Ar_mc_AKGC417L.txt,44100,20.0,0.022606975882776,0.196768119931221,0.0,2.426942410238553e-05,0.02206520274545147,0.14697372913360596,0.0,16.470635786140864,0.033883333333333335,27,0.019395107512997462,0.020396425016873925,0.02195447886652263,0.04970100800679547,0,0.0,0.14697372913360596,False,0.0,normal,5,14.934,1.0,0.3601144763526054,0.20394913843207452,0.6531213273748155,0.0007388891380021553,151.277937825268,,False,,0.06847826086956521,0.08260869565217391,0.8489130434782609,0.9304347826086956,0.9586956521739131,0.8434782608695652,0.017391304347826087,0.3516304347826087,0.7516304347826087,0.7222826086956522,0.4320652173913043,0.8347826086956521,0.9847826086956522,0.8543478260869565,0.6069239130434783
204,7p5,204_7p5,Ll,mc,AKGC417L,204_7p5_Ll_mc_AKGC417L,/nas/home/pcallandrone/DeepLearning/dataset/ICBHI_2017/ICBHI_final_database/204_7p5_Ll_mc_AKGC417L.wav,/nas/home/pcallandrone/DeepLearning/dataset/ICBHI_2017/ICBHI_final_database/204_7p5_Ll_mc_AKGC417L.txt,44100,20.0,0.031429291909016555,0.3143436014652252,0.0,-7.241365892696194e-06,0.032027797134886314,0.297415167093277,0.0,19.35672083654899,0.045766666666666664,27,0.027092821898711573,0.028657689756831067,0.03108269736252229,0.09703315130334897,0,0.0,0.297415167093277,False,0.0,normal,5,14.923,1.0,0.2619779122969168,0.08737431123996872,0.8203107893974642,0.00030989217834046293,54.114728974952236,,False,,0.09782608695652174,0.11739130434782609,0.7478260869565218,0.7739130434782608,0.6391304347826087,0.6391304347826087,0.030434782608695653,0.18478260869565216,0.7516304347826087,0.6989130434782609,0.4320652173913043,0.8347826086956521,0.8304347826086956,0.8782608695652174,0.5256739130434783
204,7p5,204_7p5,Lr,mc,AKGC417L,204_7p5_Lr_mc_AKGC417L,/nas/home/pcallandrone/DeepLearning/dataset/ICBHI_2017/ICBHI_final_database/204_7p5_Lr_mc_AKGC417L.wav,/nas/home/pcallandrone/DeepLearning/dataset/ICBHI_2017/ICBHI_final_database/204_7p5_Lr_mc_AKGC417L.txt,44100,20.0,0.02207251630683852,0.6025164127349854,0.0,2.7755611881730147e-05,0.020524305446614093,0.19680796563625336,0.0,19.63548401506198,0.045616666666666666,27,0.01825207493655452,0.018857630248882574,0.020572956073689194,0.05094233591685504,0,0.0,0.19680796563625336,False,0.0,normal,5,14.934,1.0,0.4325449214761001,0.2213675670545071,0.634374538019799,0.0007545326088893917,108.25806617679287,,False,,0.06521739130434782,0.07282608695652174,0.8934782608695652,0.9402173913043478,0.9521739130434783,0.8576086956521739,0.016304347826086956,0.1858695652173913,0.7516304347826087,0.7222826086956522,0.4320652173913043,0.8347826086956521,0.967391304347826,0.8445652173913043,0.6030597826086956
204,7p5,204_7p5,Pr,mc,AKGC417L,204_7p5_Pr_mc_AKGC417L,/nas/home/pcallandrone/DeepLearning/dataset/ICBHI_2017/ICBHI_final_database/204_7p5_Pr_mc_AKGC417L.wav,/nas/home/pcallandrone/DeepLearning/dataset/ICBHI_2017/ICBHI_final_database/204_7p5_Pr_mc_AKGC417L.txt,44100,20.0,0.022756642803655955,0.08923535794019699,0.0,5.263265734356537e-08,0.022100052835474233,0.08619178831577301,0.0,11.821451553070508,0.023383333333333332,27,0.012077670228023129,0.015630906668613078,0.019713516873315535,0.2693084744006181,0,0.0,0.08619178831577301,False,0.0,normal,5,14.923,1.0,0.717662601922983,0.08869577631584738,0.6686653199410808,7.502907169359082e-05,60.898266220854424,,False,,0.06956521739130435,0.06521739130434782,0.9836956521739131,0.7771739130434783,0.13804347826086957,0.8358695652173913,0.06739130434782609,0.6755434782608696,0.7516304347826087,0.6989130434782609,0.4320652173913043,0.8347826086956521,0.8728260869565218,0.2782608695652174,0.529733695652174
204,7p5,204_7p5,Tc,mc,AKGC417L,204_7p5_Tc_mc_AKGC417L,/nas/home/pcallandrone/DeepLearning/dataset/ICBHI_2017/ICBHI_final_database/204_7p5_Tc_mc_AKGC417L.wav,/nas/home/pcallandrone/DeepLearning/dataset/ICBHI_2017/ICBHI_final_database/204_7p5_Tc_mc_AKGC417L.txt,44100,20.0,0.016910370974821398,0.17337502539157867,0.0,9.641340511734597e-06,0.01690326194114621,0.17152994871139526,0.0,20.127388672639782,0.0568,27,0.013965965734826056,0.014993360121458556,0.01648407943753162,0.09276899184982128,0,0.0,0.17152994871139526,False,0.0,normal,6,14.923,1.0,0.5864980028140054,0.42451736887338287,0.41364648935754605,0.0006920497407015065,167.84071482449033,,True,,0.05326086956521739,0.0641304347826087,0.9565217391304348,0.9836956521739131,0.6673913043478261,0.9586956521739131,0.01847826086956522,0.12934782608695652,0.7516304347826087,0.6989130434782609,0.6375,0.8347826086956521,0.9880434782608696,0.8032608695652174,0.5948586956521741
205,1b3,205_1b3,Al,mc,AKGC417L,205_1b3_Al_mc_AKGC417L,/nas/home/pcallandrone/DeepLearning/dataset/ICBHI_2017/ICBHI_final_database/205_1b3_Al_mc_AKGC417L.wav,/nas/home/pcallandrone/DeepLearning/dataset/ICBHI_2017/ICBHI_final_database/205_1b3_Al_mc_AKGC417L.txt,44100,20.0,0.11649828170088466,1.0001060962677002,0.0007244897959183674,-0.00010617553925840184,0.11626300952025515,1.000680923461914,0.0009666666666666667,18.697081192374593,0.048,27,0.08389142811109124,0.08749556129482657,0.10946495829920115,0.2423731872784574,0,0.00725,1.000680923461914,False,0.0,crackles,5,13.875,0.7249009009009009,0.2278316565340383,0.06289948412450036,0.7727543322515616,7.247045064829184e-07,36.76379967970819,,False,,0.40543478260869564,0.39021739130434785,0.7043478260869566,0.7086956521739131,0.16956521739130434,0.7152173913043478,0.6673913043478261,0.16956521739130434,0.34347826086956523,0.2733695652173913,0.4320652173913043,0.5902173913043478,0.6456521739130435,0.9489130434782609,0.543
205,1b3,205_1b3,Ar,mc,AKGC417L,205_1b3_Ar_mc_AKGC417L,/nas/home/pcallandrone/DeepLearning/dataset/ICBHI_2017/ICBHI_final_database/205_1b3_Ar_mc_AKGC417L.wav,/nas/home/pcallandrone/DeepLearning/dataset/ICBHI_2017/ICBHI_final_database/205_1b3_Ar_mc_AKGC417L.txt,44100,20.0,0.18501302250973842,1.0001503229141235,0.0023231292517006804,-0.00015049117791932076,0.18001533189236985,1.0065720081329346,0.0009,14.95070706279255,0.03335,27,0.14647158343815003,0.1569734573175243,0.18207452905531266,0.0869315358760962,0,0.0045,1.0065720081329346,False,0.0,crackles,5,13.875,0.0,0.378582457759404,0.12023731859172648,0.6230273781789103,2.1632840118567198e-05,54.374364621246514,,False,,0.575,0.6021739130434782,0.8543478260869565,0.8402173913043478,0.7152173913043478,0.8630434782608696,0.13260869565217392,0.36195652173913045,0.3472826086956522,0.2733695652173913,0.4320652173913043,0.14402173913043478,0.8336956521739131,0.6826086956521739,0.6390597826086958
205,1b3,205_1b3,Ll,mc,AKGC417L,205_1b3_Ll_mc_AKGC417L,/nas/home/pcallandrone/DeepLearning/dataset/ICBHI_2017/ICBHI_final_database/205_1b3_Ll_mc_AKGC417L.wav,/nas/home/pcallandrone/DeepLearning/dataset/ICBHI_2017/ICBHI_final_database/205_1b3_Ll_mc_AKGC417L.txt,44100,20.0,0.054393229138046666,0.39142873883247375,0.0,-3.858339550788514e-05,0.05478284054441602,0.34278610348701477,0.0,15.927573189246775,0.034833333333333334,27,0.04329039461147203,0.04597733730639968,0.05093123386390225,0.14040435427845752,0,0.0,0.34278610348701477,False,0.0,crackles,5,13.875,0.16043243243243255,0.07267580178026865,0.013033385315588543,0.9276224380171132,4.274573766738041e-08,22.02445243719367,,False,,0.16630434782608697,0.1923913043478261,0.3076086956521739,0.2684782608695652,0.39456521739130435,0.3141304347826087,0.9,0.3347826086956522,0.7516304347826087,0.2733695652173913,0.4320652173913043,0.3657608695652174,0.28043478260869564,0.8076086956521739,0.376538043478261
205,1b3,205_1b3,Lr,mc,AKGC417L,205_1b3_Lr_mc_AKGC417L,/nas/home/pcallandrone/DeepLearning/dataset/ICBHI_2017/ICBHI_final_database/205_1b3_Lr_mc_AKGC417L.wav,/nas/home/pcallandrone/DeepLearning/dataset/ICBHI_2017/ICBHI_final_database/205_1b3_Lr_mc_AKGC417L.txt,44100,20.0,0.1148243367766193,0.9658936858177185,0.0,-0.00021025407477281988,0.11633690262769748,0.9651935696601868,0.0,18.377938452272275,0.04965,27,0.09707806137928458,0.1021642592568443,0.11252797818304973,0.10611516202125586,0,0.0,0.9651935696601868,False,0.0,crackles,5,13.875,0.4817297297297297,0.43054900338144386,0.11807161845208178,0.5694630555708141,1.4510982002069676e-06,50.29104129955623,,False,,0.40652173913043477,0.4423913043478261,0.8923913043478261,0.8358695652173913,0.5684782608695652,0.9032608695652173,0.5391304347826087,0.1559782608695652,0.7516304347826087,0.2733695652173913,0.4320652173913043,0.5195652173913043,0.808695652173913,0.9717391304347827,0.6476195652173914
205,1b3,205_1b3,Pl,mc,AKGC417L,205_1b3_Pl_mc_AKGC417L,/nas/home/pcallandrone/DeepLearning/dataset/ICBHI_2017/ICBHI_final_database/205_1b3_Pl_mc_AKGC417L.wav,/nas/home/pcallandrone/DeepLearning/dataset/ICBHI_2017/ICBHI_final_database/205_1b3_Pl_mc_AKGC417L.txt,44100,20.0,0.10876912026589904,0.8778989911079407,0.0,-1.8565404388937168e-05,0.10897220715629954,0.8766598701477051,0.0,18.11030758183948,0.0449,27,0.08193408522321194,0.0914002921478728,0.10591921577412973,0.15254431441282806,0,0.0,0.8766598701477051,False,0.0,crackles,5,13.875,0.16043243243243255,0.326610936307736,0.07966772683732012,0.6743118292099589,8.204229404917293e-07,47.07880901673866,,False,,0.3858695652173913,0.40652173913043477,0.8195652173913044,0.7641304347826087,0.3641304347826087,0.8293478260869566,0.6445652173913043,0.19782608695652174,0.7516304347826087,0.2733695652173913,0.4320652173913043,0.3657608695652174,0.7858695652173913,0.991304347826087,0.5924728260869565
205,1b3,205_1b3,Pr,mc,AKGC417L,205_1b3_Pr_mc_AKGC417L,/nas/home/pcallandrone/DeepLearning/dataset/ICBHI_2017/ICBHI_final_database/205_1b3_Pr_mc_AKGC417L.wav,/nas/home/pcallandrone/DeepLearning/dataset/ICBHI_2017/ICBHI_final_database/205_1b3_Pr_mc_AKGC417L.txt,44100,20.0,0.031705252986632994,0.18354913592338562,0.0,-0.00018390784680377692,0.03140383319996953,0.1828031986951828,0.0,15.300022548387606,0.03238333333333333,27,0.025732663652957143,0.02816325991994976,0.031259483614526205,0.0828430895464373,0,0.0,0.1828031986951828,False,0.0,crackles,5,13.875,0.27509909909909913,0.49563444508558185,0.17592174250384698,0.5045673258415339,1.0356021906321807e-05,51.744708901680596,,True,,0.09565217391304348,0.11304347826086956,0.9228260869565217,0.9130434782608695,0.7565217391304347,0.9293478260869565,0.2076086956521739,0.3809782608695652,0.7516304347826087,0.2733695652173913,0.4320652173913043,0.4380434782608696,0.8173913043478261,0.7271739130434782,0.5565434782608695
205,2b2,205_2b2,Pr,mc,AKGC417L,205_2b2_Pr_mc_AKGC417L,/nas/home/pcallandrone/DeepLearning/dataset/ICBHI_2017/ICBHI_final_database/205_2b2_Pr_mc_AKGC417L.wav,/nas/home/pcallandrone/DeepLearning/dataset/ICBHI_2017/ICBHI_final_database/205_2b2_Pr_mc_AKGC417L.txt,44100,20.0,0.05877485046531011,0.23307521641254425,0.0,-0.00040920000174082816,0.05958805793599079,0.2266167849302292,0.0,11.602656834639959,0.025066666666666668,27,0.045885693976449225,0.04794725893932229,0.05737669323200577,0.12756107251898982,0,0.0,0.2266167849302292,False,0.0,normal,4,12.65,1.0,0.09349599013559426,0.041024066986612935,0.9127967137092672,3.4201765470643455e-05,16.223480102695383,,False,,0.19021739130434784,0.20978260869565218,0.39565217391304347,0.5956521739130435,0.4489130434782609,0.3760869565217391,0.10543478260869565,0.6027173913043479,0.7516304347826087,0.06521739130434782,0.19510869565217392,0.8347826086956521,0.15760869565217392,0.2543478260869565,0.3909619565217392
205,2b3,205_2b3,Al,mc,AKGC417L,205_2b3_Al_mc_AKGC417L,/nas/home/pcallandrone/DeepLearning/dataset/ICBHI_2017/ICBHI_final_database/205_2b3_Al_mc_AKGC417L.wav,/nas/home/pcallandrone/DeepLearning/dataset/ICBHI_2017/ICBHI_final_database/205_2b3_Al_mc_AKGC417L.txt,44100,20.0,0.0878695897376485,0.6308730244636536,0.0,3.869002739520511e-06,0.0879231636067281,0.6304589509963989,0.0,17.111070165688915,0.04385,27,0.07163918872240821,0.07874636220381497,0.08770562069031027,0.07903837736433326,0,0.0,0.6304589509963989,False,0.0,crackles,4,13.52,0.596153846153846,0.39279890604056106,0.1253108168870396,0.6074465593552686,7.730169084091526e-07,49.65708937793374,,False,,0.30217391304347824,0.36086956521739133,0.866304347826087,0.8489130434782609,0.7858695652173913,0.875,0.6543478260869565,0.20652173913043478,0.7516304347826087,0.175,0.19510869565217392,0.5597826086956522,0.8032608695652174,0.9206521739130434,0.6343478260869566
205,2b3,205_2b3,Ar,mc,AKGC417L,205_2b3_Ar_mc_AKGC417L,/nas/home/pcallandrone/DeepLearning/dataset/ICBHI_2017/ICBHI_final_database/205_2b3_Ar_mc_AKGC417L.wav,/nas/home/pcallandrone/DeepLearning/dataset/ICBHI_2017/ICBHI_final_database/205_2b3_Ar_mc_AKGC417L.txt,44100,20.0,0.25103849429204533,1.0000813007354736,0.007229024943310658,8.131936920108274e-05,0.2163627882142361,1.012632131576538,0.0002666666666666667,13.405382682110059,0.027,27,0.18547840860740267,0.19582862631481976,0.2100329903284659,0.07692545025423646,0,0.002,1.012632131576538,False,0.0,crackles,4,13.52,0.0,0.07781385125393996,0.022030464449546122,0.9227083259086871,6.940964762058318e-06,25.23216241915762,,False,,0.6684782608695652,0.717391304347826,0.33260869565217394,0.4152173913043478,0.7902173913043479,0.3358695652173913,0.2619565217391304,0.5434782608695652,0.41195652173913044,0.175,0.19510869565217392,0.14402173913043478,0.3739130434782609,0.483695652173913,0.5129945652173914
205,2b3,205_2b3,Ll,mc,AKGC417L,205_2b3_Ll_mc_AKGC417L,/nas/home/pcallandrone/DeepLearning/dataset/ICBHI_2017/ICBHI_final_database/205_2b3_Ll_mc_AKGC417L.wav,/nas/home/pcallandrone/DeepLearning/dataset/ICBHI_2017/ICBHI_final_database/205_2b3_Ll_mc_AKGC417L.txt,44100,20.0,0.2684530776580746,1.0000351667404175,0.0071938775510204086,-3.5285691410535946e-05,0.26249588199987617,1.0021227598190308,0.007033333333333333,11.635968619235186,0.029166666666666667,27,0.22720029661365568,0.23665930087065418,0.25800877017821666,0.07518717830846795,0,0.017125,1.0021227598190308,False,0.0,crackles,4,13.52,0.16886094674556207,0.04628358833847796,0.00844763045936213,0.9542197809532171,1.3322132829287855e-07,24.050822410776497,,False,,0.7739130434782608,0.808695652173913,0.20326086956521738,0.1858695652173913,0.7956521739130434,0.20543478260869566,0.8467391304347827,0.4532608695652174,0.1875,0.175,0.19510869565217392,0.375,0.3391304347826087,0.2576086956521739,0.5382173913043478
205,2b4,205_2b4,Pl,mc,AKGC417L,205_2b4_Pl_mc_AKGC417L,/nas/home/pcallandrone/DeepLearning/dataset/ICBHI_2017/ICBHI_final_database/205_2b4_Pl_mc_AKGC417L.wav,/nas/home/pcallandrone/DeepLearning/dataset/ICBHI_2017/ICBHI_final_database/205_2b4_Pl_mc_AKGC417L.txt,44100,20.0,0.08808182963264975,0.6215569972991943,0.0,6.629886047448963e-05,0.08755280404990029,0.6083528399467468,0.0,16.8377095904466,0.03813333333333333,27,0.06929185646984881,0.07446725966856521,0.08538113096235814,0.11141730341319972,0,0.0,0.6083528399467468,False,0.0,crackles,4,13.286,0.0,0.35894140924652324,0.15981313488048612,0.641228423814146,8.199048707985764e-06,46.09167652405539,,False,,0.3010869565217391,0.3402173913043478,0.8478260869565217,0.8967391304347826,0.5369565217391304,0.8565217391304348,0.23043478260869565,0.28641304347826085,0.7516304347826087,0.15543478260869564,0.19510869565217392,0.14402173913043478,0.7804347826086957,0.8956521739130435,0.543875
205,3b4,205_3b4,Al,mc,AKGC417L,205_3b4_Al_mc_AKGC417L,/nas/home/pcallandrone/DeepLearning/dataset/ICBHI_2017/ICBHI_final_database/205_3b4_Al_mc_AKGC417L.wav,/nas/home/pcallandrone/DeepLearning/dataset/ICBHI_2017/ICBHI_final_database/205_3b4_Al_mc_AKGC417L.txt,44100,20.0,0.13487255782008878,0.9138265252113342,0.0,-0.0001976178609766066,0.13349454429088747,0.8178489804267883,0.0,15.74419198273179,0.0353,27,0.1234560890718339,0.12599684786593293,0.13538078624843494,0.045575310138419964,0,0.0,0.8178489804267883,False,0.0,crackles,4,12.115,0.0,0.30018811761158,0.07435708874473344,0.7005993864932534,7.626551126794474e-07,42.32827439218027,,False,,0.46630434782608693,0.5239130434782608,0.7945652173913044,0.7478260869565218,0.9760869565217392,0.8054347826086956,0.657608695652174,0.328804347826087,0.7516304347826087,0.050543478260869565,0.19510869565217392,0.14402173913043478,0.7282608695652174,0.7902173913043479,0.6392065217391305
205,3b4,205_3b4,Ar,mc,AKGC417L,205_3b4_Ar_mc_AKGC417L,/nas/home/pcallandrone/DeepLearning/dataset/ICBHI_2017/ICBHI_final_database/205_3b4_Ar_mc_AKGC417L.wav,/nas/home/pcallandrone/DeepLearning/dataset/ICBHI_2017/ICBHI_final_database/205_3b4_Ar_mc_AKGC417L.txt,44100,20.0,0.17960383670337537,1.0000531673431396,0.004666666666666667,-5.329017949406989e-05,0.19301908001420678,1.0594961643218994,0.00415,14.789982944794662,0.041466666666666666,27,0.11377105940442084,0.13112178095272917,0.17664478340671558,0.24448700289181444,0,0.01375,1.0594961643218994,False,0.0,crackles,4,12.115,0.6798184069335536,0.5130709610908389,0.208392470488638,0.48706935479812397,3.808399052584401e-06,62.328612109501044,,False,,0.6043478260869565,0.5413043478260869,0.9282608695652174,0.9347826086956522,0.1641304347826087,0.9347826086956522,0.35543478260869565,0.2358695652173913,0.24021739130434783,0.050543478260869565,0.19510869565217392,0.5760869565217391,0.8880434782608696,0.6652173913043479,0.621282608695652
205,3b4,205_3b4,Pl,mc,AKGC417L,205_3b4_Pl_mc_AKGC417L,/nas/home/pcallandrone/DeepLearning/dataset/ICBHI_2017/ICBHI_final_database/205_3b4_Pl_mc_AKGC417L.wav,/nas/home/pcallandrone/DeepLearning/dataset/ICBHI_2017/ICBHI_final_database/205_3b4_Pl_mc_AKGC417L.txt,44100,20.0,0.11720468044575783,0.46161481738090515,0.0,2.460135510773398e-05,0.11520219019848377,0.45974987745285034,0.0,12.021217717902982,0.02265,27,0.10341356573891228,0.10761743552098944,0.11316335270746293,0.0621134768929628,0,0.0,0.45974987745285034,False,0.0,crackles,4,12.115,0.5893520429219975,0.0784121590557362,0.019575868972104973,0.9222517797338764,2.1995405842540253e-06,23.621248994909823,,False,,0.4043478260869565,0.4597826086956522,0.33695652173913043,0.37717391304347825,0.8913043478260869,0.3391304347826087,0.4673913043478261,0.7076086956521739,0.7516304347826087,0.050543478260869565,0.19510869565217392,0.5576086956521739,0.3217391304347826,0.30869565217391304,0.4922663043478261
205,3b4,205_3b4,Pr,mc,AKGC417L,205_3b4_Pr_mc_AKGC417L,/nas/home/pcallandrone/DeepLearning/dataset/ICBHI_2017/ICBHI_final_database/205_3b4_Pr_mc_AKGC417L.wav,/nas/home/pcallandrone/DeepLearning/dataset/ICBHI_2017/ICBHI_final_database/205_3b4_Pr_mc_AKGC417L.txt,44100,20.0,0.09978902915843507,0.7124195098876953,0.0,-0.0002631021197885275,0.09950842456427117,0.7105270624160767,0.0,17.07441546004574,0.04711666666666667,27,0.09319923334089864,0.09495720522193442,0.10010328393362097,0.03982541386011338,0,0.0,0.7105270624160767,False,0.0,normal,4,12.115,1.0,0.4297277353457175,0.07868527563006321,0.5711191757189802,2.685801296087538e-06,47.44713968256408,,False,,0.3565217391304348,0.41630434782608694,0.8913043478260869,0.7565217391304347,0.9847826086956522,0.9021739130434783,0.43043478260869567,0.175,0.7516304347826087,0.050543478260869565,0.19510869565217392,0.8347826086956521,0.7891304347826087,0.9141304347826087,0.6653315217391303
205,4b2,205_4b2,Al,mc,AKGC417L,205_4b2_Al_mc_AKGC417L,/nas/home/pcallandrone/DeepLearning/dataset/ICBHI_2017/ICBHI_final_database/205_4b2_Al_mc_AKGC417L.wav,/nas/home/pcallandrone/DeepLearning/dataset/ICBHI_2017/ICBHI_final_database/205_4b2_Al_mc_AKGC417L.txt,44100,20.0,0.24231533146255488,1.000179648399353,0.0033843537414965986,-0.00017975017544813454,0.24516187177971158,1.0033060312271118,0.0028833333333333332,12.239609885976774,0.028233333333333333,27,0.2068990945163954,0.22492507391553232,0.2534230571331732,0.06494810336665267,0,0.006875,1.0033060312271118,False,0.0,crackles,4,13.268,0.0,0.40583011472596514,0.13433446804852844,0.5942647623907656,6.699435986704518e-07,51.0622185730244,,False,,0.7347826086956522,0.7869565217391304,0.8771739130434782,0.8684782608695653,0.875,0.8847826086956522,0.6771739130434783,0.49293478260869567,0.2673913043478261,0.15217391304347827,0.19510869565217392,0.14402173913043478,0.8141304347826087,0.33260869565217394,0.7353152173913043
205,4b2,205_4b2,Ar,mc,AKGC417L,205_4b2_Ar_mc_AKGC417L,/nas/home/pcallandrone/DeepLearning/dataset/ICBHI_2017/ICBHI_final_database/205_4b2_Ar_mc_AKGC417L.wav,/nas/home/pcallandrone/DeepLearning/dataset/ICBHI_2017/ICBHI_final_database/205_4b2_Ar_mc_AKGC417L.txt,44100,20.0,0.13482351251931957,1.0000287294387817,0.005590702947845805,2.873378798540216e-05,0.15223239099738864,1.020717978477478,0.00525,16.527973909238806,0.06401666666666667,27,0.04405993210106181,0.04984085375556371,0.1454379772204113,0.5294681411258518,0,0.02375,1.020717978477478,False,0.0,crackles,4,13.268,0.21668676514923124,0.42591902157544237,0.10865308521497491,0.57726742164729,6.033195217603157e-06,54.84975380920926,,False,,0.5206521739130435,0.2217391304347826,0.8891304347826087,0.816304347826087,0.01956521739130435,0.8967391304347826,0.2858695652173913,0.10434782608695652,0.21304347826086956,0.15217391304347827,0.19510869565217392,0.4032608695652174,0.8402173913043478,0.8619565217391304,0.5059402173913045
205,4b2,205_4b2,Lr,mc,AKGC417L,205_4b2_Lr_mc_AKGC417L,/nas/home/pcallandrone/DeepLearning/dataset/ICBHI_2017/ICBHI_final_database/205_4b2_Lr_mc_AKGC417L.wav,/nas/home/pcallandrone/DeepLearning/dataset/ICBHI_2017/ICBHI_final_database/205_4b2_Lr_mc_AKGC417L.txt,44100,20.0,0.33301177490521755,1.0001121759414673,0.015342403628117915,0.00011216410348424688,0.3328690213638659,1.0129835605621338,0.013066666666666667,9.666580361059474,0.01951666666666667,27,0.29340728169016334,0.3039164488465003,0.3297772799650168,0.07186733971853697,0,0.02275,1.0129835605621338,False,0.0,crackles,4,13.268,0.7541453120289419,0.23326052976713316,0.038667800107651945,0.7668384566157174,5.564075489697889e-06,34.86539349626839,,False,,0.8543478260869565,0.8989130434782608,0.7152173913043478,0.5782608695652174,0.8206521739130435,0.7271739130434782,0.29782608695652174,0.8217391304347826,0.14456521739130435,0.15217391304347827,0.19510869565217392,0.6141304347826086,0.6097826086956522,0.14456521739130435,0.719538043478261
205,4b2,205_4b2,Pl,mc,AKGC417L,205_4b2_Pl_mc_AKGC417L,/nas/home/pcallandrone/DeepLearning/dataset/ICBHI_2017/ICBHI_final_database/205_4b2_Pl_mc_AKGC417L.wav,/nas/home/pcallandrone/DeepLearning/dataset/ICBHI_2017/ICBHI_final_database/205_4b2_Pl_mc_AKGC417L.txt,44100,20.0,0.07236477391778985,0.29424428939819336,0.0,2.4326662241946906e-05,0.07186263207085052,0.2928259074687958,0.0,12.202127548495076,0.025033333333333335,27,0.05708137360192091,0.06451140678074987,0.07098414644265771,0.08335162685412931,0,0.0,0.2928259074687958,False,0.0,normal,4,13.268,1.0,0.07798100202026619,0.03002089477770543,0.9222352107193412,4.103897468076622e-06,20.748640276002593,,False,,0.23695652173913043,0.29782608695652174,0.33369565217391306,0.5130434782608696,0.7521739130434782,0.3402173913043478,0.3467391304347826,0.6043478260869565,0.7516304347826087,0.15217391304347827,0.19510869565217392,0.8347826086956521,0.24347826086956523,0.3282608695652174,0.45166304347826086
205,4b2,205_4b2,Pr,mc,AKGC417L,205_4b2_Pr_mc_AKGC417L,/nas/home/pcallandrone/DeepLearning/dataset/ICBHI_2017/ICBHI_final_database/205_4b2_Pr_mc_AKGC417L.wav,/nas/home/pcallandrone/DeepLearning/dataset/ICBHI_2017/ICBHI_final_database/205_4b2_Pr_mc_AKGC417L.txt,44100,20.0,0.10828938542438835,0.7770799398422241,0.0,-6.45075851934962e-05,0.10779285489140299,0.7751100659370422,0.0,17.135468042294978,0.039733333333333336,27,0.09376026712147036,0.10287967317909415,0.10799504003829839,0.05481901181025293,0,0.0,0.7751100659370422,False,0.0,crackles,4,13.268,0.2862526379258368,0.5046164700437742,0.09092496895443516,0.4957106573706123,5.729715298922728e-06,49.53658115020183,,True,,0.3815217391304348,0.44565217391304346,0.925,0.7869565217391304,0.9423913043478261,0.9326086956521739,0.29130434782608694,0.25869565217391305,0.7516304347826087,0.15217391304347827,0.19510869565217392,0.44456521739130433,0.8021739130434783,0.9239130434782609,0.6503695652173912
206,1b1,206_1b1,Ar,sc,Meditron,206_1b1_Ar_sc_Meditron,/nas/home/pcallandrone/DeepLearning/dataset/ICBHI_2017/ICBHI_final_database/206_1b1_Ar_sc_Meditron.wav,/nas/home/pcallandrone/DeepLearning/dataset/ICBHI_2017/ICBHI_final_database/206_1b1_Ar_sc_Meditron.txt,44100,20.0,0.07720085602580314,0.4665592908859253,0.0,-6.5422145780758e-06,0.08135494377162303,0.46445775032043457,0.0,15.13124528961904,0.025066666666666668,27,0.0665911119075231,0.06784561176017277,0.07709658463790976,0.13367073024167261,0,0.0,0.46445775032043457,False,0.0,both,9,14.693,0.18042605322262306,0.12091287716774721,0.016355074706284837,0.8791189497300491,5.512085766983451e-08,23.892920431396885,,False,,0.2728260869565217,0.30978260869565216,0.4815217391304348,0.3217391304347826,0.42391304347826086,0.483695652173913,0.8880434782608696,0.6027173913043479,0.7516304347826087,0.5739130434782609,0.9353260869565218,0.3826086956521739,0.33260869565217394,0.7043478260869566,0.5077119565217391
206,1b1,206_1b1,Lr,sc,Meditron,206_1b1_Lr_sc_Meditron,/nas/home/pcallandrone/DeepLearning/dataset/ICBHI_2017/ICBHI_final_database/206_1b1_Lr_sc_Meditron.wav,/nas/home/pcallandrone/DeepLearning/dataset/ICBHI_2017/ICBHI_final_database/206_1b1_Lr_sc_Meditron.txt,44100,20.0,0.06711261524627181,0.29462888836860657,0.0,-0.00010374845442129299,0.06752649721474412,0.2937154173851013,0.0,12.76905041459112,0.0199,27,0.05397995409341975,0.05606305510078367,0.061038303232356705,0.14841737744396102,0,0.0,0.2937154173851013,False,0.0,wheezes,7,14.936,0.07364756293519015,0.23109216711474997,0.1979810585711006,0.7692033090587451,2.800466809535644e-07,36.657240104052356,,False,,0.2184782608695652,0.2608695652173913,0.7119565217391305,0.9271739130434783,0.375,0.7228260869565217,0.7869565217391304,0.8065217391304348,0.7516304347826087,0.7358695652173913,0.7880434782608695,0.30978260869565216,0.6423913043478261,0.4,0.5966141304347827
206,1b1,206_1b1,Pl,sc,Meditron,206_1b1_Pl_sc_Meditron,/nas/home/pcallandrone/DeepLearning/dataset/ICBHI_2017/ICBHI_final_database/206_1b1_Pl_sc_Meditron.wav,/nas/home/pcallandrone/DeepLearning/dataset/ICBHI_2017/ICBHI_final_database/206_1b1_Pl_sc_Meditron.txt,44100,20.0,0.10657939865963255,0.9999305009841919,1.4739229024943311e-05,3.899816147168167e-05,0.11159768980128645,1.033981442451477,1.6666666666666667e-05,19.337150791242212,0.04906666666666667,27,0.06152345897192863,0.07373571673600503,0.10251380000987143,0.25448828828908815,0,0.000125,1.033981442451477,False,0.0,wheezes,6,14.963999999999999,0.0,0.6382670732554355,0.6052606087532648,0.36175035339887374,4.0733544716678606e-08,79.16743779071832,,True,,0.3923913043478261,0.33804347826086956,0.966304347826087,0.9923913043478261,0.15543478260869564,0.9695652173913043,0.9032608695652173,0.16304347826086957,0.4907608695652174,0.845108695652174,0.6375,0.14402173913043478,0.9391304347826087,0.8804347826086957,0.6516032608695652
207,2b2,207_2b2,Al,mc,AKGC417L,207_2b2_Al_mc_AKGC417L,/nas/home/pcallandrone/DeepLearning/dataset/ICBHI_2017/ICBHI_final_database/207_2b2_Al_mc_AKGC417L.wav,/nas/home/pcallandrone/DeepLearning/dataset/ICBHI_2017/ICBHI_final_database/207_2b2_Al_mc_AKGC417L.txt,44100,20.0,0.13606620247276177,0.941736102104187,0.0,8.573308150516823e-05,0.13175941160123725,0.7752916216850281,0.0,15.393668873133182,0.03785,27,0.09539677991098522,0.10819127321370907,0.1333697877711075,0.1264371633018801,0,0.0,0.7752916216850281,False,0.0,normal,5,13.738999999999999,1.0,0.2239560261462383,0.10199836340092622,0.7765804192028241,6.9386918997249235e-06,43.428303383606924,,False,,0.4597826086956522,0.4608695652173913,0.7021739130434783,0.8097826086956522,0.4532608695652174,0.7130434782608696,0.26304347826086955,0.29456521739130437,0.7516304347826087,0.2391304347826087,0.4320652173913043,0.8347826086956521,0.7467391304347826,0.7380434782608696,0.6047500000000001
207,2b2,207_2b2,Ar,mc,AKGC417L,207_2b2_Ar_mc_AKGC417L,/nas/home/pcallandrone/DeepLearning/dataset/ICBHI_2017/ICBHI_final_database/207_2b2_Ar_mc_AKGC417L.wav,/nas/home/pcallandrone/DeepLearning/dataset/ICBHI_2017/ICBHI_final_database/207_2b2_Ar_mc_AKGC417L.txt,44100,20.0,0.3809719952509562,1.0006728172302246,0.024736961451247166,0.0006728729931637645,0.38573994964607417,1.0148358345031738,0.021116666666666666,8.402023489422891,0.019133333333333332,27,0.31739081974021666,0.3270677660145302,0.3775058842763068,0.127079272982889,0,0.068,1.0148358345031738,False,0.0,normal,5,13.738999999999999,1.0,0.28529909908002543,0.14042783258510377,0.7147486338794745,6.054192414478351e-06,53.13916287863109,,False,,0.9163043478260869,0.9195652173913044,0.7804347826086957,0.875,0.45217391304347826,0.7945652173913044,0.2847826086956522,0.8353260869565218,0.10869565217391304,0.2391304347826087,0.4320652173913043,0.8347826086956521,0.8239130434782609,0.08586956521739131,0.7686195652173914
207,2b2,207_2b2,Pl,mc,AKGC417L,207_2b2_Pl_mc_AKGC417L,/nas/home/pcallandrone/DeepLearning/dataset/ICBHI_2017/ICBHI_final_database/207_2b2_Pl_mc_AKGC417L.wav,/nas/home/pcallandrone/DeepLearning/dataset/ICBHI_2017/ICBHI_final_database/207_2b2_Pl_mc_AKGC417L.txt,44100,20.0,0.06999765575352486,0.5446892976760864,0.0,-4.4568052544491366e-05,0.0735082275992339,0.535882830619812,0.0,17.25467781571951,0.03666666666666667,27,0.06019650066781506,0.06553758925428732,0.07324152744410138,0.08615251364007682,0,0.0,0.535882830619812,False,0.0,crackles,5,13.738999999999999,0.5225271125991702,0.23008855128904065,0.16204860538033972,0.7705675268129216,8.504484691916755e-06,65.6140340218976,,False,,0.24565217391304348,0.3032608695652174,0.7086956521739131,0.8978260869565218,0.7239130434782609,0.7195652173913043,0.225,0.3108695652173913,0.7516304347826087,0.2391304347826087,0.4320652173913043,0.5358695652173913,0.8989130434782608,0.9434782608695652,0.5665
207,2b2,207_2b2,Pr,mc,AKGC417L,207_2b2_Pr_mc_AKGC417L,/nas/home/pcallandrone/DeepLearning/dataset/ICBHI_2017/ICBHI_final_database/207_2b2_Pr_mc_AKGC417L.wav,/nas/home/pcallandrone/DeepLearning/dataset/ICBHI_2017/ICBHI_final_database/207_2b2_Pr_mc_AKGC417L.txt,44100,20.0,0.17601710226722728,0.9999668002128601,1.8140589569160997e-05,-3.318394010420889e-05,0.18350325554377714,1.002656102180481,1.6666666666666667e-05,14.750164550780198,0.028566666666666667,27,0.15083913644131422,0.16116761303599508,0.18199017883280474,0.09062102740193545,0,0.000125,1.002656102180481,False,0.0,normal,5,13.738999999999999,1.0,0.28602066012744926,0.133166546752227,0.7141217203592175,7.330536960399053e-06,43.91611367092001,,False,,0.5804347826086956,0.6130434782608696,0.7815217391304348,0.8652173913043478,0.6880434782608695,0.7956521739130434,0.24782608695652175,0.48043478260869565,0.4907608695652174,0.2391304347826087,0.4320652173913043,0.8347826086956521,0.7543478260869565,0.6619565217391304,0.693108695652174
207,2b2,207_2b2,Tc,mc,AKGC417L,207_2b2_Tc_mc_AKGC417L,/nas/home/pcallandrone/DeepLearning/dataset/ICBHI_2017/ICBHI_final_database/207_2b2_Tc_mc_AKGC417L.wav,/nas/home/pcallandrone/DeepLearning/dataset/ICBHI_2017/ICBHI_final_database/207_2b2_Tc_mc_AKGC417L.txt,44100,20.0,0.12843259131425483,1.0001447200775146,0.0010498866213151927,0.00014474641648121178,0.12847448733975744,1.0138957500457764,0.0008666666666666666,17.94352817836872,0.057666666666666665,27,0.07975509896652354,0.0969079572776164,0.12370503892712786,0.21028190847442546,0,0.00425,1.0138957500457764,False,0.0,normal,5,13.738999999999999,1.0,0.7735214386682422,0.41461667410959446,0.2277030570682016,0.00021153153300639918,165.41107781183118,,False,,0.44565217391304346,0.42282608695652174,0.9923913043478261,0.9815217391304348,0.2076086956521739,0.9923913043478261,0.042391304347826085,0.125,0.34945652173913044,0.2391304347826087,0.4320652173913043,0.8347826086956521,0.9869565217391304,0.9967391304347826,0.6275326086956522
207,2b3,207_2b3,Al,mc,AKGC417L,207_2b3_Al_mc_AKGC417L,/nas/home/pcallandrone/DeepLearning/dataset/ICBHI_2017/ICBHI_final_database/207_2b3_Al_mc_AKGC417L.wav,/nas/home/pcallandrone/DeepLearning/dataset/ICBHI_2017/ICBHI_final_database/207_2b3_Al_mc_AKGC417L.txt,44100,20.0,0.18072524528369227,1.0000946521759033,0.0007482993197278912,9.459596185479313e-05,0.18505166986816488,1.001110553741455,0.0008666666666666666,14.663780621565694,0.03841666666666667,27,0.14409952652243818,0.15319354135371677,0.17826269614214688,0.10868959879657442,0,0.002625,1.001110553741455,False,0.0,crackles,5,14.257,0.5152556638844077,0.14146598359738422,0.05721582745682928,0.8586909737707217,7.0441869173754754e-06,34.713420181836405,,False,,0.5836956521739131,0.5967391304347827,0.5380434782608695,0.6902173913043478,0.5554347826086956,0.5478260869565217,0.2554347826086957,0.2826086956521739,0.34945652173913044,0.4032608695652174,0.4320652173913043,0.533695652173913,0.6086956521739131,0.6532608695652173,0.576358695652174
207,2b3,207_2b3,Ar,mc,AKGC417L,207_2b3_Ar_mc_AKGC417L,/nas/home/pcallandrone/DeepLearning/dataset/ICBHI_2017/ICBHI_final_database/207_2b3_Ar_mc_AKGC417L.wav,/nas/home/pcallandrone/DeepLearning/dataset/ICBHI_2017/ICBHI_final_database/207_2b3_Ar_mc_AKGC417L.txt,44100,20.0,0.28885776998869617,1.0004842281341553,0.008275510204081633,0.00048427385627292097,0.28686539769537744,1.0054092407226562,0.007666666666666666,10.89329412932905,0.024066666666666667,27,0.23508105642798777,0.24920632720329494,0.27785054146705235,0.09746581060202128,0,0.017625,1.0054092407226562,False,0.0,crackles,5,14.257,0.7564705057164902,0.18295474911144688,0.07203679020666447,0.8179478622502901,4.726480279761231e-06,39.372483607361666,,False,,0.8076086956521739,0.8271739130434783,0.6358695652173914,0.7391304347826086,0.6358695652173914,0.6445652173913043,0.3239130434782609,0.6461956521739131,0.18206521739130435,0.4032608695652174,0.4320652173913043,0.6152173913043478,0.691304347826087,0.20543478260869566,0.6992228260869564
207,2b3,207_2b3,Pl,mc,AKGC417L,207_2b3_Pl_mc_AKGC417L,/nas/home/pcallandrone/DeepLearning/dataset/ICBHI_2017/ICBHI_final_database/207_2b3_Pl_mc_AKGC417L.wav,/nas/home/pcallandrone/DeepLearning/dataset/ICBHI_2017/ICBHI_final_database/207_2b3_Pl_mc_AKGC417L.txt,44100,20.0,0.08429914808979251,0.5915250778198242,0.0,-8.846523269312456e-05,0.08400390112386709,0.5752790570259094,0.0,16.711582165489066,0.03473333333333333,27,0.06628216786024352,0.07014086684703937,0.0817308184582131,0.14605599950087583,0,0.0,0.5752790570259094,False,0.0,crackles,5,14.257,0.7528933155642843,0.14414023598933365,0.09957227595634291,0.8563146741782669,1.1920492425258145e-05,38.269498723318335,,False,,0.2858695652173913,0.3217391304347826,0.5521739130434783,0.8021739130434783,0.3793478260869565,0.5576086956521739,0.19021739130434784,0.33695652173913043,0.7516304347826087,0.4032608695652174,0.4320652173913043,0.6119565217391304,0.6804347826086956,0.8869565217391304,0.5053804347826087
207,2b3,207_2b3,Pr,mc,AKGC417L,207_2b3_Pr_mc_AKGC417L,/nas/home/pcallandrone/DeepLearning/dataset/ICBHI_2017/ICBHI_final_database/207_2b3_Pr_mc_AKGC417L.wav,/nas/home/pcallandrone/DeepLearning/dataset/ICBHI_2017/ICBHI_final_database/207_2b3_Pr_mc_AKGC417L.txt,44100,20.0,0.1315621402153292,0.543251097202301,0.0,9.709772712085396e-05,0.13216184747365142,0.5337833166122437,0.0,12.12517789005796,0.023016666666666668,27,0.11193860608143161,0.1202997776442804,0.13155443442115797,0.07119647839509986,0,0.0,0.5337833166122437,False,0.0,normal,5,14.257,1.0,0.15748712130048584,0.07329737061809317,0.8434504311104049,1.5348177341574656e-05,30.257120869848492,,False,,0.46195652173913043,0.5054347826086957,0.5826086956521739,0.7423913043478261,0.8260869565217391,0.5858695652173913,0.1565217391304348,0.691304347826087,0.7516304347826087,0.4032608695652174,0.4320652173913043,0.8347826086956521,0.5108695652173914,0.3173913043478261,0.624641304347826
207,2b3,207_2b3,Tc,mc,AKGC417L,207_2b3_Tc_mc_AKGC417L,/nas/home/pcallandrone/DeepLearning/dataset/ICBHI_2017/ICBHI_final_database/207_2b3_Tc_mc_AKGC417L.wav,/nas/home/pcallandrone/DeepLearning/dataset/ICBHI_2017/ICBHI_final_database/207_2b3_Tc_mc_AKGC417L.txt,44100,20.0,0.1352367415720066,1.0000087022781372,0.0006757369614512472,-8.849872756400146e-06,0.113148808789949,0.9877529740333557,0.0,18.819967189015184,0.10101666666666667,27,0.05251735344630969,0.06760068958192389,0.10776157779613098,0.3194491062469198,0,0.0,0.9877529740333557,False,0.0,normal,5,14.257,1.0,0.5569065807423825,0.20349014718676503,0.443626378456715,0.00012216083447236527,92.67599507148752,,True,,0.3967391304347826,0.30869565217391304,0.9445652173913044,0.9293478260869565,0.09782608695652174,0.95,0.05652173913043478,0.042391304347826085,0.7516304347826087,0.4032608695652174,0.4320652173913043,0.8347826086956521,0.9576086956521739,0.9293478260869565,0.593858695652174
207,2b4,207_2b4,Al,mc,AKGC417L,207_2b4_Al_mc_AKGC417L,/nas/home/pcallandrone/DeepLearning/dataset/ICBHI_2017/ICBHI_final_database/207_2b4_Al_mc_AKGC417L.wav,/nas/home/pcallandrone/DeepLearning/dataset/ICBHI_2017/ICBHI_final_database/207_2b4_Al_mc_AKGC417L.txt,44100,20.0,0.16722352175558403,0.9996941685676575,0.0008083900226757369,-0.00030583172338083386,0.16815727139492606,1.0004515647888184,0.0007333333333333333,15.489608318266814,0.04243333333333334,27,0.10794941647889837,0.13313528839185002,0.1765522930206957,0.14133899474115907,0,0.003375,1.0004515647888184,False,0.0,crackles,4,13.739,0.2794963243321933,0.09924083564817136,0.041564422640122514,0.9010653427876091,3.4485365447563713e-06,30.471991004338985,,False,,0.5445652173913044,0.5456521739130434,0.41304347826086957,0.6021739130434782,0.38913043478260867,0.4152173913043478,0.3739130434782609,0.22282608695652173,0.36141304347826086,0.24456521739130435,0.19510869565217392,0.44130434782608696,0.5184782608695652,0.7554347826086957,0.4884021739130435
207,2b4,207_2b4,Ar,mc,AKGC417L,207_2b4_Ar_mc_AKGC417L,/nas/home/pcallandrone/DeepLearning/dataset/ICBHI_2017/ICBHI_final_database/207_2b4_Ar_mc_AKGC417L.wav,/nas/home/pcallandrone/DeepLearning/dataset/ICBHI_2017/ICBHI_final_database/207_2b4_Ar_mc_AKGC417L.txt,44100,20.0,0.2645746179877983,1.0004228353500366,0.009695011337868481,-0.00042296055471524596,0.26855360639844034,1.0044481754302979,0.007916666666666667,11.45793090339567,0.027216666666666667,27,0.19636624854517018,0.20978475761141727,0.27369682948864016,0.13521431367208972,0,0.016875,1.0044481754302979,False,0.0,crackles,4,13.739,0.0,0.1282860494164506,0.04705974128466599,0.8719280054461059,3.0763191066216753e-06,32.99394401745594,,False,,0.7804347826086957,0.7532608695652174,0.5054347826086957,0.65,0.4141304347826087,0.508695652173913,0.4043478260869565,0.5369565217391304,0.175,0.24456521739130435,0.19510869565217392,0.14402173913043478,0.5673913043478261,0.24456521739130435,0.5641141304347826
207,2b4,207_2b4,Pl,mc,AKGC417L,207_2b4_Pl_mc_AKGC417L,/nas/home/pcallandrone/DeepLearning/dataset/ICBHI_2017/ICBHI_final_database/207_2b4_Pl_mc_AKGC417L.wav,/nas/home/pcallandrone/DeepLearning/dataset/ICBHI_2017/ICBHI_final_database/207_2b4_Pl_mc_AKGC417L.txt,44100,20.0,0.2919433505575565,1.00107741355896,0.005606575963718821,-0.001077501568943262,0.2963855916835909,1.0067884922027588,0.0037166666666666667,10.621623108045457,0.022283333333333332,27,0.21714991606500933,0.2529408696406112,0.2938235085021145,0.12077327182698408,0,0.019375,1.0067884922027588,False,0.0,crackles,4,13.739,0.24179343474779824,0.11625881682514011,0.06841481127843474,0.8843663352304957,7.008686638095134e-06,29.666340564080148,,False,,0.8173913043478261,0.8369565217391305,0.4717391304347826,0.7282608695652174,0.4880434782608696,0.4717391304347826,0.25869565217391305,0.7135869565217391,0.2505434782608696,0.24456521739130435,0.19510869565217392,0.42282608695652174,0.4967391304347826,0.19021739130434784,0.609092391304348
207,2b4,207_2b4,Pr,mc,AKGC417L,207_2b4_Pr_mc_AKGC417L,/nas/home/pcallandrone/DeepLearning/dataset/ICBHI_2017/ICBHI_final_database/207_2b4_Pr_mc_AKGC417L.wav,/nas/home/pcallandrone/DeepLearning/dataset/ICBHI_2017/ICBHI_final_database/207_2b4_Pr_mc_AKGC417L.txt,44100,20.0,0.11971824781614682,0.5301530957221985,0.0,-0.00045946636237204075,0.12021012805557452,0.5274147987365723,0.0,12.844225026975831,0.0251,27,0.10517681427086585,0.11140454126890621,0.11949189466532524,0.06256820192689085,0,0.0,0.5274147987365723,False,0.0,crackles,4,13.739,0.18953344493776836,0.09062812761759159,0.0340507025030196,0.9097030071936041,1.205469238675125e-05,21.765016201677522,,False,,0.41956521739130437,0.47282608695652173,0.3804347826086957,0.5478260869565217,0.8891304347826087,0.3858695652173913,0.1891304347826087,0.6010869565217392,0.7516304347826087,0.24456521739130435,0.19510869565217392,0.391304347826087,0.2717391304347826,0.41195652173913044,0.49641304347826093
207,2b4,207_2b4,Tc,mc,AKGC417L,207_2b4_Tc_mc_AKGC417L,/nas/home/pcallandrone/DeepLearning/dataset/ICBHI_2017/ICBHI_final_database/207_2b4_Tc_mc_AKGC417L.wav,/nas/home/pcallandrone/DeepLearning/dataset/ICBHI_2017/ICBHI_final_database/207_2b4_Tc_mc_AKGC417L.txt,44100,20.0,0.1300424201051895,1.0001763105392456,0.0012596371882086167,-0.00017641585145611316,0.13820426216592452,1.0048482418060303,0.0008,17.231580798500982,0.08776666666666667,27,0.02895870128881345,0.0524676391714982,0.1429583939795166,0.370205859694812,0,0.005625,1.0048482418060303,False,0.0,wheezes,4,13.739,0.7205036756678069,0.3847516609744661,0.05824183510860624,0.6174160004603647,3.626907834759359e-05,48.02578862217944,,False,,0.4782608695652174,0.24021739130434783,0.8586956521739131,0.6945652173913044,0.0641304347826087,0.8673913043478261,0.10217391304347827,0.057608695652173914,0.35543478260869565,0.24456521739130435,0.19510869565217392,0.5880434782608696,0.7934782608695652,0.9358695652173913,0.501375
207,3b2,207_3b2,Al,mc,AKGC417L,207_3b2_Al_mc_AKGC417L,/nas/home/pcallandrone/DeepLearning/dataset/ICBHI_2017/ICBHI_final_database/207_3b2_Al_mc_AKGC417L.wav,/nas/home/pcallandrone/DeepLearning/dataset/ICBHI_2017/ICBHI_final_database/207_3b2_Al_mc_AKGC417L.txt,44100,20.0,0.4426804165786552,1.0016666650772095,0.06850340136054421,0.0016666727606207132,0.4336758584739358,1.005963921546936,0.039483333333333336,7.30834316520368,0.01715,27,0.3842649093535794,0.4118962613564096,0.4347240902111122,0.04804460993857592,0,0.05625,1.005963921546936,False,0.0,normal,7,14.958,1.0,0.10891093225459286,0.028530968633359636,0.8913321188927132,4.7041273374272524e-07,31.421294967303574,,False,,0.9478260869565217,0.966304347826087,0.45,0.4989130434782609,0.967391304347826,0.45217391304347826,0.7260869565217392,0.8989130434782608,0.05326086956521739,0.8206521739130435,0.7880434782608695,0.8347826086956521,0.5369565217391304,0.051086956521739134,0.7997065217391304
207,3b2,207_3b2,Ar,mc,AKGC417L,207_3b2_Ar_mc_AKGC417L,/nas/home/pcallandrone/DeepLearning/dataset/ICBHI_2017/ICBHI_final_database/207_3b2_Ar_mc_AKGC417L.wav,/nas/home/pcallandrone/DeepLearning/dataset/ICBHI_2017/ICBHI_final_database/207_3b2_Ar_mc_AKGC417L.txt,44100,20.0,0.10030332245043332,0.5612137913703918,0.0,9.044558828463778e-05,0.09932032886412928,0.5122106671333313,0.0,14.248209387360141,0.030066666666666665,27,0.08690585915915208,0.09337964854509875,0.09961460575733418,0.0555224718315625,0,0.0,0.5122106671333313,False,0.0,normal,7,14.958,1.0,0.16463327996553867,0.052550405263291626,0.8379058398339057,2.009643277278076e-06,30.800039105129024,,False,,0.35543478260869565,0.4097826086956522,0.5967391304347827,0.6728260869565217,0.9402173913043478,0.5967391304347827,0.4826086956521739,0.4309782608695652,0.7516304347826087,0.8206521739130435,0.7880434782608695,0.8347826086956521,0.5271739130434783,0.6086956521739131,0.6582608695652175
207,3b2,207_3b2,Lr,mc,AKGC417L,207_3b2_Lr_mc_AKGC417L,/nas/home/pcallandrone/DeepLearning/dataset/ICBHI_2017/ICBHI_final_database/207_3b2_Lr_mc_AKGC417L.wav,/nas/home/pcallandrone/DeepLearning/dataset/ICBHI_2017/ICBHI_final_database/207_3b2_Lr_mc_AKGC417L.txt,44100,20.0,0.3148435477324995,1.000107765197754,0.002359410430839002,-0.00010793982801260427,0.31663603003915863,1.000744104385376,0.0031333333333333335,9.995254167528485,0.019716666666666667,27,0.2771834192730633,0.2910935522538412,0.3119867972666358,0.06878452286656923,0,0.012625,1.000744104385376,False,0.0,normal,7,14.958,1.0,0.002054511282428578,0.0006704623846300354,0.9981511550949342,4.794225662067926e-07,10.879006629408662,,False,,0.8434782608695652,0.8847826086956522,0.006521739130434782,0.008695652173913044,0.8456521739130435,0.005434782608695652,0.7239130434782609,0.8141304347826087,0.26413043478260867,0.8206521739130435,0.7880434782608695,0.8347826086956521,0.05,0.1565217391304348,0.6069565217391305
207,3b2,207_3b2,Pl,mc,AKGC417L,207_3b2_Pl_mc_AKGC417L,/nas/home/pcallandrone/DeepLearning/dataset/ICBHI_2017/ICBHI_final_database/207_3b2_Pl_mc_AKGC417L.wav,/nas/home/pcallandrone/DeepLearning/dataset/ICBHI_2017/ICBHI_final_database/207_3b2_Pl_mc_AKGC417L.txt,44100,20.0,0.14122243954182373,0.775188684463501,0.0,0.00010310780635336414,0.1431313255899033,0.7726848721504211,0.0,14.645354316573709,0.0276,27,0.13148064847594784,0.13347413703277552,0.141248081338506,0.06009555211051324,0,0.0,0.7726848721504211,False,0.0,normal,7,14.958,1.0,0.14870286197069835,0.0874918416469484,0.8513818048765645,3.3508682981675194e-06,28.958726026251913,,False,,0.49782608695652175,0.5478260869565217,0.5597826086956522,0.775,0.9021739130434783,0.566304347826087,0.3815217391304348,0.5195652173913043,0.7516304347826087,0.8206521739130435,0.7880434782608695,0.8347826086956521,0.48043478260869565,0.65,0.6949619565217391
207,3b2,207_3b2,Pr,mc,AKGC417L,207_3b2_Pr_mc_AKGC417L,/nas/home/pcallandrone/DeepLearning/dataset/ICBHI_2017/ICBHI_final_database/207_3b2_Pr_mc_AKGC417L.wav,/nas/home/pcallandrone/DeepLearning/dataset/ICBHI_2017/ICBHI_final_database/207_3b2_Pr_mc_AKGC417L.txt,44100,20.0,0.09580754730055631,0.5667745471000671,0.0,0.00016075196617748588,0.09619144242304843,0.562358021736145,0.0,15.33752913745602,0.030266666666666667,27,0.08413578291674347,0.08996145944392736,0.09726687609957793,0.05907078332849816,0,0.0,0.562358021736145,False,0.0,normal,7,14.958,1.0,0.07671689229710718,0.026316226940296564,0.9238288081914978,1.1280343890509953e-05,17.03979303726112,,False,,0.34130434782608693,0.40108695652173915,0.325,0.47608695652173916,0.908695652173913,0.33152173913043476,0.1956521739130435,0.4282608695652174,0.7516304347826087,0.8206521739130435,0.7880434782608695,0.8347826086956521,0.16956521739130434,0.7336956521739131,0.5456141304347828
207,3b2,207_3b2,Tc,mc,AKGC417L,207_3b2_Tc_mc_AKGC417L,/nas/home/pcallandrone/DeepLearning/dataset/ICBHI_2017/ICBHI_final_database/207_3b2_Tc_mc_AKGC417L.wav,/nas/home/pcallandrone/DeepLearning/dataset/ICBHI_2017/ICBHI_final_database/207_3b2_Tc_mc_AKGC417L.txt,44100,20.0,0.1672123225924223,1.0002340078353882,0.00020634920634920634,0.0002339505881536752,0.1744201674530132,1.0048004388809204,0.0002,15.20966233472227,0.052,27,0.14624922064302195,0.14824952567631802,0.16182295234404404,0.13151382919502233,0,0.00075,1.0048004388809204,False,0.0,normal,7,14.958,1.0,0.14258077579537354,0.06548795722924033,0.8577842438992956,1.3511427798062269e-06,35.15334846626301,,False,,0.5576086956521739,0.5826086956521739,0.5445652173913044,0.7184782608695652,0.4326086956521739,0.5510869565217391,0.5521739130434783,0.14456521739130435,0.41793478260869565,0.8206521739130435,0.7880434782608695,0.8347826086956521,0.6152173913043478,0.716304347826087,0.642820652173913
208,1b1,208_1b1,Ll,sc,Meditron,208_1b1_Ll_sc_Meditron,/nas/home/pcallandrone/DeepLearning/dataset/ICBHI_2017/ICBHI_final_database/208_1b1_Ll_sc_Meditron.wav,/nas/home/pcallandrone/DeepLearning/dataset/ICBHI_2017/ICBHI_final_database/208_1b1_Ll_sc_Meditron.txt,44100,19.95,0.09279039354969965,0.356362521648407,0.0,-0.00011318433098495007,0.0934023419553425,0.355897456407547,0.0,11.619342357172739,0.015533333333333333,27,0.0701953361602173,0.07786594701226711,0.09089572109561277,0.14572173201116262,0,0.0,0.355897456407547,False,0.0,normal,10,14.868,1.0,0.0067151304747572116,0.001403707837290428,0.9933203404073847,7.470136724522192e-07,12.357428428045488,,False,,0.33043478260869563,0.358695652173913,0.01956521739130435,0.034782608695652174,0.3804347826086957,0.021739130434782608,0.6597826086956522,0.95,0.7516304347826087,0.6260869565217392,0.9652173913043478,0.8347826086956521,0.07717391304347826,0.2565217391304348,0.41602717391304356
209,1b1,209_1b1,Tc,sc,Meditron,209_1b1_Tc_sc_Meditron,/nas/home/pcallandrone/DeepLearning/dataset/ICBHI_2017/ICBHI_final_database/209_1b1_Tc_sc_Meditron.wav,/nas/home/pcallandrone/DeepLearning/dataset/ICBHI_2017/ICBHI_final_database/209_1b1_Tc_sc_Meditron.txt,44100,20.0,0.039277867164516395,0.24648085236549377,0.0,-5.141012297826819e-05,0.039657247739582235,0.22177442908287048,0.0,14.951777969096455,0.028833333333333332,27,0.032037275726129875,0.03501496874760649,0.03874387369896385,0.08141986282261376,0,0.0,0.22177442908287048,False,0.0,normal,3,14.978,1.0,0.08647200997564126,0.017466359902135863,0.9135203572009551,1.7983556175838065e-05,32.016344453078894,,False,,0.11847826086956521,0.13695652173913042,0.3684782608695652,0.3402173913043478,0.7652173913043478,0.37282608695652175,0.14347826086956522,0.4657608695652174,0.7516304347826087,0.9304347826086956,0.043478260869565216,0.8347826086956521,0.5521739130434783,0.683695652173913,0.4481304347826087
210,1b1,210_1b1,Al,sc,Meditron,210_1b1_Al_sc_Meditron,/nas/home/pcallandrone/DeepLearning/dataset/ICBHI_2017/ICBHI_final_database/210_1b1_Al_sc_Meditron.wav,/nas/home/pcallandrone/DeepLearning/dataset/ICBHI_2017/ICBHI_final_database/210_1b1_Al_sc_Meditron.txt,44100,20.0,0.0937299958210761,0.580167829990387,0.0,-8.96818601177074e-05,0.08837195259379749,0.5800171494483948,0.0,16.342527663898437,0.03668333333333333,27,0.06777590200598688,0.07052917479927287,0.08622031502866549,0.15646300892946552,0,0.0,0.5800171494483948,False,0.0,crackles,13,14.964,0.9207431168136861,0.10521895995324235,0.020010549779145397,0.8950287271910288,1.7388441818404801e-06,23.599820726164975,,False,,0.30543478260869567,0.32608695652173914,0.4369565217391304,0.3869565217391304,0.3456521739130435,0.4391304347826087,0.5054347826086957,0.3092391304347826,0.7516304347826087,0.871195652173913,0.9923913043478261,0.6652173913043479,0.32065217391304346,0.8434782608695652,0.5082880434782611
210,1b1,210_1b1,Ar,sc,Meditron,210_1b1_Ar_sc_Meditron,/nas/home/pcallandrone/DeepLearning/dataset/ICBHI_2017/ICBHI_final_database/210_1b1_Ar_sc_Meditron.wav,/nas/home/pcallandrone/DeepLearning/dataset/ICBHI_2017/ICBHI_final_database/210_1b1_Ar_sc_Meditron.txt,44100,19.82,0.08168821477366421,0.492637038230896,0.0,5.291877096169628e-05,0.07876690443995417,0.4886411726474762,0.0,15.852925582687467,0.03743333333333333,27,0.022899186623584953,0.03846083043300878,0.08378882689052045,0.32371987523102086,0,0.0,0.4886411726474762,False,0.0,crackles,9,14.979,0.8393083650443955,0.028850870680870392,0.0029273705886517817,0.971430595297931,6.97406351313602e-06,12.68384818318533,,False,,0.2619565217391304,0.1565217391304348,0.12934782608695652,0.0891304347826087,0.09347826086956522,0.1358695652173913,0.2597826086956522,0.29782608695652174,0.7516304347826087,0.9586956521739131,0.9353260869565218,0.6456521739130435,0.08369565217391305,0.7978260869565217,0.3310760869565218
211,1p2,211_1p2,Ar,mc,AKGC417L,211_1p2_Ar_mc_AKGC417L,/nas/home/pcallandrone/DeepLearning/dataset/ICBHI_2017/ICBHI_final_database/211_1p2_Ar_mc_AKGC417L.wav,/nas/home/pcallandrone/DeepLearning/dataset/ICBHI_2017/ICBHI_final_database/211_1p2_Ar_mc_AKGC417L.txt,44100,20.0,0.20372466580433948,0.9999666213989258,0.00031859410430839,-3.335982546559535e-05,0.20484527648946504,1.001783847808838,0.0004166666666666667,13.786961416759025,0.0329,27,0.17954830093139296,0.18301004064123855,0.20293391540271496,0.08693190074441098,0,0.002375,1.001783847808838,False,0.0,normal,10,14.908,1.0,0.05480160744474409,0.022608246185477954,0.9453817651571422,1.224098745866646e-06,27.91211116704843,,False,,0.6402173913043478,0.6847826086956522,0.2391304347826087,0.42391304347826086,0.7141304347826087,0.24239130434782608,0.5706521739130435,0.3717391304347826,0.38858695652173914,0.6663043478260869,0.9652173913043478,0.8347826086956521,0.45,0.5293478260869565,0.6033532608695652
211,1p2,211_1p2,Pl,mc,AKGC417L,211_1p2_Pl_mc_AKGC417L,/nas/home/pcallandrone/DeepLearning/dataset/ICBHI_2017/ICBHI_final_database/211_1p2_Pl_mc_AKGC417L.wav,/nas/home/pcallandrone/DeepLearning/dataset/ICBHI_2017/ICBHI_final_database/211_1p2_Pl_mc_AKGC417L.txt,44100,20.0,0.601603229490985,1.0000253915786743,0.17058843537414967,2.537363616283983e-05,0.6075813089650314,1.144750952720642,0.14398333333333332,5.502132167669979,0.012733333333333333,27,0.5623637112169368,0.5749353463362412,0.608945998117951,0.04275690353720524,0,0.199125,1.144750952720642,False,0.0,both,10,14.891,0.0,0.31928335142462566,0.09555394621123588,0.6810424776680045,6.76676820727761e-06,48.10599156702799,,False,,0.9956521739130435,0.9978260869565218,0.8130434782608695,0.7945652173913044,0.9793478260869565,0.8228260869565217,0.26521739130434785,0.9945652173913043,0.003260869565217391,0.6353260869565217,0.9652173913043478,0.14402173913043478,0.7945652173913044,0.013043478260869565,0.8359402173913044
211,1p2,211_1p2,Pr,mc,AKGC417L,211_1p2_Pr_mc_AKGC417L,/nas/home/pcallandrone/DeepLearning/dataset/ICBHI_2017/ICBHI_final_database/211_1p2_Pr_mc_AKGC417L.wav,/nas/home/pcallandrone/DeepLearning/dataset/ICBHI_2017/ICBHI_final_database/211_1p2_Pr_mc_AKGC417L.txt,44100,20.0,0.22328348560712116,1.0008859634399414,0.008325396825396826,-0.000886027526576072,0.22421327565232976,1.0202662944793701,0.005833333333333334,13.161044315513369,0.02896666666666667,27,0.1635599629169034,0.20056655927030262,0.22383636501331777,0.09707730262190883,0,0.012,1.0202662944793701,False,0.0,normal,10,14.891,1.0,0.44583885343573837,0.1419366000566135,0.5544078604530545,1.5852649917376142e-05,58.39985225860449,,False,,0.6891304347826087,0.7304347826086957,0.9032608695652173,0.8760869565217392,0.6380434782608696,0.9141304347826087,0.1532608695652174,0.4603260869565217,0.20543478260869566,0.6353260869565217,0.9652173913043478,0.8347826086956521,0.8576086956521739,0.4543478260869565,0.7783152173913044
211,1p3,211_1p3,Ar,mc,AKGC417L,211_1p3_Ar_mc_AKGC417L,/nas/home/pcallandrone/DeepLearning/dataset/ICBHI_2017/ICBHI_final_database/211_1p3_Ar_mc_AKGC417L.wav,/nas/home/pcallandrone/DeepLearning/dataset/ICBHI_2017/ICBHI_final_database/211_1p3_Ar_mc_AKGC417L.txt,44100,20.0,0.24224441964828544,1.0002280473709106,0.0022936507936507935,0.0002280429471284151,0.24693667472045183,1.0014395713806152,0.0028,12.160783051367396,0.027283333333333333,27,0.19650314802302538,0.2190339733006678,0.23606252737475011,0.1015547283527729,0,0.011375,1.0014395713806152,False,0.0,normal,11,14.908,1.0,0.05649754193642362,0.02099908622875969,0.9435107407088348,2.064609280386057e-06,26.364615398886954,,False,,0.7380434782608696,0.7739130434782608,0.24130434782608695,0.40108695652173915,0.6032608695652174,0.24456521739130435,0.4782608695652174,0.5347826086956522,0.27065217391304347,0.6663043478260869,0.9820652173913044,0.8347826086956521,0.4032608695652174,0.3217391304347826,0.6128858695652176
211,1p5,211_1p5,Ar,mc,AKGC417L,211_1p5_Ar_mc_AKGC417L,/nas/home/pcallandrone/DeepLearning/dataset/ICBHI_2017/ICBHI_final_database/211_1p5_Ar_mc_AKGC417L.wav,/nas/home/pcallandrone/DeepLearning/dataset/ICBHI_2017/ICBHI_final_database/211_1p5_Ar_mc_AKGC417L.txt,44100,20.0,0.2225432629269966,1.000002384185791,0.0009195011337868481,-2.52233667197288e-06,0.2223648645167899,1.0007507801055908,0.00075,13.065195418074998,0.032733333333333337,27,0.19226034632207545,0.20831792790271855,0.22129104710810749,0.06696438543396421,0,0.005625,1.0007507801055908,False,0.0,normal,11,14.556,1.0,0.06513854646768409,0.02464272242966858,0.9349184429887725,2.221248479359666e-06,29.173792819344573,,False,,0.6858695652173913,0.75,0.26521739130434785,0.46195652173913043,0.8641304347826086,0.27065217391304347,0.4641304347826087,0.37717391304347825,0.3592391304347826,0.4923913043478261,0.9820652173913044,0.8347826086956521,0.48478260869565215,0.4423913043478261,0.6246630434782608
211,2p2,211_2p2,Tc,mc,AKGC417L,211_2p2_Tc_mc_AKGC417L,/nas/home/pcallandrone/DeepLearning/dataset/ICBHI_2017/ICBHI_final_database/211_2p2_Tc_mc_AKGC417L.wav,/nas/home/pcallandrone/DeepLearning/dataset/ICBHI_2017/ICBHI_final_database/211_2p2_Tc_mc_AKGC417L.txt,44100,20.0,0.3539352525021771,1.000088095664978,0.010223356009070294,8.807961421553046e-05,0.3468711411110579,1.0178792476654053,0.007833333333333333,9.350561819613826,0.016716666666666668,27,0.29782133762975177,0.3210878833363123,0.3403478646695411,0.0866638420054575,0,0.022375,1.0178792476654053,False,0.0,normal,10,14.656,1.0,0.06721008904266927,0.017413908069052946,0.9328128205750841,7.95847224316618e-07,19.53062301857337,,False,,0.875,0.9130434782608695,0.27717391304347827,0.33804347826086956,0.7184782608695652,0.28152173913043477,0.6489130434782608,0.9152173913043479,0.17608695652173914,0.5478260869565217,0.9652173913043478,0.8347826086956521,0.2141304347826087,0.12608695652173912,0.6802934782608695
211,2p3,211_2p3,Tc,mc,AKGC417L,211_2p3_Tc_mc_AKGC417L,/nas/home/pcallandrone/DeepLearning/dataset/ICBHI_2017/ICBHI_final_database/211_2p3_Tc_mc_AKGC417L.wav,/nas/home/pcallandrone/DeepLearning/dataset/ICBHI_2017/ICBHI_final_database/211_2p3_Tc_mc_AKGC417L.txt,44100,20.0,0.41738905584461833,1.001700520515442,0.019113378684807256,0.0017004746478050947,0.42897195396989074,1.0625889301300049,0.0155,7.878727759849462,0.014516666666666667,27,0.35655899673339286,0.3746233557094403,0.4344676866365662,0.08167168440021531,0,0.034625,1.0625889301300049,False,0.0,normal,12,14.773,1.0,0.04719888492399996,0.018606601066374087,0.9528744417120559,1.2313840466757838e-06,19.15676998718878,,False,,0.941304347826087,0.95,0.20652173913043478,0.358695652173913,0.7619565217391304,0.2108695652173913,0.5684782608695652,0.967391304347826,0.13043478260869565,0.5891304347826087,0.9875,0.8347826086956521,0.19891304347826086,0.06847826086956521,0.6831684782608698
211,2p4,211_2p4,Tc,mc,AKGC417L,211_2p4_Tc_mc_AKGC417L,/nas/home/pcallandrone/DeepLearning/dataset/ICBHI_2017/ICBHI_final_database/211_2p4_Tc_mc_AKGC417L.wav,/nas/home/pcallandrone/DeepLearning/dataset/ICBHI_2017/ICBHI_final_database/211_2p4_Tc_mc_AKGC417L.txt,44100,20.0,0.38863776686608287,1.0005035400390625,0.021560090702947846,0.0005035518552176654,0.38222490162627865,1.0546998977661133,0.01775,8.816198524884955,0.0163,27,0.3195637811848889,0.3351019211614791,0.39234547607320497,0.09185541587312401,0,0.053875,1.0546998977661133,False,0.0,normal,12,14.891,1.0,0.04666885769341125,0.015918193803809468,0.9533868718887499,1.2015859191565684e-06,18.06871064885759,,False,,0.9119565217391304,0.9260869565217391,0.20434782608695654,0.30869565217391304,0.6760869565217391,0.20869565217391303,0.5760869565217391,0.9228260869565217,0.12173913043478261,0.6353260869565217,0.9875,0.8347826086956521,0.1815217391304348,0.1,0.6632934782608697
212,2b2,212_2b2,Tc,mc,LittC2SE,212_2b2_Tc_mc_LittC2SE,/nas/home/pcallandrone/DeepLearning/dataset/ICBHI_2017/ICBHI_final_database/212_2b2_Tc_mc_LittC2SE.wav,/nas/home/pcallandrone/DeepLearning/dataset/ICBHI_2017/ICBHI_final_database/212_2b2_Tc_mc_LittC2SE.txt,44100,20.0,0.12404209486378094,0.5388184785842896,0.0,3.5999150895804632e-06,0.12220607681493885,0.5386046171188354,0.0,12.88354539029111,0.019866666666666668,27,0.09222594725086544,0.09594360497313136,0.11716306120561619,0.14907248993127759,0,0.0,0.5386046171188354,False,0.0,crackles,5,14.978,0.5106823340899986,0.010967109635185747,0.004114244747068976,0.9890446951347731,3.639180195979697e-07,13.561898046353042,,False,,0.42717391304347824,0.41739130434782606,0.042391304347826085,0.11739130434782609,0.37282608695652175,0.05326086956521739,0.7467391304347826,0.8076086956521739,0.7516304347826087,0.9304347826086956,0.4320652173913043,0.5315217391304348,0.10217391304347827,0.4206521739130435,0.4355652173913044
213,1p2,213_1p2,Al,mc,AKGC417L,213_1p2_Al_mc_AKGC417L,/nas/home/pcallandrone/DeepLearning/dataset/ICBHI_2017/ICBHI_final_database/213_1p2_Al_mc_AKGC417L.wav,/nas/home/pcallandrone/DeepLearning/dataset/ICBHI_2017/ICBHI_final_database/213_1p2_Al_mc_AKGC417L.txt,44100,20.0,0.34586851527475915,1.0005022287368774,0.02463151927437642,0.0005022826953791082,0.35171925897585604,1.0037132501602173,0.026416666666666668,9.10827015517309,0.020266666666666665,27,0.24446030342250522,0.2746639893298527,0.36170463879450027,0.15273771761370608,0,0.060625,1.0037132501602173,False,0.0,normal,5,13.889999999999999,1.0,0.07882960630895858,0.02158668911311207,0.9213504655643704,7.997508378762251e-07,20.963520618563468,,False,,0.883695652173913,0.866304347826087,0.34130434782608693,0.4097826086956522,0.36195652173913045,0.35,0.6478260869565218,0.7929347826086957,0.0891304347826087,0.2831521739130435,0.4320652173913043,0.8347826086956521,0.25,0.11630434782608695,0.6163967391304348
213,1p2,213_1p2,Ar,mc,AKGC417L,213_1p2_Ar_mc_AKGC417L,/nas/home/pcallandrone/DeepLearning/dataset/ICBHI_2017/ICBHI_final_database/213_1p2_Ar_mc_AKGC417L.wav,/nas/home/pcallandrone/DeepLearning/dataset/ICBHI_2017/ICBHI_final_database/213_1p2_Ar_mc_AKGC417L.txt,44100,20.0,0.21158332670174645,1.000218152999878,0.004673469387755102,0.00021814451611135155,0.21513555603558657,1.0042669773101807,0.0049,13.382739774894494,0.05196666666666667,27,0.08435356667767355,0.10923425116685888,0.18154829971115907,0.3448513215192415,0,0.028,1.0042669773101807,False,0.0,normal,5,13.889999999999999,1.0,0.1355737394636361,0.017422348189102967,0.8645231285615341,6.97357168325464e-06,28.47471824314042,,False,,0.6641304347826087,0.46304347826086956,0.5206521739130435,0.3391304347826087,0.07934782608695652,0.525,0.2608695652173913,0.14565217391304347,0.22228260869565217,0.2831521739130435,0.4320652173913043,0.8347826086956521,0.46847826086956523,0.4815217391304348,0.48240760869565225
213,1p2,213_1p2,Lr,mc,AKGC417L,213_1p2_Lr_mc_AKGC417L,/nas/home/pcallandrone/DeepLearning/dataset/ICBHI_2017/ICBHI_final_database/213_1p2_Lr_mc_AKGC417L.wav,/nas/home/pcallandrone/DeepLearning/dataset/ICBHI_2017/ICBHI_final_database/213_1p2_Lr_mc_AKGC417L.txt,44100,20.0,0.3606626976194102,1.0000547170639038,0.03416893424036281,-5.48115094716195e-05,0.36294733438262494,1.0075383186340332,0.03323333333333333,8.868359218676206,0.023483333333333332,27,0.15743519177738358,0.2494191707280356,0.353604593678875,0.2747249703368083,0,0.1045,1.0075383186340332,False,0.0,normal,5,13.889999999999999,1.0,0.08100531782842124,0.00939457415412909,0.9193835348389482,8.91695810868728e-06,22.85336209912393,,False,,0.8967391304347826,0.8282608695652174,0.35108695652173916,0.21195652173913043,0.12934782608695652,0.35543478260869565,0.2184782608695652,0.6684782608695652,0.0641304347826087,0.2831521739130435,0.4320652173913043,0.8347826086956521,0.29891304347826086,0.10326086956521739,0.5386630434782609
213,1p2,213_1p2,Pl,mc,AKGC417L,213_1p2_Pl_mc_AKGC417L,/nas/home/pcallandrone/DeepLearning/dataset/ICBHI_2017/ICBHI_final_database/213_1p2_Pl_mc_AKGC417L.wav,/nas/home/pcallandrone/DeepLearning/dataset/ICBHI_2017/ICBHI_final_database/213_1p2_Pl_mc_AKGC417L.txt,44100,20.0,0.09973263194394423,1.0000673532485962,0.00041156462585034014,6.737701914971694e-05,0.09583091490348034,1.0111889839172363,0.00046666666666666666,20.466533896435287,0.14133333333333334,27,0.022269381518438533,0.029915669924364723,0.08259194896310393,0.5182873001179438,0,0.002625,1.0111889839172363,False,0.0,crackles,5,13.889999999999999,0.7283657307415408,0.08661529380297998,0.012400789899294749,0.9134554670776562,1.1596585430580099e-06,24.037473754706564,,False,,0.3391304347826087,0.125,0.3695652173913043,0.2554347826086957,0.020652173913043477,0.3739130434782609,0.5858695652173913,0.02282608695652174,0.3782608695652174,0.2831521739130435,0.4320652173913043,0.5934782608695652,0.33695652173913043,0.7630434782608696,0.3357934782608696
213,1p2,213_1p2,Pr,mc,AKGC417L,213_1p2_Pr_mc_AKGC417L,/nas/home/pcallandrone/DeepLearning/dataset/ICBHI_2017/ICBHI_final_database/213_1p2_Pr_mc_AKGC417L.wav,/nas/home/pcallandrone/DeepLearning/dataset/ICBHI_2017/ICBHI_final_database/213_1p2_Pr_mc_AKGC417L.txt,44100,20.0,0.3433530536528215,1.0001460313796997,0.023639455782312926,-0.00014612989616580307,0.33528313369545476,1.0037105083465576,0.02375,9.523935278969576,0.025633333333333334,27,0.22325912796109681,0.25164741960317205,0.3527046807482401,0.19377866721461856,0,0.05975,1.0037105083465576,False,0.0,crackles,5,13.889999999999999,0.2524118070554354,0.06655732921418672,0.009570940710061579,0.9335822806517384,6.614594686827797e-07,23.145891796106387,,False,,0.8586956521739131,0.8315217391304348,0.2717391304347826,0.21304347826086956,0.23695652173913043,0.27717391304347827,0.6793478260869565,0.5793478260869566,0.09891304347826087,0.2831521739130435,0.4320652173913043,0.4260869565217391,0.30978260869565216,0.1358695652173913,0.5237282608695653
213,1p2,213_1p2,Tc,mc,AKGC417L,213_1p2_Tc_mc_AKGC417L,/nas/home/pcallandrone/DeepLearning/dataset/ICBHI_2017/ICBHI_final_database/213_1p2_Tc_mc_AKGC417L.wav,/nas/home/pcallandrone/DeepLearning/dataset/ICBHI_2017/ICBHI_final_database/213_1p2_Tc_mc_AKGC417L.txt,44100,20.0,0.301169086915836,1.0008491277694702,0.01690816326530612,-0.0008492751512676477,0.3160939179755367,1.0227411985397339,0.015483333333333333,10.198992220833038,0.0277,27,0.16662247398250918,0.24968485151915384,0.32158684615838634,0.18444630599579592,0,0.028875,1.0227411985397339,False,0.0,normal,5,13.889999999999999,1.0,0.4237782362126066,0.06748768813079903,0.5771080973525994,4.8105513725415866e-05,59.60145679411093,,False,,0.842391304347826,0.8293478260869566,0.8869565217391304,0.7228260869565217,0.2543478260869565,0.8978260869565218,0.08804347826086957,0.5157608695652174,0.13152173913043477,0.2831521739130435,0.4320652173913043,0.8347826086956521,0.8652173913043478,0.16521739130434782,0.7119945652173915
213,1p3,213_1p3,Al,mc,AKGC417L,213_1p3_Al_mc_AKGC417L,/nas/home/pcallandrone/DeepLearning/dataset/ICBHI_2017/ICBHI_final_database/213_1p3_Al_mc_AKGC417L.wav,/nas/home/pcallandrone/DeepLearning/dataset/ICBHI_2017/ICBHI_final_database/213_1p3_Al_mc_AKGC417L.txt,44100,20.0,0.3669085204876613,1.0004652738571167,0.028376417233560092,-0.00046537365415133536,0.34163756014742597,1.0030558109283447,0.02275,9.355189729417482,0.02035,27,0.2669106107072311,0.2733153656027468,0.3389090189573029,0.15393473573733676,0,0.063,1.0030558109283447,False,0.0,normal,5,13.105,1.0,0.06640078609840781,0.01182795429776151,0.9337416856134532,1.203596495438374e-06,19.440672888438396,,False,,0.8706521739130435,0.8630434782608696,0.27065217391304347,0.2467391304347826,0.3532608695652174,0.275,0.5739130434782609,0.7902173913043479,0.10108695652173913,0.12880434782608696,0.4320652173913043,0.8347826086956521,0.20978260869565218,0.12717391304347825,0.5666739130434783
213,1p3,213_1p3,Ar,mc,AKGC417L,213_1p3_Ar_mc_AKGC417L,/nas/home/pcallandrone/DeepLearning/dataset/ICBHI_2017/ICBHI_final_database/213_1p3_Ar_mc_AKGC417L.wav,/nas/home/pcallandrone/DeepLearning/dataset/ICBHI_2017/ICBHI_final_database/213_1p3_Ar_mc_AKGC417L.txt,44100,20.0,0.3981509600467152,1.0000572204589844,0.0297437641723356,-5.7300661865156144e-05,0.38994028212027815,1.004539966583252,0.029583333333333333,8.219382371534547,0.021966666666666666,27,0.3033260708640923,0.3486964021256322,0.3882197099752484,0.09236841379981663,0,0.06425,1.004539966583252,False,0.0,normal,5,13.105,1.0,0.07191210941845053,0.008417652547855923,0.9286152427647718,2.149060831818452e-06,21.242249608782778,,False,,0.9217391304347826,0.933695652173913,0.30434782608695654,0.18478260869565216,0.675,0.30869565217391304,0.4717391304347826,0.7271739130434782,0.07173913043478261,0.12880434782608696,0.4320652173913043,0.8347826086956521,0.2597826086956522,0.0782608695652174,0.6101413043478261
213,1p3,213_1p3,Pl,mc,AKGC417L,213_1p3_Pl_mc_AKGC417L,/nas/home/pcallandrone/DeepLearning/dataset/ICBHI_2017/ICBHI_final_database/213_1p3_Pl_mc_AKGC417L.wav,/nas/home/pcallandrone/DeepLearning/dataset/ICBHI_2017/ICBHI_final_database/213_1p3_Pl_mc_AKGC417L.txt,44100,20.0,0.03647965244858672,0.2942795753479004,0.0,-1.1811011972895358e-05,0.03510862879928068,0.23824572563171387,0.0,16.632224968963737,0.039466666666666664,27,0.024909035198653465,0.027163297681333378,0.03571852629187602,0.18195507798607802,0,0.0,0.23824572563171387,False,0.0,normal,5,13.105,1.0,0.1803557345523056,0.029223293038177584,0.8220995190652135,1.3714039663836409e-05,29.66122364239429,,False,,0.10217391304347827,0.10652173913043478,0.6282608695652174,0.5065217391304347,0.26304347826086955,0.633695652173913,0.16847826086956522,0.26304347826086955,0.7516304347826087,0.12880434782608696,0.4320652173913043,0.8347826086956521,0.4956521739130435,0.875,0.4129076086956522
213,1p3,213_1p3,Pr,mc,AKGC417L,213_1p3_Pr_mc_AKGC417L,/nas/home/pcallandrone/DeepLearning/dataset/ICBHI_2017/ICBHI_final_database/213_1p3_Pr_mc_AKGC417L.wav,/nas/home/pcallandrone/DeepLearning/dataset/ICBHI_2017/ICBHI_final_database/213_1p3_Pr_mc_AKGC417L.txt,44100,20.0,0.6165814341050813,1.0018452405929565,0.20832993197278912,0.001845288323238492,0.6163593546390452,1.0239075422286987,0.10988333333333333,4.408535004865915,0.012483333333333334,27,0.5518841769375409,0.563777480197343,0.6022655481444165,0.07201988188298435,0,0.183875,1.0239075422286987,False,0.0,normal,5,13.105,1.0,0.08722090546253775,0.017160585841411904,0.9138208053964542,1.2235039527443626e-06,24.963890432672443,,False,,0.9978260869565218,0.9967391304347826,0.3717391304347826,0.33369565217391306,0.8184782608695652,0.3706521739130435,0.5717391304347826,0.9956521739130435,0.007608695652173913,0.12880434782608696,0.4320652173913043,0.8347826086956521,0.3673913043478261,0.004347826086956522,0.6929782608695654
213,1p5,213_1p5,Al,mc,AKGC417L,213_1p5_Al_mc_AKGC417L,/nas/home/pcallandrone/DeepLearning/dataset/ICBHI_2017/ICBHI_final_database/213_1p5_Al_mc_AKGC417L.wav,/nas/home/pcallandrone/DeepLearning/dataset/ICBHI_2017/ICBHI_final_database/213_1p5_Al_mc_AKGC417L.txt,44100,20.0,0.37998685271634486,1.000463604927063,0.02498299319727891,0.0004636570520233363,0.3575753585694457,1.003883957862854,0.0149,8.966318625909755,0.020483333333333333,27,0.2929007172277237,0.31382958069501476,0.3594815164861219,0.09649157051181385,0,0.047,1.003883957862854,False,0.0,normal,4,8.698,1.0,0.06687689139549374,0.015126921518717359,0.9332716603914922,1.3486038730891077e-06,19.506128131482885,,False,,0.8923913043478261,0.9043478260869565,0.275,0.2967391304347826,0.6434782608695652,0.2782608695652174,0.5543478260869565,0.783695652173913,0.13804347826086957,0.007608695652173913,0.19510869565217392,0.8347826086956521,0.21304347826086956,0.10760869565217392,0.5941793478260868
213,1p5,213_1p5,Ar,mc,AKGC417L,213_1p5_Ar_mc_AKGC417L,/nas/home/pcallandrone/DeepLearning/dataset/ICBHI_2017/ICBHI_final_database/213_1p5_Ar_mc_AKGC417L.wav,/nas/home/pcallandrone/DeepLearning/dataset/ICBHI_2017/ICBHI_final_database/213_1p5_Ar_mc_AKGC417L.txt,44100,20.0,0.3955428870367116,1.0004403591156006,0.027697278911564625,-0.0004404617939144373,0.3989390765651334,1.0039687156677246,0.02915,8.016272038862361,0.017433333333333332,27,0.34777556080207095,0.3667077012407583,0.40254031110697713,0.09701254435481442,0,0.08775,1.0039687156677246,False,0.0,normal,4,8.698,1.0,0.10117775821124572,0.01221052442311367,0.8991512195273563,3.3209314325452405e-07,25.230779602599693,,False,,0.9260869565217391,0.9434782608695652,0.41739130434782606,0.2532608695652174,0.6402173913043478,0.41956521739130437,0.7641304347826087,0.8945652173913043,0.07391304347826087,0.007608695652173913,0.19510869565217392,0.8347826086956521,0.37282608695652175,0.07391304347826087,0.6568097826086958
213,1p5,213_1p5,Pl,mc,AKGC417L,213_1p5_Pl_mc_AKGC417L,/nas/home/pcallandrone/DeepLearning/dataset/ICBHI_2017/ICBHI_final_database/213_1p5_Pl_mc_AKGC417L.wav,/nas/home/pcallandrone/DeepLearning/dataset/ICBHI_2017/ICBHI_final_database/213_1p5_Pl_mc_AKGC417L.txt,44100,20.0,0.2702739348700122,1.0003265142440796,0.020645124716553286,-0.00032662725425325334,0.21366167263727537,1.0062692165374756,0.0016333333333333334,13.459751259490718,0.028516666666666666,27,0.18034350359684884,0.18866086152100922,0.20856165222712175,0.12219627224020402,0,0.006125,1.0062692165374756,False,0.0,crackles,4,8.698,0.7370659921821108,0.22035842318354426,0.050554704955876696,0.7797134256944609,4.3516073709214704e-05,37.47069010942821,,False,,0.658695652173913,0.6934782608695652,0.6956521739130435,0.6663043478260869,0.4815217391304348,0.7097826086956521,0.09239130434782608,0.4826086956521739,0.31467391304347825,0.007608695652173913,0.19510869565217392,0.5994565217391304,0.6554347826086957,0.48478260869565215,0.5967173913043478
213,1p5,213_1p5,Pr,mc,AKGC417L,213_1p5_Pr_mc_AKGC417L,/nas/home/pcallandrone/DeepLearning/dataset/ICBHI_2017/ICBHI_final_database/213_1p5_Pr_mc_AKGC417L.wav,/nas/home/pcallandrone/DeepLearning/dataset/ICBHI_2017/ICBHI_final_database/213_1p5_Pr_mc_AKGC417L.txt,44100,20.0,0.4266874678075793,1.0012043714523315,0.050467120181405895,0.0012043954338878393,0.43091746495849675,1.0068897008895874,0.034216666666666666,7.371756045290657,0.0184,27,0.30962521443574365,0.37730281389544534,0.44041844538275393,0.11096172417561265,0,0.070125,1.0068897008895874,False,0.0,crackles,4,8.698,0.7370659921821108,0.05242014810649919,0.008257402246928391,0.9477444114857281,8.204811959476346e-07,22.177832651482948,,False,,0.9423913043478261,0.9510869565217391,0.22717391304347825,0.18043478260869567,0.5413043478260869,0.2326086956521739,0.6434782608695652,0.8581521739130434,0.06195652173913044,0.007608695652173913,0.19510869565217392,0.5994565217391304,0.2847826086956522,0.05434782608695652,0.5687608695652174
213,1p5,213_1p5,Tc,mc,AKGC417L,213_1p5_Tc_mc_AKGC417L,/nas/home/pcallandrone/DeepLearning/dataset/ICBHI_2017/ICBHI_final_database/213_1p5_Tc_mc_AKGC417L.wav,/nas/home/pcallandrone/DeepLearning/dataset/ICBHI_2017/ICBHI_final_database/213_1p5_Tc_mc_AKGC417L.txt,44100,20.0,0.4736935098809036,1.0016038417816162,0.09745238095238096,0.0016038533067330718,0.5004756006626223,1.0257421731948853,0.06425,6.23310604511793,0.03718333333333333,27,0.15595438782509644,0.2860792442524351,0.43554921457935025,0.3276945131753285,0,0.1705,1.0257421731948853,False,0.0,normal,4,8.698,1.0,0.09050190170771144,0.05567062801900224,0.9095234514211995,2.738496826556237e-06,33.181911373727715,,False,,0.9771739130434782,0.8804347826086957,0.3793478260869565,0.6858695652173913,0.0891304347826087,0.38804347826086955,0.4260869565217391,0.3016304347826087,0.02826086956521739,0.007608695652173913,0.19510869565217392,0.8347826086956521,0.5728260869565217,0.02391304347826087,0.5749673913043478
213,2p2,213_2p2,Al,mc,AKGC417L,213_2p2_Al_mc_AKGC417L,/nas/home/pcallandrone/DeepLearning/dataset/ICBHI_2017/ICBHI_final_database/213_2p2_Al_mc_AKGC417L.wav,/nas/home/pcallandrone/DeepLearning/dataset/ICBHI_2017/ICBHI_final_database/213_2p2_Al_mc_AKGC417L.txt,44100,20.0,0.10652882983012021,0.7453388571739197,0.0,4.773273758473806e-05,0.10771591017849,0.6916627287864685,0.0,16.15229035676352,0.03303333333333333,27,0.0884274637119546,0.09686449879178362,0.10819312821209491,0.07001392576558829,0,0.0,0.6916627287864685,False,0.0,normal,6,14.14,1.0,0.17619755797576211,0.041430758994993946,0.8270013751046416,0.0017581747612127356,43.223775739434316,,False,,0.3804347826086957,0.4217391304347826,0.616304347826087,0.6010869565217392,0.8336956521739131,0.6206521739130435,0.008695652173913044,0.3706521739130435,0.7516304347826087,0.36630434782608695,0.6375,0.8347826086956521,0.7445652173913043,0.8239130434782609,0.5906521739130435
213,2p2,213_2p2,Ar,mc,AKGC417L,213_2p2_Ar_mc_AKGC417L,/nas/home/pcallandrone/DeepLearning/dataset/ICBHI_2017/ICBHI_final_database/213_2p2_Ar_mc_AKGC417L.wav,/nas/home/pcallandrone/DeepLearning/dataset/ICBHI_2017/ICBHI_final_database/213_2p2_Ar_mc_AKGC417L.txt,44100,20.0,0.3114299660442035,1.0001838207244873,0.009352607709750566,0.00018378440290689468,0.30666456965439637,1.0025922060012817,0.00695,10.289214422714776,0.022983333333333335,27,0.26383275672922446,0.2712661317822757,0.3031536727772263,0.09183649147920735,0,0.025125,1.0025922060012817,False,0.0,crackles,6,14.14,0.804031117397454,0.0669270745219409,0.008913552596496902,0.9331750625720497,1.5055912701881054e-06,24.896990750971632,,False,,0.8315217391304348,0.8608695652173913,0.27608695652173915,0.19891304347826086,0.6771739130434783,0.2793478260869565,0.5347826086956522,0.6934782608695652,0.19130434782608696,0.36630434782608695,0.6375,0.6358695652173914,0.36630434782608695,0.17173913043478262,0.598125
213,2p2,213_2p2,Pl,mc,AKGC417L,213_2p2_Pl_mc_AKGC417L,/nas/home/pcallandrone/DeepLearning/dataset/ICBHI_2017/ICBHI_final_database/213_2p2_Pl_mc_AKGC417L.wav,/nas/home/pcallandrone/DeepLearning/dataset/ICBHI_2017/ICBHI_final_database/213_2p2_Pl_mc_AKGC417L.txt,44100,20.0,0.37330071797588904,1.0000354051589966,0.03808390022675737,3.540983743732795e-05,0.3537062978556418,1.0029771327972412,0.02895,9.052964775018369,0.0253,27,0.24346118358436278,0.27789517192614865,0.3542052484246239,0.1705342243859295,0,0.09675,1.0029771327972412,False,0.0,crackles,6,14.14,0.23847241867043845,0.024799044345475533,0.004167499652409211,0.9752860659749004,3.7237902325322645e-08,16.053977400912803,,False,,0.8869565217391304,0.8684782608695653,0.11739130434782609,0.11956521739130435,0.2967391304347826,0.12608695652173912,0.9054347826086957,0.5934782608695652,0.075,0.36630434782608695,0.6375,0.4206521739130435,0.15434782608695652,0.11304347826086956,0.5195380434782609
213,2p2,213_2p2,Pr,mc,AKGC417L,213_2p2_Pr_mc_AKGC417L,/nas/home/pcallandrone/DeepLearning/dataset/ICBHI_2017/ICBHI_final_database/213_2p2_Pr_mc_AKGC417L.wav,/nas/home/pcallandrone/DeepLearning/dataset/ICBHI_2017/ICBHI_final_database/213_2p2_Pr_mc_AKGC417L.txt,44100,20.0,0.5163171862949711,1.0005106925964355,0.10363265306122449,0.0005107073811814189,0.5018025158511499,1.0462067127227783,0.08561666666666666,6.381693355606338,0.017783333333333335,27,0.38653467045229406,0.4390657315863869,0.5013912263200541,0.1010136718386334,0,0.161625,1.0462067127227783,False,0.0,crackles,6,14.14,0.966973125884017,0.14039727741434144,0.022036568962369597,0.8606375682133999,5.262343638141731e-06,28.175519039131167,,False,,0.9793478260869565,0.975,0.5358695652173913,0.41630434782608694,0.6086956521739131,0.5402173913043479,0.3065217391304348,0.8815217391304347,0.014130434782608696,0.36630434782608695,0.6375,0.6673913043478261,0.45869565217391306,0.02608695652173913,0.6991141304347827
213,2p2,213_2p2,Tc,mc,AKGC417L,213_2p2_Tc_mc_AKGC417L,/nas/home/pcallandrone/DeepLearning/dataset/ICBHI_2017/ICBHI_final_database/213_2p2_Tc_mc_AKGC417L.wav,/nas/home/pcallandrone/DeepLearning/dataset/ICBHI_2017/ICBHI_final_database/213_2p2_Tc_mc_AKGC417L.txt,44100,20.0,0.5733552655951422,1.0025705099105835,0.1275498866213152,0.0025704577565193176,0.5609928886706,1.0318351984024048,0.06531666666666666,5.29305965038127,0.013066666666666667,27,0.49143481902367125,0.510109405277732,0.5561876984346488,0.06873142060248193,0,0.106,1.0318351984024048,False,0.0,normal,6,14.14,1.0,0.05119145160825918,0.030953332285967406,0.9488425074090487,3.9169453849465805e-06,26.492132416098315,,False,,0.9923913043478261,0.9902173913043478,0.22282608695652173,0.5228260869565218,0.8467391304347827,0.22934782608695653,0.3521739130434783,0.9885869565217391,0.02717391304347826,0.36630434782608695,0.6375,0.8347826086956521,0.40652173913043477,0.009782608695652175,0.6845108695652173
214,1b1,214_1b1,Ar,sc,Meditron,214_1b1_Ar_sc_Meditron,/nas/home/pcallandrone/DeepLearning/dataset/ICBHI_2017/ICBHI_final_database/214_1b1_Ar_sc_Meditron.wav,/nas/home/pcallandrone/DeepLearning/dataset/ICBHI_2017/ICBHI_final_database/214_1b1_Ar_sc_Meditron.txt,44100,19.84,0.01610678104314161,0.06857400387525558,0.0,-1.0084874020321877e-06,0.016033216889986247,0.06812258064746857,0.0,12.565408429397955,0.020183333333333334,27,0.010699715815338002,0.012564424335194198,0.014942275162104418,0.16601438300619517,0,0.0,0.06812258064746857,False,0.0,normal,6,14.95,1.0,0.04852413161201597,0.017656118222750036,0.951863416055303,1.1496145569109166e-06,15.788899128508248,,False,,0.05,0.05543478260869565,0.2108695652173913,0.34456521739130436,0.3076086956521739,0.21521739130434783,0.5891304347826087,0.7945652173913044,0.7516304347826087,0.775,0.6375,0.8347826086956521,0.15,0.37717391304347825,0.3794021739130435
215,1b2,215_1b2,Ar,sc,Meditron,215_1b2_Ar_sc_Meditron,/nas/home/pcallandrone/DeepLearning/dataset/ICBHI_2017/ICBHI_final_database/215_1b2_Ar_sc_Meditron.wav,/nas/home/pcallandrone/DeepLearning/dataset/ICBHI_2017/ICBHI_final_database/215_1b2_Ar_sc_Meditron.txt,44100,20.00002267573696,0.011087496598159384,0.06071971356868744,0.0,-2.025129651883617e-05,0.01096527531657335,0.06056727468967438,0.0,14.844369760262397,0.02635,27,0.00947806970069382,0.010207801887323955,0.011130680817692482,0.06274484947090853,0,0.0,0.06056727468967438,False,0.0,wheezes,4,14.950000000000001,0.07839464882943148,0.22842407477026835,0.037495469990883774,0.7715847209924349,1.0845894268930236e-06,39.82728673610846,,False,,0.034782608695652174,0.04565217391304348,0.7054347826086956,0.575,0.8869565217391304,0.717391304347826,0.6021739130434782,0.5614130434782608,0.7516304347826087,0.7880434782608695,0.19510869565217392,0.3119565217391304,0.7010869565217391,0.6739130434782609,0.5240271739130435
215,1b3,215_1b3,Tc,sc,Meditron,215_1b3_Tc_sc_Meditron,/nas/home/pcallandrone/DeepLearning/dataset/ICBHI_2017/ICBHI_final_database/215_1b3_Tc_sc_Meditron.wav,/nas/home/pcallandrone/DeepLearning/dataset/ICBHI_2017/ICBHI_final_database/215_1b3_Tc_sc_Meditron.txt,44100,20.00002267573696,0.009560306642594293,0.07296570390462875,0.0,-2.8693861167994328e-05,0.009506600398674563,0.06502729654312134,0.0,16.701409105132118,0.03696666666666667,27,0.0066541410249270645,0.007232428010095343,0.00959369294258574,0.17873544409965683,0,0.0,0.06502729654312134,False,0.0,normal,5,14.978,1.0,0.7555770617945704,0.6425064823452454,0.24437454388530305,0.0001157220358215455,329.1615271247748,,True,,0.029347826086956522,0.030434782608695653,0.9869565217391304,0.9956521739130435,0.27391304347826084,0.9869565217391304,0.058695652173913045,0.3032608695652174,0.7516304347826087,0.9304347826086956,0.4320652173913043,0.8347826086956521,0.9989130434782608,0.8858695652173914,0.5777065217391304
216,1b1,216_1b1,Al,sc,Meditron,216_1b1_Al_sc_Meditron,/nas/home/pcallandrone/DeepLearning/dataset/ICBHI_2017/ICBHI_final_database/216_1b1_Al_sc_Meditron.wav,/nas/home/pcallandrone/DeepLearning/dataset/ICBHI_2017/ICBHI_final_database/216_1b1_Al_sc_Meditron.txt,44100,20.0,0.041759938083806916,0.2585018277168274,0.0,1.2588267054525204e-05,0.04118027662146203,0.25639140605926514,0.0,15.884284068024169,0.0388,27,0.03855408184805918,0.038883996680684416,0.04055316240727211,0.04082167126874501,0,0.0,0.25639140605926514,False,0.0,crackles,9,14.978,0.5811857390839898,0.2936732193038719,0.11108498078411543,0.7066470050278689,2.890645970547824e-07,42.50695316917737,,False,,0.125,0.15869565217391304,0.7880434782608695,0.8195652173913044,0.9836956521739131,0.8010869565217391,0.782608695652174,0.2782608695652174,0.7516304347826087,0.9304347826086956,0.9353260869565218,0.5554347826086956,0.7326086956521739,0.8043478260869565,0.6579021739130435
216,1b1,216_1b1,Pl,sc,Meditron,216_1b1_Pl_sc_Meditron,/nas/home/pcallandrone/DeepLearning/dataset/ICBHI_2017/ICBHI_final_database/216_1b1_Pl_sc_Meditron.wav,/nas/home/pcallandrone/DeepLearning/dataset/ICBHI_2017/ICBHI_final_database/216_1b1_Pl_sc_Meditron.txt,44100,20.0,0.11530314075264096,0.698890209197998,0.0,-0.0005725478404201567,0.10542139023801564,0.4780653715133667,0.0,13.131170946327593,0.02065,27,0.08786009685873547,0.09002006965120002,0.10238687431005948,0.11104359538581231,0,0.0,0.4780653715133667,False,0.0,wheezes,9,14.964,0.01289762095696334,0.03726063402441713,0.010059896627425272,0.9627482405525846,4.563010402695304e-08,14.956421704386887,,False,,0.3717391304347826,0.40217391304347827,0.17282608695652174,0.21739130434782608,0.5391304347826087,0.1793478260869565,0.8978260869565218,0.7793478260869565,0.7516304347826087,0.871195652173913,0.9353260869565218,0.28804347826086957,0.13152173913043477,0.44565217391304346,0.481429347826087
217,1b1,217_1b1,Tc,sc,Meditron,217_1b1_Tc_sc_Meditron,/nas/home/pcallandrone/DeepLearning/dataset/ICBHI_2017/ICBHI_final_database/217_1b1_Tc_sc_Meditron.wav,/nas/home/pcallandrone/DeepLearning/dataset/ICBHI_2017/ICBHI_final_database/217_1b1_Tc_sc_Meditron.txt,44100,20.0,0.0338745082930058,0.15468208491802216,0.0,-1.9004692148882896e-05,0.03494023437081091,0.15416865050792694,0.0,12.893405116920167,0.020166666666666666,27,0.028518897499220965,0.0302750247541804,0.03429154147682067,0.09748343934572078,0,0.0,0.15416865050792694,False,0.0,normal,8,14.964,1.0,0.02462097217656263,0.005226807174493437,0.9756870340560682,1.1480228045865078e-06,15.37189577143413,,False,,0.09891304347826087,0.12717391304347825,0.11630434782608695,0.13695652173913042,0.6347826086956522,0.125,0.5902173913043478,0.7956521739130434,0.7516304347826087,0.871195652173913,0.8864130434782609,0.8347826086956521,0.1423913043478261,0.42391304347826086,0.40827717391304347
218,1b1,218_1b1,Al,sc,Meditron,218_1b1_Al_sc_Meditron,/nas/home/pcallandrone/DeepLearning/dataset/ICBHI_2017/ICBHI_final_database/218_1b1_Al_sc_Meditron.wav,/nas/home/pcallandrone/DeepLearning/dataset/ICBHI_2017/ICBHI_final_database/218_1b1_Al_sc_Meditron.txt,4000,71.05,0.31145982801205974,1.0050238370895386,0.019690358902181564,-0.005054337438195944,0.2609095749265379,1.0050238370895386,0.00155,11.713726900745229,0.016766666666666666,27,0.16547780793749817,0.2059068762591056,0.2544031154827035,0.1471955922570924,0,0.009375,1.0050238370895386,False,0.0,normal,4,14.71351,1.0,0.043849682519348024,0.004920075537008164,0.9735552804191869,7.40064788998326e-07,10.7404781642596,,False,,0.7695652173913043,0.7423913043478261,0.1934782608695652,0.13369565217391305,0.37717391304347825,0.13043478260869565,0.6619565217391304,0.9114130434782609,0.32065217391304346,0.5815217391304348,0.19510869565217392,0.8347826086956521,0.04782608695652174,0.266304347826087,0.5421847826086956
218,1b1,218_1b1,Ar,sc,Meditron,218_1b1_Ar_sc_Meditron,/nas/home/pcallandrone/DeepLearning/dataset/ICBHI_2017/ICBHI_final_database/218_1b1_Ar_sc_Meditron.wav,/nas/home/pcallandrone/DeepLearning/dataset/ICBHI_2017/ICBHI_final_database/218_1b1_Ar_sc_Meditron.txt,4000,71.05,0.34124197515291166,1.0156147480010986,0.027118226600985222,0.015645228326320648,0.34026699337522953,1.0156147480010986,0.01945,9.49818349947794,0.01755,27,0.1594438867035519,0.16748314556459,0.22723231357809903,0.49244718000815735,0,0.087125,1.0156147480010986,False,0.0,both,4,14.782269999999999,0.25692941611809283,0.013104284571184588,0.0027744294870521323,0.9877709340596544,2.2963386092791726e-07,7.707140022702016,,False,,0.8684782608695653,0.6358695652173914,0.059782608695652176,0.08260869565217391,0.02391304347826087,0.06086956521739131,0.8032608695652174,0.8891304347826087,0.11630434782608695,0.5902173913043478,0.19510869565217392,0.43043478260869567,0.020652173913043477,0.13369565217391305,0.44161413043478265
218,1b1,218_1b1,Lr,sc,Meditron,218_1b1_Lr_sc_Meditron,/nas/home/pcallandrone/DeepLearning/dataset/ICBHI_2017/ICBHI_final_database/218_1b1_Lr_sc_Meditron.wav,/nas/home/pcallandrone/DeepLearning/dataset/ICBHI_2017/ICBHI_final_database/218_1b1_Lr_sc_Meditron.txt,4000,82.5,0.3819255221647579,1.0013209581375122,0.07034242424242425,-0.0013514977181330323,0.19861474667796325,1.0013209581375122,0.0031666666666666666,14.051236306742808,0.03375,27,0.08737753245716895,0.10034665856576853,0.11854647559251179,0.5724337934080751,0,0.021,1.0013209581375122,False,0.0,crackles,3,10.2363,0.0,0.037908329186501916,0.011386522454597259,0.9649055474438283,5.501107206527089e-05,19.12147986999247,,False,,0.625,0.4380434782608696,0.17391304347826086,0.24130434782608695,0.014130434782608696,0.17282608695652174,0.0782608695652174,0.3565217391304348,0.26304347826086955,0.01847826086956522,0.043478260869565216,0.14402173913043478,0.1967391304347826,0.5684782608695652,0.2851630434782609
218,1b1,218_1b1,Pl,sc,Meditron,218_1b1_Pl_sc_Meditron,/nas/home/pcallandrone/DeepLearning/dataset/ICBHI_2017/ICBHI_final_database/218_1b1_Pl_sc_Meditron.wav,/nas/home/pcallandrone/DeepLearning/dataset/ICBHI_2017/ICBHI_final_database/218_1b1_Pl_sc_Meditron.txt,4000,68.95,0.3922686223407138,1.0292704105377197,0.06250181290790428,0.029300890862941742,0.15024779187267162,0.65900057554245,0.0,12.841553910340302,0.0216,27,0.1100967915058591,0.1268981130339038,0.14441298482387466,0.1325373497308514,0,0.0,0.65900057554245,False,0.0,crackles,5,15.0,0.18349333333333329,0.028068186271468572,0.004125658307472887,0.9876095694212816,4.885427900010586e-07,8.450673477086436,,False,,0.5141304347826087,0.5282608695652173,0.12717391304347825,0.11847826086956521,0.4282608695652174,0.06304347826086956,0.7217391304347827,0.7456521739130435,0.7516304347826087,0.9891304347826086,0.4320652173913043,0.3847826086956522,0.02391304347826087,0.4108695652173913,0.4691956521739132
218,1b1,218_1b1,Pr,sc,Meditron,218_1b1_Pr_sc_Meditron,/nas/home/pcallandrone/DeepLearning/dataset/ICBHI_2017/ICBHI_final_database/218_1b1_Pr_sc_Meditron.wav,/nas/home/pcallandrone/DeepLearning/dataset/ICBHI_2017/ICBHI_final_database/218_1b1_Pr_sc_Meditron.txt,4000,68.95,0.314512271563467,1.003664493560791,0.01480058013052937,0.003695005550980568,0.26612736039127455,1.003664493560791,0.0034333333333333334,11.52998067823672,0.01765,27,0.1591981841601811,0.19381332909697818,0.23461031470883567,0.2508314204891837,0,0.02575,1.003664493560791,False,0.0,both,5,15.0,0.0,0.022524096883040343,0.0033262581854597148,0.9782196336567202,1.255647897442e-07,9.38005556988548,,False,,0.7782608695652173,0.7108695652173913,0.10434782608695652,0.1,0.15978260869565217,0.10869565217391304,0.8489130434782609,0.8847826086956522,0.25869565217391305,0.9891304347826086,0.4320652173913043,0.14402173913043478,0.02717391304347826,0.25217391304347825,0.4892228260869565
218,1p1,218_1p1,Ar,sc,Litt3200,218_1p1_Ar_sc_Litt3200,/nas/home/pcallandrone/DeepLearning/dataset/ICBHI_2017/ICBHI_final_database/218_1p1_Ar_sc_Litt3200.wav,/nas/home/pcallandrone/DeepLearning/dataset/ICBHI_2017/ICBHI_final_database/218_1p1_Ar_sc_Litt3200.txt,4000,28.464,0.049138648225107266,0.9982480406761169,8.783024170882518e-06,0.0017214633990079165,0.04084136912254344,0.42824068665504456,0.0,20.411752663801398,0.054483333333333335,27,0.01835489169029659,0.02142948517291797,0.033481067875278034,0.3634604422184608,0,0.0,0.42824068665504456,False,0.0,wheezes,4,14.57763,0.7240292146254226,0.048006163884503184,0.009674759724537475,0.9520078240563901,8.769559073931026e-09,20.976511387754183,,False,,0.12391304347826088,0.08804347826086957,0.20978260869565218,0.21521739130434783,0.06956521739130435,0.2141304347826087,0.933695652173913,0.1358695652173913,0.7516304347826087,0.5021739130434782,0.19510869565217392,0.5891304347826087,0.2510869565217391,0.7717391304347826,0.3109782608695652
218,1p1,218_1p1,Pl,sc,Litt3200,218_1p1_Pl_sc_Litt3200,/nas/home/pcallandrone/DeepLearning/dataset/ICBHI_2017/ICBHI_final_database/218_1p1_Pl_sc_Litt3200.wav,/nas/home/pcallandrone/DeepLearning/dataset/ICBHI_2017/ICBHI_final_database/218_1p1_Pl_sc_Litt3200.txt,4000,30.0,0.06590727186841616,0.9971820712089539,8.333333333333334e-06,-0.0028179576620459557,0.061352593572769024,0.34397396445274353,0.0,14.973852893480764,0.025383333333333334,27,0.046160671603477164,0.047424663913782486,0.05891575144656449,0.19950903594251015,0,0.0,0.34397396445274353,False,0.0,both,6,15.0,0.22609999999999997,0.03120984857210818,0.004853612223982171,0.9688255077384134,2.0788677373985167e-09,19.142009847226163,,False,,0.19782608695652174,0.20543478260869566,0.1423913043478261,0.13043478260869565,0.225,0.14891304347826087,0.9608695652173913,0.5902173913043478,0.7516304347826087,0.9891304347826086,0.6375,0.40543478260869564,0.19782608695652174,0.6858695652173913,0.38872826086956525
218,1p1,218_1p1,Pr,sc,Litt3200,218_1p1_Pr_sc_Litt3200,/nas/home/pcallandrone/DeepLearning/dataset/ICBHI_2017/ICBHI_final_database/218_1p1_Pr_sc_Litt3200.wav,/nas/home/pcallandrone/DeepLearning/dataset/ICBHI_2017/ICBHI_final_database/218_1p1_Pr_sc_Litt3200.txt,4000,28.08,0.06887510734279392,0.9968495965003967,1.7806267806267805e-05,0.0031199115328490734,0.07873509108358448,0.9968495965003967,0.0,22.04922605256868,0.0787,27,0.03503275725827095,0.04658835912850579,0.06017646696701258,0.3587411266364098,0,0.0,0.9968495965003967,False,0.0,both,5,12.7762,0.1042093893332916,0.09641141306469973,0.0027708157409085665,0.9040744019010323,1.3522392151870952e-09,30.431958170831084,,False,,0.2608695652173913,0.19782608695652174,0.40543478260869564,0.08152173913043478,0.07173913043478261,0.40869565217391307,0.9739130434782609,0.06847826086956521,0.7516304347826087,0.07065217391304347,0.4320652173913043,0.3184782608695652,0.5163043478260869,0.5478260869565217,0.34140217391304345
219,2b1,219_2b1,Ar,mc,LittC2SE,219_2b1_Ar_mc_LittC2SE,/nas/home/pcallandrone/DeepLearning/dataset/ICBHI_2017/ICBHI_final_database/219_2b1_Ar_mc_LittC2SE.wav,/nas/home/pcallandrone/DeepLearning/dataset/ICBHI_2017/ICBHI_final_database/219_2b1_Ar_mc_LittC2SE.txt,44100,20.0,0.1849809173148533,0.7102847099304199,0.0,-0.0001970508019439876,0.19508778092128054,0.7101645469665527,0.0,11.222578371154663,0.015883333333333333,27,0.13072253308754547,0.1562235768683485,0.19248351832664873,0.16513538308072004,0,0.0,0.7101645469665527,False,0.0,normal,4,14.936,1.0,0.0012703087330704788,0.0003191744527492573,0.9987330955379576,3.991732982521676e-09,10.041632591438093,,False,,0.6076086956521739,0.6010869565217392,0.003260869565217391,0.004347826086956522,0.31521739130434784,0.003260869565217391,0.9456521739130435,0.9347826086956522,0.7516304347826087,0.7358695652173913,0.19510869565217392,0.8347826086956521,0.03804347826086957,0.22608695652173913,0.485163043478261
219,2b1,219_2b1,Tc,mc,LittC2SE,219_2b1_Tc_mc_LittC2SE,/nas/home/pcallandrone/DeepLearning/dataset/ICBHI_2017/ICBHI_final_database/219_2b1_Tc_mc_LittC2SE.wav,/nas/home/pcallandrone/DeepLearning/dataset/ICBHI_2017/ICBHI_final_database/219_2b1_Tc_mc_LittC2SE.txt,44100,20.0,0.1483367360082749,0.5844956040382385,0.0,-0.0002877051883842796,0.14763587256997698,0.5840284824371338,0.0,11.944842644149617,0.01675,27,0.10210686491099112,0.12803708512022555,0.1390264956076842,0.13071056737009087,0,0.0,0.5840284824371338,False,0.0,normal,4,14.964,1.0,0.012956870467208238,0.0026962099443950246,0.9870443134804061,1.1218569970343514e-07,11.058081148944884,,False,,0.508695652173913,0.5315217391304348,0.057608695652173914,0.07608695652173914,0.4380434782608696,0.06739130434782609,0.8565217391304348,0.9130434782608695,0.7516304347826087,0.871195652173913,0.19510869565217392,0.8347826086956521,0.05543478260869565,0.29891304347826086,0.4951141304347827
219,2b2,219_2b2,Ar,mc,LittC2SE,219_2b2_Ar_mc_LittC2SE,/nas/home/pcallandrone/DeepLearning/dataset/ICBHI_2017/ICBHI_final_database/219_2b2_Ar_mc_LittC2SE.wav,/nas/home/pcallandrone/DeepLearning/dataset/ICBHI_2017/ICBHI_final_database/219_2b2_Ar_mc_LittC2SE.txt,44100,20.0,0.24943952904404626,0.8651375770568848,0.0,0.0002718135656323284,0.25807562601661505,0.8650296330451965,0.0,10.505679911060772,0.01295,27,0.1829013432877827,0.2026657179652312,0.24900498222965464,0.18396699139227124,0,0.0,0.8650296330451965,False,0.0,crackles,4,14.979000000000001,0.5975699312370653,0.0009464369194477949,0.00016530197730307974,0.9990540616673086,2.7121759958613726e-09,9.770449084798438,,False,,0.7641304347826087,0.7347826086956522,0.0010869565217391304,0.0010869565217391304,0.2554347826086957,0.0010869565217391304,0.9532608695652174,0.9902173913043478,0.7516304347826087,0.9614130434782608,0.19510869565217392,0.5608695652173913,0.03369565217391304,0.1826086956521739,0.5192445652173914
219,2b2,219_2b2,Tc,mc,LittC2SE,219_2b2_Tc_mc_LittC2SE,/nas/home/pcallandrone/DeepLearning/dataset/ICBHI_2017/ICBHI_final_database/219_2b2_Tc_mc_LittC2SE.wav,/nas/home/pcallandrone/DeepLearning/dataset/ICBHI_2017/ICBHI_final_database/219_2b2_Tc_mc_LittC2SE.txt,44100,20.0,0.11671848889900907,0.53584885597229,0.0,-0.00013673104695044458,0.12326290492434,0.5353273153305054,0.0,12.755740103790938,0.015733333333333332,27,0.0973735951621939,0.10754898642170148,0.12162953248526301,0.11073781084458392,0,0.0,0.5353273153305054,False,0.0,normal,4,14.964,1.0,0.011843133577139118,0.002304562131580721,0.988182707369637,1.3919158333717382e-07,10.964997382579822,,False,,0.43043478260869567,0.45869565217391306,0.04782608695652174,0.06739130434782609,0.5434782608695652,0.058695652173913045,0.841304347826087,0.941304347826087,0.7516304347826087,0.871195652173913,0.19510869565217392,0.8347826086956521,0.05326086956521739,0.3978260869565217,0.48174456521739134
219,2b3,219_2b3,Tc,mc,LittC2SE,219_2b3_Tc_mc_LittC2SE,/nas/home/pcallandrone/DeepLearning/dataset/ICBHI_2017/ICBHI_final_database/219_2b3_Tc_mc_LittC2SE.wav,/nas/home/pcallandrone/DeepLearning/dataset/ICBHI_2017/ICBHI_final_database/219_2b3_Tc_mc_LittC2SE.txt,44100,20.0,0.11854997881251135,0.6256503462791443,0.0,-0.00046390705392695963,0.11675097812369103,0.6249291300773621,0.0,14.571404820013958,0.021016666666666666,27,0.08377389113750315,0.09835209189040503,0.11401161578486635,0.11673849265046625,0,0.0,0.6249291300773621,False,0.0,normal,4,14.95,1.0,0.01507274498253652,0.00317178742603977,0.9849552455252194,1.8781026525960733e-07,11.068438723960437,,False,,0.40869565217391307,0.42934782608695654,0.06847826086956521,0.09782608695652174,0.5010869565217392,0.08043478260869565,0.8217391304347826,0.7597826086956522,0.7516304347826087,0.775,0.19510869565217392,0.8347826086956521,0.05652173913043478,0.6434782608695652,0.46459782608695654
220,1b1,220_1b1,Tc,mc,LittC2SE,220_1b1_Tc_mc_LittC2SE,/nas/home/pcallandrone/DeepLearning/dataset/ICBHI_2017/ICBHI_final_database/220_1b1_Tc_mc_LittC2SE.wav,/nas/home/pcallandrone/DeepLearning/dataset/ICBHI_2017/ICBHI_final_database/220_1b1_Tc_mc_LittC2SE.txt,44100,20.0,0.0036210119911892977,0.01990378089249134,0.0,-1.3132295180184883e-06,0.0036534414683443944,0.01979580521583557,0.0,14.677420120770302,0.023683333333333334,27,0.0030390624215084366,0.00320587412158804,0.003515867879120956,0.11217906421712609,0,0.0,0.01979580521583557,False,0.0,crackles,6,14.978,0.9813726799305649,0.33947848765337785,0.1784654767397058,0.6619508995539548,7.991190287573378e-06,73.95999631771417,,False,,0.003260869565217391,0.006521739130434782,0.8315217391304348,0.9152173913043479,0.5315217391304348,0.8402173913043478,0.23478260869565218,0.6630434782608695,0.7516304347826087,0.9304347826086956,0.6375,0.6684782608695652,0.9315217391304348,0.6554347826086957,0.5709782608695653
220,1b2,220_1b2,Al,mc,LittC2SE,220_1b2_Al_mc_LittC2SE,/nas/home/pcallandrone/DeepLearning/dataset/ICBHI_2017/ICBHI_final_database/220_1b2_Al_mc_LittC2SE.wav,/nas/home/pcallandrone/DeepLearning/dataset/ICBHI_2017/ICBHI_final_database/220_1b2_Al_mc_LittC2SE.txt,44100,20.0,0.011201759106725561,0.2080608606338501,0.0,-1.079929120351153e-06,0.012468335181053858,0.2078990787267685,0.0,24.440881852465996,0.14873333333333333,27,0.00501702095181722,0.00539990871694532,0.006043100809175647,0.8245893108827012,0,0.0,0.2078990787267685,False,0.0,normal,6,14.950000000000001,1.0,0.16271569027569738,0.028082559910377426,0.8379135501914076,2.6320118639546344e-06,30.74997334509256,,False,,0.041304347826086954,0.01847826086956522,0.592391304347826,0.4934782608695652,0.004347826086956522,0.5956521739130435,0.4358695652173913,0.01956521739130435,0.7516304347826087,0.7880434782608695,0.6375,0.8347826086956521,0.5260869565217391,0.2532608695652174,0.40136956521739126
221,2b1,221_2b1,Al,mc,LittC2SE,221_2b1_Al_mc_LittC2SE,/nas/home/pcallandrone/DeepLearning/dataset/ICBHI_2017/ICBHI_final_database/221_2b1_Al_mc_LittC2SE.wav,/nas/home/pcallandrone/DeepLearning/dataset/ICBHI_2017/ICBHI_final_database/221_2b1_Al_mc_LittC2SE.txt,44100,20.0,0.13610695607959786,0.8354869484901428,0.0,-0.00021591942640952766,0.12767233832740754,0.5200602412223816,0.0,12.19913680318183,0.017516666666666666,27,0.10903798342858614,0.11440526406966056,0.1265422078535025,0.06602703259869787,0,0.0,0.5200602412223816,False,0.0,both,4,14.992999999999999,0.0,0.032929147651658525,0.018959935118935303,0.9670977553791615,5.1054767200290157e-08,16.545216332409048,,False,,0.44130434782608696,0.4880434782608696,0.1532608695652174,0.3630434782608696,0.8673913043478261,0.1608695652173913,0.8945652173913043,0.8907608695652174,0.7516304347826087,0.971195652173913,0.19510869565217392,0.14402173913043478,0.1608695652173913,0.32608695652173914,0.5229565217391304
221,2b1,221_2b1,Ar,mc,LittC2SE,221_2b1_Ar_mc_LittC2SE,/nas/home/pcallandrone/DeepLearning/dataset/ICBHI_2017/ICBHI_final_database/221_2b1_Ar_mc_LittC2SE.wav,/nas/home/pcallandrone/DeepLearning/dataset/ICBHI_2017/ICBHI_final_database/221_2b1_Ar_mc_LittC2SE.txt,44100,20.0,0.22610697528936313,0.9350101351737976,0.0,-0.00019165343837812543,0.2227018477154295,0.9345604777336121,0.0,12.457671807936983,0.016383333333333333,27,0.19003159127436697,0.20304539371368238,0.21674093637616657,0.06850822464447527,0,0.0,0.9345604777336121,False,0.0,both,4,14.963999999999999,0.0,0.011787254067929475,0.005530716785990488,0.9882245440458722,2.4140120224890505e-08,12.936992890390913,,False,,0.6869565217391305,0.7358695652173913,0.04456521739130435,0.1423913043478261,0.8489130434782609,0.05652173913043478,0.9184782608695652,0.9211956521739131,0.7516304347826087,0.845108695652174,0.19510869565217392,0.14402173913043478,0.0891304347826087,0.358695652173913,0.5482826086956522
221,2b1,221_2b1,Lr,mc,LittC2SE,221_2b1_Lr_mc_LittC2SE,/nas/home/pcallandrone/DeepLearning/dataset/ICBHI_2017/ICBHI_final_database/221_2b1_Lr_mc_LittC2SE.wav,/nas/home/pcallandrone/DeepLearning/dataset/ICBHI_2017/ICBHI_final_database/221_2b1_Lr_mc_LittC2SE.txt,44100,20.0,0.0930414220891135,0.6832613348960876,0.0,0.0007301038131117821,0.09797028164872572,0.6832459568977356,0.0,16.869654268358016,0.03323333333333333,27,0.05948874358437756,0.0695800823960663,0.0884424243650972,0.20203188507974323,0,0.0,0.6832459568977356,False,0.0,both,4,14.936,0.0,0.014437401403609168,0.010916981469133365,0.9855874519250888,7.713066239733697e-08,11.280080191229176,,False,,0.34891304347826085,0.3173913043478261,0.06304347826086956,0.23152173913043478,0.21956521739130436,0.07173913043478261,0.8760869565217392,0.3641304347826087,0.7516304347826087,0.7358695652173913,0.19510869565217392,0.14402173913043478,0.057608695652173914,0.9,0.3493478260869566
221,2b1,221_2b1,Pl,mc,LittC2SE,221_2b1_Pl_mc_LittC2SE,/nas/home/pcallandrone/DeepLearning/dataset/ICBHI_2017/ICBHI_final_database/221_2b1_Pl_mc_LittC2SE.wav,/nas/home/pcallandrone/DeepLearning/dataset/ICBHI_2017/ICBHI_final_database/221_2b1_Pl_mc_LittC2SE.txt,44100,20.0,0.1828913655868627,0.9999968409538269,0.00010204081632653062,3.049110773645225e-06,0.1988867331581627,1.0007683038711548,0.00013333333333333334,14.034554550901646,0.024883333333333334,27,0.12300637847247474,0.12815508367877507,0.14742533138631525,0.34072736275045185,0,0.001,1.0007683038711548,False,0.0,wheezes,4,14.936,0.0,0.0784136858142058,0.05530079775946208,0.9215886173635289,4.700159101556984e-08,22.93456360669775,,False,,0.6271739130434782,0.533695652173913,0.33804347826086956,0.6826086956521739,0.08260869565217391,0.34456521739130436,0.8967391304347826,0.6119565217391304,0.4375,0.7358695652173913,0.19510869565217392,0.14402173913043478,0.30434782608695654,0.5641304347826087,0.5155978260869565
221,2b2,221_2b2,Al,mc,LittC2SE,221_2b2_Al_mc_LittC2SE,/nas/home/pcallandrone/DeepLearning/dataset/ICBHI_2017/ICBHI_final_database/221_2b2_Al_mc_LittC2SE.wav,/nas/home/pcallandrone/DeepLearning/dataset/ICBHI_2017/ICBHI_final_database/221_2b2_Al_mc_LittC2SE.txt,44100,20.0,0.1482798132370762,0.5976160168647766,0.0,4.4269138015806675e-05,0.15201398106015085,0.5975034832954407,0.0,11.889138167388804,0.016066666666666667,27,0.1333626880340553,0.13473228123670047,0.1519153008228878,0.09912764596427506,0,0.0,0.5975034832954407,False,0.0,wheezes,5,14.964,0.0,0.023718620933070395,0.014490936928665099,0.9763863533872911,2.7083210795041862e-08,14.120385728396268,,False,,0.5195652173913043,0.5521739130434783,0.11304347826086956,0.2858695652173913,0.6239130434782608,0.12173913043478261,0.9152173913043479,0.9309782608695653,0.7516304347826087,0.871195652173913,0.4320652173913043,0.14402173913043478,0.11413043478260869,0.28695652173913044,0.5065326086956522
221,2b2,221_2b2,Ar,mc,LittC2SE,221_2b2_Ar_mc_LittC2SE,/nas/home/pcallandrone/DeepLearning/dataset/ICBHI_2017/ICBHI_final_database/221_2b2_Ar_mc_LittC2SE.wav,/nas/home/pcallandrone/DeepLearning/dataset/ICBHI_2017/ICBHI_final_database/221_2b2_Ar_mc_LittC2SE.txt,44100,20.0,0.2560328530289148,1.000435471534729,0.0004852607709750567,-0.0004356066638138145,0.24635647790198814,1.001267671585083,0.00013333333333333334,12.179724149555016,0.0159,27,0.21602413974553983,0.21976131693231168,0.2398449031875914,0.08937768383340372,0,0.001,1.001267671585083,False,0.0,both,5,14.95,0.043946488294314356,0.010633999171439035,0.005350714342378802,0.9893669441369531,8.744951105548525e-09,13.243918461105453,,False,,0.7358695652173913,0.7771739130434783,0.041304347826086954,0.1391304347826087,0.6945652173913044,0.05,0.9347826086956522,0.933695652173913,0.4375,0.775,0.4320652173913043,0.29130434782608694,0.09347826086956522,0.325,0.5511630434782608
221,2b2,221_2b2,Lr,mc,LittC2SE,221_2b2_Lr_mc_LittC2SE,/nas/home/pcallandrone/DeepLearning/dataset/ICBHI_2017/ICBHI_final_database/221_2b2_Lr_mc_LittC2SE.wav,/nas/home/pcallandrone/DeepLearning/dataset/ICBHI_2017/ICBHI_final_database/221_2b2_Lr_mc_LittC2SE.txt,44100,20.0,0.12874432195438015,0.5657350420951843,0.0,0.00013144603872206062,0.13478631327353277,0.5654691457748413,0.0,12.455262365595841,0.017116666666666665,27,0.09275775128462992,0.09823524819263202,0.1287209160295185,0.20036930987472798,0,0.0,0.5654691457748413,False,0.0,both,5,14.921000000000001,0.055492259231955,0.014470484586968684,0.009582434078328718,0.9855475070955676,1.8705382466348035e-08,10.998663414056042,,False,,0.46956521739130436,0.4282608695652174,0.0641304347826087,0.2141304347826087,0.22282608695652173,0.07282608695652174,0.9260869565217391,0.9021739130434783,0.7516304347826087,0.6907608695652174,0.4320652173913043,0.29239130434782606,0.05434782608695652,0.3576086956521739,0.41954891304347836
221,2b2,221_2b2,Pl,mc,LittC2SE,221_2b2_Pl_mc_LittC2SE,/nas/home/pcallandrone/DeepLearning/dataset/ICBHI_2017/ICBHI_final_database/221_2b2_Pl_mc_LittC2SE.wav,/nas/home/pcallandrone/DeepLearning/dataset/ICBHI_2017/ICBHI_final_database/221_2b2_Pl_mc_LittC2SE.txt,44100,20.0,0.1490861875173618,0.7063373923301697,0.0,6.253667379496619e-05,0.14518854053476066,0.6550590991973877,0.0,13.08696287406298,0.018266666666666667,27,0.1207469398666792,0.12990251269741485,0.143227330590915,0.11566885452664426,0,0.0,0.6550590991973877,False,0.0,wheezes,5,14.978000000000002,0.0,0.10225533684407205,0.07957964429990307,0.8978150408617919,9.174291108925162e-08,25.912285126889387,,False,,0.5010869565217392,0.5391304347826087,0.4217391304347826,0.7619565217391304,0.5076086956521739,0.425,0.8706521739130435,0.8625,0.7516304347826087,0.9521739130434783,0.4320652173913043,0.14402173913043478,0.38913043478260867,0.4434782608695652,0.6091467391304349
221,2b3,221_2b3,Al,mc,LittC2SE,221_2b3_Al_mc_LittC2SE,/nas/home/pcallandrone/DeepLearning/dataset/ICBHI_2017/ICBHI_final_database/221_2b3_Al_mc_LittC2SE.wav,/nas/home/pcallandrone/DeepLearning/dataset/ICBHI_2017/ICBHI_final_database/221_2b3_Al_mc_LittC2SE.txt,44100,20.0,0.1490851510849514,0.6197723746299744,0.0,-0.0001954605831997469,0.1411858536093119,0.6197752952575684,0.0,12.848861533917749,0.019383333333333332,27,0.119696831591792,0.1239973090839463,0.1354595221641307,0.11411120681021923,0,0.0,0.6197752952575684,False,0.0,wheezes,4,14.935999999999998,0.0,0.023186829559478234,0.012477675848414924,0.9768575544905872,2.9906258656810245e-08,15.275335163209295,,False,,0.49130434782608695,0.5152173913043478,0.10869565217391304,0.2597826086956522,0.5173913043478261,0.11739130434782609,0.9108695652173913,0.8288043478260869,0.7516304347826087,0.7282608695652174,0.19510869565217392,0.14402173913043478,0.13695652173913042,0.41304347826086957,0.463233695652174
221,2b3,221_2b3,Ar,mc,LittC2SE,221_2b3_Ar_mc_LittC2SE,/nas/home/pcallandrone/DeepLearning/dataset/ICBHI_2017/ICBHI_final_database/221_2b3_Ar_mc_LittC2SE.wav,/nas/home/pcallandrone/DeepLearning/dataset/ICBHI_2017/ICBHI_final_database/221_2b3_Ar_mc_LittC2SE.txt,44100,20.0,0.22200504278820019,0.9806786775588989,0.0,0.000105144819826819,0.21454013169945535,0.8866106867790222,0.0,12.32448837366251,0.01625,27,0.18698878442257785,0.19005582746130428,0.21571711467892105,0.06111674156154059,0,0.0,0.8866106867790222,False,0.0,both,4,14.893,0.0,0.011788813853231767,0.0052336810693102845,0.9882269060409979,1.1791554356213999e-08,13.389094141750093,,False,,0.6608695652173913,0.6956521739130435,0.04565217391304348,0.13804347826086957,0.8967391304347826,0.05543478260869565,0.9293478260869565,0.925,0.7516304347826087,0.6467391304347826,0.19510869565217392,0.14402173913043478,0.09891304347826087,0.3391304347826087,0.5292282608695652
221,2b3,221_2b3,Lr,mc,LittC2SE,221_2b3_Lr_mc_LittC2SE,/nas/home/pcallandrone/DeepLearning/dataset/ICBHI_2017/ICBHI_final_database/221_2b3_Lr_mc_LittC2SE.wav,/nas/home/pcallandrone/DeepLearning/dataset/ICBHI_2017/ICBHI_final_database/221_2b3_Lr_mc_LittC2SE.txt,44100,20.0,0.07612262403903235,0.4711156487464905,0.0,-5.6440301705151796e-05,0.07921474093616197,0.47108396887779236,0.0,15.485846370918043,0.026066666666666665,27,0.05498443813365906,0.06299601812738756,0.071952623578407,0.16818035624388455,0,0.0,0.47108396887779236,False,0.0,both,4,14.864,0.0,0.029626141705322902,0.020346158661184374,0.9704274315007287,8.48265585278896e-08,13.353194752310344,,False,,0.26413043478260867,0.29239130434782606,0.13260869565217392,0.3923913043478261,0.3032608695652174,0.14021739130434782,0.8728260869565218,0.5701086956521739,0.7516304347826087,0.6244565217391305,0.19510869565217392,0.14402173913043478,0.0967391304347826,0.7543478260869565,0.37089130434782613
221,2b3,221_2b3,Pr,mc,LittC2SE,221_2b3_Pr_mc_LittC2SE,/nas/home/pcallandrone/DeepLearning/dataset/ICBHI_2017/ICBHI_final_database/221_2b3_Pr_mc_LittC2SE.wav,/nas/home/pcallandrone/DeepLearning/dataset/ICBHI_2017/ICBHI_final_database/221_2b3_Pr_mc_LittC2SE.txt,44100,20.0,0.2868087621751571,1.0002931356430054,0.001600907029478458,-0.00029324216302484274,0.28232407199337445,1.001299500465393,0.0007,10.99632180140868,0.014466666666666666,27,0.19233734760285318,0.21273327826308477,0.2627875149460055,0.16590552725463395,0,0.00525,1.001299500465393,False,0.0,both,4,14.936,0.0,0.036536400924432035,0.028474887333041148,0.9634759545992175,3.613598395264506e-08,14.577757661177058,,False,,0.8032608695652174,0.7576086956521739,0.16956521739130434,0.49782608695652175,0.30978260869565216,0.17717391304347826,0.907608695652174,0.9684782608695652,0.3641304347826087,0.7358695652173913,0.19510869565217392,0.14402173913043478,0.12282608695652174,0.2141304347826087,0.5515489130434783
222,1b1,222_1b1,Ar,sc,Meditron,222_1b1_Ar_sc_Meditron,/nas/home/pcallandrone/DeepLearning/dataset/ICBHI_2017/ICBHI_final_database/222_1b1_Ar_sc_Meditron.wav,/nas/home/pcallandrone/DeepLearning/dataset/ICBHI_2017/ICBHI_final_database/222_1b1_Ar_sc_Meditron.txt,4000,74.45,0.33314581052668335,1.0088341236114502,0.027887844190732036,-0.0088646300137043,0.4027420130151063,1.0088341236114502,0.0343,7.975856543414787,0.012916666666666667,27,0.1731478198750104,0.19767952726885255,0.27167225688565066,0.4467558394219363,0,0.130375,1.0088341236114502,False,0.0,normal,2,7.1828,1.0,0.046041433433824726,0.016451610620605253,0.9551970471549789,1.5874523571316243e-05,11.571534660137873,,False,,0.9293478260869565,0.7217391304347827,0.20108695652173914,0.3239130434782609,0.029347826086956522,0.20108695652173914,0.15217391304347827,0.9918478260869565,0.06032608695652174,0.002173913043478261,0.005434782608695652,0.8347826086956521,0.0641304347826087,0.07173913043478261,0.4604130434782609
222,1b1,222_1b1,Lr,sc,Meditron,222_1b1_Lr_sc_Meditron,/nas/home/pcallandrone/DeepLearning/dataset/ICBHI_2017/ICBHI_final_database/222_1b1_Lr_sc_Meditron.wav,/nas/home/pcallandrone/DeepLearning/dataset/ICBHI_2017/ICBHI_final_database/222_1b1_Lr_sc_Meditron.txt,4000,69.45,0.2478744709559235,1.058742880821228,0.00425845932325414,0.058773357421159744,0.24052707476550264,1.058742880821228,0.00225,12.872530667416271,0.021,27,0.1535668898530439,0.17586017076177807,0.2024637842219329,0.2782177163703282,0,0.016875,1.058742880821228,False,0.0,crackles,5,11.8523,0.5132590298929323,0.01646849209136473,0.0009435924342347983,0.9908374036511716,1.1405715017383234e-07,6.822364494448863,,False,,0.7217391304347827,0.6608695652173913,0.07608695652173914,0.020652173913043477,0.12282608695652174,0.042391304347826085,0.8554347826086957,0.7614130434782609,0.2902173913043478,0.04565217391304348,0.4320652173913043,0.532608695652174,0.010869565217391304,0.41847826086956524,0.41557608695652176
222,1b1,222_1b1,Pr,sc,Meditron,222_1b1_Pr_sc_Meditron,/nas/home/pcallandrone/DeepLearning/dataset/ICBHI_2017/ICBHI_final_database/222_1b1_Pr_sc_Meditron.wav,/nas/home/pcallandrone/DeepLearning/dataset/ICBHI_2017/ICBHI_final_database/222_1b1_Pr_sc_Meditron.txt,4000,73.35,0.319524738216873,1.0204788446426392,0.018524199045671437,0.020509395748376846,0.26249903306301153,1.0204788446426392,0.00245,11.793525954332114,0.018533333333333332,27,0.16561664723719988,0.1751507189787848,0.2069792427079951,0.3374269149349508,0,0.018375,1.0204788446426392,False,0.0,normal,3,14.85803,1.0,0.014335830274923106,0.0009985448982580847,0.9864588274259783,3.474174510786059e-07,10.886056894387844,,False,,0.775,0.6597826086956522,0.06195652173913044,0.021739130434782608,0.08478260869565217,0.07065217391304347,0.7532608695652174,0.8532608695652174,0.2847826086956522,0.6184782608695653,0.043478260869565216,0.8347826086956521,0.051086956521739134,0.2728260869565217,0.46830434782608693
223,1b1,223_1b1,Al,sc,Meditron,223_1b1_Al_sc_Meditron,/nas/home/pcallandrone/DeepLearning/dataset/ICBHI_2017/ICBHI_final_database/223_1b1_Al_sc_Meditron.wav,/nas/home/pcallandrone/DeepLearning/dataset/ICBHI_2017/ICBHI_final_database/223_1b1_Al_sc_Meditron.txt,10000,33.9,0.2547922261738546,1.141237497329712,0.005660766961651917,-0.1412680596113205,0.21497166250011368,1.043139934539795,0.00015,13.71922712999897,0.019383333333333332,27,0.15889921316063532,0.18211577628852718,0.2124075342697776,0.1257183573096452,0,0.001125,1.043139934539795,False,0.0,normal,5,13.7424,1.0,0.0075170645108122575,0.0015230922775848759,0.9926226891654372,7.138876032863642e-07,7.637489203813238,,False,,0.6630434782608695,0.6815217391304348,0.025,0.03804347826086957,0.45760869565217394,0.02717391304347826,0.6706521739130434,0.8288043478260869,0.4320652173913043,0.24782608695652175,0.4320652173913043,0.8347826086956521,0.01956521739130435,0.5195652173913043,0.4728750000000001
223,1b1,223_1b1,Ar,sc,Meditron,223_1b1_Ar_sc_Meditron,/nas/home/pcallandrone/DeepLearning/dataset/ICBHI_2017/ICBHI_final_database/223_1b1_Ar_sc_Meditron.wav,/nas/home/pcallandrone/DeepLearning/dataset/ICBHI_2017/ICBHI_final_database/223_1b1_Ar_sc_Meditron.txt,10000,33.9,0.24669244037831453,1.117470383644104,0.0048525073746312685,-0.11750094592571259,0.24439285889052992,1.1177961826324463,0.0014666666666666667,13.205482203858626,0.01945,27,0.17307499618610372,0.1817551802027019,0.24054345455058074,0.1636911112662577,0,0.00625,1.1177961826324463,False,0.0,wheezes,5,13.7315,0.0,0.017845654230800232,0.0027876551421746683,0.9821927858215804,3.833731481565578e-07,12.162692157445273,,False,,0.7304347826086957,0.6804347826086956,0.08152173913043478,0.08369565217391305,0.3184782608695652,0.09565217391304348,0.7445652173913043,0.8239130434782609,0.32554347826086955,0.2358695652173913,0.4320652173913043,0.14402173913043478,0.07282608695652174,0.45869565217391306,0.4320760869565218
223,1b1,223_1b1,Ll,sc,Meditron,223_1b1_Ll_sc_Meditron,/nas/home/pcallandrone/DeepLearning/dataset/ICBHI_2017/ICBHI_final_database/223_1b1_Ll_sc_Meditron.wav,/nas/home/pcallandrone/DeepLearning/dataset/ICBHI_2017/ICBHI_final_database/223_1b1_Ll_sc_Meditron.txt,10000,33.2,0.24203775207680228,1.1900479793548584,0.005003012048192771,-0.19007854163646698,0.26717608240054525,1.3278967142105103,0.0019333333333333333,13.92733437205166,0.0249,27,0.13613640120951512,0.16799597168800848,0.23054437567873579,0.3723807477834437,0,0.0145,1.3278967142105103,False,0.0,crackles,5,12.8902,0.24551209445935684,0.013046140811431366,0.0026991535007972085,0.987026410261992,3.6928068586259117e-06,7.971941153505994,,False,,0.7793478260869565,0.6369565217391304,0.058695652173913045,0.07717391304347826,0.06195652173913044,0.06847826086956521,0.36195652173913045,0.6097826086956522,0.30217391304347824,0.07934782608695652,0.4320652173913043,0.42391304347826086,0.021739130434782608,0.5445652173913044,0.3731032608695652
223,1b1,223_1b1,Lr,sc,Meditron,223_1b1_Lr_sc_Meditron,/nas/home/pcallandrone/DeepLearning/dataset/ICBHI_2017/ICBHI_final_database/223_1b1_Lr_sc_Meditron.wav,/nas/home/pcallandrone/DeepLearning/dataset/ICBHI_2017/ICBHI_final_database/223_1b1_Lr_sc_Meditron.txt,10000,33.2,0.252532040122446,1.1629866361618042,0.006990963855421687,0.1630171239376068,0.27456428249589115,1.1637588739395142,0.0062,12.544379306917378,0.024716666666666668,27,0.15452696003238314,0.18660246574089903,0.22088325186191501,0.3110097402161738,0,0.0465,1.1637588739395142,False,0.0,crackles,5,12.7617,0.0,0.0029169281243374592,0.000292883957771088,0.9971002756085702,2.3599315996763872e-07,7.221671308913857,,False,,0.7891304347826087,0.6923913043478261,0.009782608695652175,0.003260869565217391,0.10434782608695652,0.009782608695652175,0.8,0.6217391304347826,0.20108695652173914,0.06956521739130435,0.4320652173913043,0.14402173913043478,0.016304347826086956,0.37282608695652175,0.37154891304347837
223,1b1,223_1b1,Pl,sc,Meditron,223_1b1_Pl_sc_Meditron,/nas/home/pcallandrone/DeepLearning/dataset/ICBHI_2017/ICBHI_final_database/223_1b1_Pl_sc_Meditron.wav,/nas/home/pcallandrone/DeepLearning/dataset/ICBHI_2017/ICBHI_final_database/223_1b1_Pl_sc_Meditron.txt,10000,32.9,0.2411457555966836,1.0609021186828613,0.00034042553191489364,0.060932692140340805,0.27004065296471863,1.0610744953155518,0.0011333333333333334,11.886334521176096,0.015733333333333332,27,0.20265019132385154,0.21929957580675066,0.26965719749933675,0.12629571843949164,0,0.0085,1.0610744953155518,False,0.0,normal,6,13.3391,1.0,0.007607288912053236,0.0017306586428265007,0.9924251451350856,2.5820672422148213e-07,6.70611245175202,,False,,0.783695652173913,0.775,0.02608695652173913,0.04782608695652174,0.4543478260869565,0.029347826086956522,0.7945652173913044,0.941304347826087,0.3402173913043478,0.1565217391304348,0.6375,0.8347826086956521,0.009782608695652175,0.2858695652173913,0.512820652173913
223,1b1,223_1b1,Pr,sc,Meditron,223_1b1_Pr_sc_Meditron,/nas/home/pcallandrone/DeepLearning/dataset/ICBHI_2017/ICBHI_final_database/223_1b1_Pr_sc_Meditron.wav,/nas/home/pcallandrone/DeepLearning/dataset/ICBHI_2017/ICBHI_final_database/223_1b1_Pr_sc_Meditron.txt,10000,32.9,0.2943575618529818,1.1197534799575806,0.01497872340425532,-0.11978404968976974,0.3422341816603904,1.1209697723388672,0.004816666666666667,10.305410355413134,0.0171,27,0.1667986337109785,0.2477093687190109,0.3471606572044349,0.2063431201217164,0,0.01475,1.1209697723388672,False,0.0,normal,5,11.9223,1.0,0.001530199101427924,0.0005678700632746942,0.9984714091172223,2.9437507494508942e-08,6.260004805453099,,False,,0.8728260869565218,0.825,0.004347826086956522,0.006521739130434782,0.21195652173913043,0.004347826086956522,0.9119565217391304,0.903804347826087,0.22391304347826088,0.04673913043478261,0.4320652173913043,0.8347826086956521,0.007608695652173913,0.17282608695652174,0.487608695652174
224,1b1,224_1b1,Tc,sc,Meditron,224_1b1_Tc_sc_Meditron,/nas/home/pcallandrone/DeepLearning/dataset/ICBHI_2017/ICBHI_final_database/224_1b1_Tc_sc_Meditron.wav,/nas/home/pcallandrone/DeepLearning/dataset/ICBHI_2017/ICBHI_final_database/224_1b1_Tc_sc_Meditron.txt,44100,20.0,0.08044563421121387,0.4569074511528015,0.0,-0.00033731560688465834,0.0827120783024133,0.45676666498184204,0.0,14.842509348421782,0.031216666666666667,27,0.07010053460427083,0.07293748803370717,0.08000712796736127,0.08072002958170517,0,0.0,0.45676666498184204,False,0.0,normal,5,14.963999999999999,1.0,0.07709293900919548,0.0012798611320146412,0.9229119998281998,1.0365225323807878e-07,16.771644445237833,,False,,0.28043478260869564,0.33260869565217394,0.3282608695652174,0.030434782608695653,0.7706521739130435,0.33369565217391306,0.8619565217391304,0.40054347826086956,0.7516304347826087,0.845108695652174,0.4320652173913043,0.8347826086956521,0.16630434782608697,0.6728260869565217,0.511608695652174
224,1b2,224_1b2,Al,sc,Meditron,224_1b2_Al_sc_Meditron,/nas/home/pcallandrone/DeepLearning/dataset/ICBHI_2017/ICBHI_final_database/224_1b2_Al_sc_Meditron.wav,/nas/home/pcallandrone/DeepLearning/dataset/ICBHI_2017/ICBHI_final_database/224_1b2_Al_sc_Meditron.txt,44100,20.0,0.05397915550591813,0.40067970752716064,0.0,-7.545160769950598e-05,0.054194539417227044,0.36416274309158325,0.0,16.546799625038997,0.029783333333333332,27,0.04394252050520263,0.04711480533637677,0.05295297460630925,0.08396494501820606,0,0.0,0.36416274309158325,False,0.0,normal,5,14.978,1.0,0.030003971607818314,0.0033836125065182707,0.9700591538633953,7.141190507468702e-07,20.43418754463231,,False,,0.16521739130434782,0.20434782608695654,0.1358695652173913,0.10108695652173913,0.7489130434782608,0.1423913043478261,0.6695652173913044,0.44021739130434784,0.7516304347826087,0.9304347826086956,0.4320652173913043,0.8347826086956521,0.23478260869565218,0.8630434782608696,0.4333586956521739
225,1b1,225_1b1,Pl,sc,Meditron,225_1b1_Pl_sc_Meditron,/nas/home/pcallandrone/DeepLearning/dataset/ICBHI_2017/ICBHI_final_database/225_1b1_Pl_sc_Meditron.wav,/nas/home/pcallandrone/DeepLearning/dataset/ICBHI_2017/ICBHI_final_database/225_1b1_Pl_sc_Meditron.txt,44100,20.0,0.05348601169312976,0.3660098612308502,0.0,4.848550815950148e-05,0.05277280852682238,0.26273223757743835,0.0,13.94206312231481,0.020583333333333332,27,0.03894872151145782,0.040047794633381255,0.04999559998846286,0.17843091521681903,0,0.0,0.26273223757743835,False,0.0,normal,10,14.964,1.0,0.03893270521501785,0.0037212612249744067,0.9612098455958592,1.1298977577347954e-06,15.426652457206286,,False,,0.1608695652173913,0.16195652173913044,0.175,0.10869565217391304,0.275,0.18043478260869567,0.591304347826087,0.7815217391304348,0.7516304347826087,0.871195652173913,0.9652173913043478,0.8347826086956521,0.14347826086956522,0.5467391304347826,0.40202173913043476
226,1b1,226_1b1,Al,sc,Meditron,226_1b1_Al_sc_Meditron,/nas/home/pcallandrone/DeepLearning/dataset/ICBHI_2017/ICBHI_final_database/226_1b1_Al_sc_Meditron.wav,/nas/home/pcallandrone/DeepLearning/dataset/ICBHI_2017/ICBHI_final_database/226_1b1_Al_sc_Meditron.txt,44100,20.0,0.04907484592029474,0.3214018940925598,0.0,-9.134002539212815e-06,0.049403845033809915,0.27140170335769653,0.0,14.797036347294108,0.0287,27,0.042357501910465147,0.045442439564464435,0.04982112530073568,0.05770119167051681,0,0.0,0.27140170335769653,False,0.0,crackles,8,14.978,0.7119108025103484,0.05761313127006343,0.016861617040171847,0.9425034373378238,4.546991343239355e-07,21.966533866290717,,False,,0.15,0.18695652173913044,0.24565217391304348,0.33152173913043476,0.925,0.24891304347826088,0.7282608695652174,0.47119565217391307,0.7516304347826087,0.9304347826086956,0.8864130434782609,0.5858695652173913,0.2782608695652174,0.6663043478260869,0.48598369565217403
226,1b1,226_1b1,Ll,sc,Meditron,226_1b1_Ll_sc_Meditron,/nas/home/pcallandrone/DeepLearning/dataset/ICBHI_2017/ICBHI_final_database/226_1b1_Ll_sc_Meditron.wav,/nas/home/pcallandrone/DeepLearning/dataset/ICBHI_2017/ICBHI_final_database/226_1b1_Ll_sc_Meditron.txt,44100,20.0,0.10614326574461687,0.4898403584957123,0.0,-0.00021634731092490256,0.10928919544909643,0.48962295055389404,0.0,13.025690749342271,0.021,27,0.08373819202649707,0.09149718795843284,0.10656655000584707,0.11497151952491658,0,0.0,0.48962295055389404,False,0.0,crackles,8,14.893,0.27623715839656215,0.032737644186984265,0.004281380946165425,0.9675547000853568,3.095903004560029e-08,14.68034126507737,,False,,0.38804347826086955,0.4076086956521739,0.15108695652173912,0.12065217391304348,0.5130434782608696,0.15760869565217392,0.9097826086956522,0.7614130434782609,0.7516304347826087,0.6467391304347826,0.8864130434782609,0.4391304347826087,0.12391304347826088,0.4369565217391304,0.4637336956521739
226,1b1,226_1b1,Pl,sc,LittC2SE,226_1b1_Pl_sc_LittC2SE,/nas/home/pcallandrone/DeepLearning/dataset/ICBHI_2017/ICBHI_final_database/226_1b1_Pl_sc_LittC2SE.wav,/nas/home/pcallandrone/DeepLearning/dataset/ICBHI_2017/ICBHI_final_database/226_1b1_Pl_sc_LittC2SE.txt,44100,20.0,0.06508051840669751,0.40013155341148376,0.0,0.00022856213035993278,0.061755155701618575,0.3999187648296356,0.0,16.22597121344353,0.024733333333333333,27,0.04989198631548402,0.05262013144506158,0.0576826770323539,0.09924201529718088,0,0.0,0.3999187648296356,False,0.0,crackles,8,14.964,0.4529537556802994,0.014686638271215677,0.007278845393255914,0.985375946649053,2.2390339476407106e-07,15.624374643184833,,False,,0.2,0.24130434782608695,0.06521739130434782,0.15978260869565217,0.6228260869565218,0.07391304347826087,0.8065217391304348,0.6206521739130435,0.7516304347826087,0.871195652173913,0.8864130434782609,0.508695652173913,0.14565217391304347,0.8326086956521739,0.4192880434782609
